Order	PID	MS SubClass	MS Zoning	Lot Frontage	Lot Area	Street	Alley	Lot Shape	Land Contour	Utilities	Lot Config	Land Slope	Neighborhood	Condition 1	Condition 2	Bldg Type	House Style	Overall Qual	Overall Cond	Year Built	Year Remod/Add	Roof Style	Roof Matl	Exterior 1st	Exterior 2nd	Mas Vnr Type	Mas Vnr Area	Exter Qual	Exter Cond	Foundation	Bsmt Qual	Bsmt Cond	Bsmt Exposure	BsmtFin Type 1	BsmtFin SF 1	BsmtFin Type 2	BsmtFin SF 2	Bsmt Unf SF	Total Bsmt SF	Heating	Heating QC	Central Air	Electrical	1st Flr SF	2nd Flr SF	Low Qual Fin SF	Gr Liv Area	Bsmt Full Bath	Bsmt Half Bath	Full Bath	Half Bath	Bedroom AbvGr	Kitchen AbvGr	Kitchen Qual	TotRms AbvGrd	Functional	Fireplaces	Fireplace Qu	Garage Type	Garage Yr Blt	Garage Finish	Garage Cars	Garage Area	Garage Qual	Garage Cond	Paved Drive	Wood Deck SF	Open Porch SF	Enclosed Porch	3Ssn Porch	Screen Porch	Pool Area	Pool QC	Fence	Misc Feature	Misc Val	Mo Sold	Yr Sold	Sale Type	Sale Condition	SalePrice
1	0526301100	020	RL	141	31770	Pave	NA	IR1	Lvl	AllPub	Corner	Gtl	NAmes	Norm	Norm	1Fam	1Story	6	5	1960	1960	Hip	CompShg	BrkFace	Plywood	Stone	112	TA	TA	CBlock	TA	Gd	Gd	BLQ	639	Unf	0	441	1080	GasA	Fa	Y	SBrkr	1656	0	0	1656	1	0	1	0	3	1	TA	7	Typ	2	Gd	Attchd	1960	Fin	2	528	TA	TA	P	210	62	0	0	0	0	NA	NA	NA	0	5	2010	WD 	Normal	215000
2	0526350040	020	RH	80	11622	Pave	NA	Reg	Lvl	AllPub	Inside	Gtl	NAmes	Feedr	Norm	1Fam	1Story	5	6	1961	1961	Gable	CompShg	VinylSd	VinylSd	None	0	TA	TA	CBlock	TA	TA	No	Rec	468	LwQ	144	270	882	GasA	TA	Y	SBrkr	896	0	0	896	0	0	1	0	2	1	TA	5	Typ	0	NA	Attchd	1961	Unf	1	730	TA	TA	Y	140	0	0	0	120	0	NA	MnPrv	NA	0	6	2010	WD 	Normal	105000
3	0526351010	020	RL	81	14267	Pave	NA	IR1	Lvl	AllPub	Corner	Gtl	NAmes	Norm	Norm	1Fam	1Story	6	6	1958	1958	Hip	CompShg	Wd Sdng	Wd Sdng	BrkFace	108	TA	TA	CBlock	TA	TA	No	ALQ	923	Unf	0	406	1329	GasA	TA	Y	SBrkr	1329	0	0	1329	0	0	1	1	3	1	Gd	6	Typ	0	NA	Attchd	1958	Unf	1	312	TA	TA	Y	393	36	0	0	0	0	NA	NA	Gar2	12500	6	2010	WD 	Normal	172000
4	0526353030	020	RL	93	11160	Pave	NA	Reg	Lvl	AllPub	Corner	Gtl	NAmes	Norm	Norm	1Fam	1Story	7	5	1968	1968	Hip	CompShg	BrkFace	BrkFace	None	0	Gd	TA	CBlock	TA	TA	No	ALQ	1065	Unf	0	1045	2110	GasA	Ex	Y	SBrkr	2110	0	0	2110	1	0	2	1	3	1	Ex	8	Typ	2	TA	Attchd	1968	Fin	2	522	TA	TA	Y	0	0	0	0	0	0	NA	NA	NA	0	4	2010	WD 	Normal	244000
5	0527105010	060	RL	74	13830	Pave	NA	IR1	Lvl	AllPub	Inside	Gtl	Gilbert	Norm	Norm	1Fam	2Story	5	5	1997	1998	Gable	CompShg	VinylSd	VinylSd	None	0	TA	TA	PConc	Gd	TA	No	GLQ	791	Unf	0	137	928	GasA	Gd	Y	SBrkr	928	701	0	1629	0	0	2	1	3	1	TA	6	Typ	1	TA	Attchd	1997	Fin	2	482	TA	TA	Y	212	34	0	0	0	0	NA	MnPrv	NA	0	3	2010	WD 	Normal	189900
6	0527105030	060	RL	78	9978	Pave	NA	IR1	Lvl	AllPub	Inside	Gtl	Gilbert	Norm	Norm	1Fam	2Story	6	6	1998	1998	Gable	CompShg	VinylSd	VinylSd	BrkFace	20	TA	TA	PConc	TA	TA	No	GLQ	602	Unf	0	324	926	GasA	Ex	Y	SBrkr	926	678	0	1604	0	0	2	1	3	1	Gd	7	Typ	1	Gd	Attchd	1998	Fin	2	470	TA	TA	Y	360	36	0	0	0	0	NA	NA	NA	0	6	2010	WD 	Normal	195500
7	0527127150	120	RL	41	4920	Pave	NA	Reg	Lvl	AllPub	Inside	Gtl	StoneBr	Norm	Norm	TwnhsE	1Story	8	5	2001	2001	Gable	CompShg	CemntBd	CmentBd	None	0	Gd	TA	PConc	Gd	TA	Mn	GLQ	616	Unf	0	722	1338	GasA	Ex	Y	SBrkr	1338	0	0	1338	1	0	2	0	2	1	Gd	6	Typ	0	NA	Attchd	2001	Fin	2	582	TA	TA	Y	0	0	170	0	0	0	NA	NA	NA	0	4	2010	WD 	Normal	213500
8	0527145080	120	RL	43	5005	Pave	NA	IR1	HLS	AllPub	Inside	Gtl	StoneBr	Norm	Norm	TwnhsE	1Story	8	5	1992	1992	Gable	CompShg	HdBoard	HdBoard	None	0	Gd	TA	PConc	Gd	TA	No	ALQ	263	Unf	0	1017	1280	GasA	Ex	Y	SBrkr	1280	0	0	1280	0	0	2	0	2	1	Gd	5	Typ	0	NA	Attchd	1992	RFn	2	506	TA	TA	Y	0	82	0	0	144	0	NA	NA	NA	0	1	2010	WD 	Normal	191500
9	0527146030	120	RL	39	5389	Pave	NA	IR1	Lvl	AllPub	Inside	Gtl	StoneBr	Norm	Norm	TwnhsE	1Story	8	5	1995	1996	Gable	CompShg	CemntBd	CmentBd	None	0	Gd	TA	PConc	Gd	TA	No	GLQ	1180	Unf	0	415	1595	GasA	Ex	Y	SBrkr	1616	0	0	1616	1	0	2	0	2	1	Gd	5	Typ	1	TA	Attchd	1995	RFn	2	608	TA	TA	Y	237	152	0	0	0	0	NA	NA	NA	0	3	2010	WD 	Normal	236500
10	0527162130	060	RL	60	7500	Pave	NA	Reg	Lvl	AllPub	Inside	Gtl	Gilbert	Norm	Norm	1Fam	2Story	7	5	1999	1999	Gable	CompShg	VinylSd	VinylSd	None	0	TA	TA	PConc	TA	TA	No	Unf	0	Unf	0	994	994	GasA	Gd	Y	SBrkr	1028	776	0	1804	0	0	2	1	3	1	Gd	7	Typ	1	TA	Attchd	1999	Fin	2	442	TA	TA	Y	140	60	0	0	0	0	NA	NA	NA	0	6	2010	WD 	Normal	189000
11	0527163010	060	RL	75	10000	Pave	NA	IR1	Lvl	AllPub	Corner	Gtl	Gilbert	Norm	Norm	1Fam	2Story	6	5	1993	1994	Gable	CompShg	HdBoard	HdBoard	None	0	TA	TA	PConc	Gd	TA	No	Unf	0	Unf	0	763	763	GasA	Gd	Y	SBrkr	763	892	0	1655	0	0	2	1	3	1	TA	7	Typ	1	TA	Attchd	1993	Fin	2	440	TA	TA	Y	157	84	0	0	0	0	NA	NA	NA	0	4	2010	WD 	Normal	175900
12	0527165230	020	RL		7980	Pave	NA	IR1	Lvl	AllPub	Inside	Gtl	Gilbert	Norm	Norm	1Fam	1Story	6	7	1992	2007	Gable	CompShg	HdBoard	HdBoard	None	0	TA	Gd	PConc	Gd	TA	No	ALQ	935	Unf	0	233	1168	GasA	Ex	Y	SBrkr	1187	0	0	1187	1	0	2	0	3	1	TA	6	Typ	0	NA	Attchd	1992	Fin	2	420	TA	TA	Y	483	21	0	0	0	0	NA	GdPrv	Shed	500	3	2010	WD 	Normal	185000
13	0527166040	060	RL	63	8402	Pave	NA	IR1	Lvl	AllPub	Inside	Gtl	Gilbert	Norm	Norm	1Fam	2Story	6	5	1998	1998	Gable	CompShg	VinylSd	VinylSd	None	0	TA	TA	PConc	Gd	TA	No	Unf	0	Unf	0	789	789	GasA	Gd	Y	SBrkr	789	676	0	1465	0	0	2	1	3	1	TA	7	Typ	1	Gd	Attchd	1998	Fin	2	393	TA	TA	Y	0	75	0	0	0	0	NA	NA	NA	0	5	2010	WD 	Normal	180400
14	0527180040	020	RL	85	10176	Pave	NA	Reg	Lvl	AllPub	Inside	Gtl	Gilbert	Norm	Norm	1Fam	1Story	7	5	1990	1990	Gable	CompShg	HdBoard	HdBoard	None	0	TA	TA	PConc	Gd	TA	Gd	GLQ	637	Unf	0	663	1300	GasA	Gd	Y	SBrkr	1341	0	0	1341	1	0	1	1	2	1	Gd	5	Typ	1	Po	Attchd	1990	Unf	2	506	TA	TA	Y	192	0	0	0	0	0	NA	NA	NA	0	2	2010	WD 	Normal	171500
15	0527182190	120	RL		6820	Pave	NA	IR1	Lvl	AllPub	Corner	Gtl	StoneBr	Norm	Norm	TwnhsE	1Story	8	5	1985	1985	Gable	CompShg	HdBoard	HdBoard	None	0	Gd	TA	PConc	Gd	TA	Av	GLQ	368	BLQ	1120	0	1488	GasA	TA	Y	SBrkr	1502	0	0	1502	1	0	1	1	1	1	Gd	4	Typ	0	NA	Attchd	1985	RFn	2	528	TA	TA	Y	0	54	0	0	140	0	NA	NA	NA	0	6	2010	WD 	Normal	212000
16	0527216070	060	RL	47	53504	Pave	NA	IR2	HLS	AllPub	CulDSac	Mod	StoneBr	Norm	Norm	1Fam	2Story	8	5	2003	2003	Hip	CompShg	CemntBd	Wd Shng	BrkFace	603	Ex	TA	PConc	Gd	TA	Gd	ALQ	1416	Unf	0	234	1650	GasA	Ex	Y	SBrkr	1690	1589	0	3279	1	0	3	1	4	1	Ex	12	Mod	1	Gd	BuiltIn	2003	Fin	3	841	TA	TA	Y	503	36	0	0	210	0	NA	NA	NA	0	6	2010	WD 	Normal	538000
17	0527225035	050	RL	152	12134	Pave	NA	IR1	Bnk	AllPub	Inside	Mod	Gilbert	Norm	Norm	1Fam	1.5Fin	8	7	1988	2005	Gable	CompShg	Wd Sdng	Wd Sdng	None	0	Gd	TA	Wood	Gd	TA	Av	GLQ	427	Unf	0	132	559	GasA	Gd	Y	SBrkr	1080	672	0	1752	0	0	2	0	4	1	TA	8	Typ	0	NA	Basment	1988	RFn	2	492	TA	TA	Y	325	12	0	0	0	0	NA	NA	NA	0	6	2010	WD 	Normal	164000
18	0527258010	020	RL	88	11394	Pave	NA	Reg	Lvl	AllPub	Corner	Gtl	StoneBr	Norm	Norm	1Fam	1Story	9	2	2010	2010	Hip	CompShg	VinylSd	VinylSd	Stone	350	Gd	TA	PConc	Ex	TA	Av	GLQ	1445	Unf	0	411	1856	GasA	Ex	Y	SBrkr	1856	0	0	1856	1	0	1	1	1	1	Ex	8	Typ	1	Ex	Attchd	2010	Fin	3	834	TA	TA	Y	113	0	0	0	0	0	NA	NA	NA	0	6	2010	New	Partial	394432
19	0527276150	020	RL	140	19138	Pave	NA	Reg	Lvl	AllPub	Corner	Gtl	Gilbert	Norm	Norm	1Fam	1Story	4	5	1951	1951	Gable	CompShg	VinylSd	VinylSd	None	0	TA	TA	CBlock	TA	TA	No	LwQ	120	Unf	0	744	864	GasA	Ex	Y	SBrkr	864	0	0	864	0	0	1	0	2	1	TA	4	Typ	0	NA	Detchd	1951	Unf	2	400	TA	TA	Y	0	0	0	0	0	0	NA	NA	NA	0	6	2010	WD 	Normal	141000
20	0527302110	020	RL	85	13175	Pave	NA	Reg	Lvl	AllPub	Inside	Gtl	NWAmes	Norm	Norm	1Fam	1Story	6	6	1978	1988	Gable	CompShg	Plywood	Plywood	Stone	119	TA	TA	CBlock	Gd	TA	No	ALQ	790	Rec	163	589	1542	GasA	TA	Y	SBrkr	2073	0	0	2073	1	0	2	0	3	1	TA	7	Min1	2	TA	Attchd	1978	Unf	2	500	TA	TA	Y	349	0	0	0	0	0	NA	MnPrv	NA	0	2	2010	WD 	Normal	210000
21	0527358140	020	RL	105	11751	Pave	NA	IR1	Lvl	AllPub	Inside	Gtl	NWAmes	Norm	Norm	1Fam	1Story	6	6	1977	1977	Hip	CompShg	Plywood	Plywood	BrkFace	480	TA	TA	CBlock	Gd	TA	No	BLQ	705	Unf	0	1139	1844	GasA	Ex	Y	SBrkr	1844	0	0	1844	0	0	2	0	3	1	TA	7	Typ	1	TA	Attchd	1977	RFn	2	546	TA	TA	Y	0	122	0	0	0	0	NA	MnPrv	NA	0	1	2010	COD	Normal	190000
22	0527358200	085	RL	85	10625	Pave	NA	Reg	Lvl	AllPub	Inside	Gtl	NWAmes	Norm	Norm	1Fam	SFoyer	7	6	1974	1974	Gable	CompShg	Plywood	Plywood	BrkFace	81	TA	TA	CBlock	Gd	TA	Gd	GLQ	885	LwQ	168	0	1053	GasA	TA	Y	SBrkr	1173	0	0	1173	1	0	2	0	3	1	Gd	6	Typ	2	TA	Attchd	1974	RFn	2	528	TA	TA	Y	0	120	0	0	0	0	NA	MnPrv	NA	0	1	2010	WD 	Family	170000
23	0527368020	060	FV		7500	Pave	NA	Reg	Lvl	AllPub	Inside	Gtl	Somerst	Norm	Norm	1Fam	2Story	7	5	2000	2000	Gable	CompShg	VinylSd	VinylSd	None	0	Gd	TA	PConc	Gd	TA	No	GLQ	533	Unf	0	281	814	GasA	Ex	Y	SBrkr	814	860	0	1674	1	0	2	1	3	1	Gd	7	Typ	0	NA	Attchd	2000	RFn	2	663	TA	TA	Y	0	96	0	0	0	0	NA	NA	NA	0	1	2010	WD 	Normal	216000
24	0527402200	020	RL		11241	Pave	NA	IR1	Lvl	AllPub	CulDSac	Gtl	NAmes	Norm	Norm	1Fam	1Story	6	7	1970	1970	Gable	CompShg	Wd Sdng	Wd Sdng	BrkFace	180	TA	TA	CBlock	TA	TA	No	ALQ	578	Unf	0	426	1004	GasA	Ex	Y	SBrkr	1004	0	0	1004	1	0	1	0	2	1	TA	5	Typ	1	TA	Attchd	1970	Fin	2	480	TA	TA	Y	0	0	0	0	0	0	NA	NA	Shed	700	3	2010	WD 	Normal	149000
25	0527402250	020	RL		12537	Pave	NA	IR1	Lvl	AllPub	CulDSac	Gtl	NAmes	Norm	Norm	1Fam	1Story	5	6	1971	2008	Gable	CompShg	VinylSd	VinylSd	None	0	TA	TA	CBlock	TA	TA	No	GLQ	734	Unf	0	344	1078	GasA	Ex	Y	SBrkr	1078	0	0	1078	1	0	1	1	3	1	TA	6	Typ	1	Fa	Attchd	1971	Fin	2	500	TA	TA	Y	0	0	0	0	0	0	NA	NA	NA	0	4	2010	WD 	Normal	149900
26	0527403020	020	RL	65	8450	Pave	NA	Reg	Lvl	AllPub	Inside	Gtl	NAmes	Norm	Norm	1Fam	1Story	5	6	1968	1968	Gable	CompShg	VinylSd	VinylSd	None	0	TA	TA	CBlock	TA	TA	No	BLQ	775	Unf	0	281	1056	GasA	Ex	Y	SBrkr	1056	0	0	1056	1	0	1	0	3	1	TA	6	Typ	1	Fa	Attchd	1968	Unf	1	304	TA	TA	Y	0	85	184	0	0	0	NA	NA	NA	0	7	2010	WD 	Normal	142000
27	0527404120	020	RL	70	8400	Pave	NA	Reg	Lvl	AllPub	Corner	Gtl	NAmes	Norm	Norm	1Fam	1Story	4	5	1970	1970	Gable	CompShg	Plywood	Plywood	None	0	TA	TA	CBlock	TA	TA	No	ALQ	804	Rec	78	0	882	GasA	TA	Y	SBrkr	882	0	0	882	1	0	1	0	2	1	TA	4	Typ	0	NA	Attchd	1970	Fin	2	525	TA	TA	Y	240	0	0	0	0	0	NA	MnPrv	NA	0	4	2010	WD 	Normal	126000
28	0527425090	020	RL	70	10500	Pave	NA	Reg	Lvl	AllPub	FR2	Gtl	NAmes	Norm	Norm	1Fam	1Story	4	5	1971	1971	Gable	CompShg	HdBoard	HdBoard	None	0	TA	TA	CBlock	TA	TA	No	ALQ	432	Unf	0	432	864	GasA	TA	Y	SBrkr	864	0	0	864	0	0	1	0	3	1	TA	5	Typ	1	Po	NA		NA	0	0	NA	NA	Y	0	0	0	0	0	0	NA	NA	NA	0	4	2010	ConLI	Normal	115000
29	0527427230	120	RH	26	5858	Pave	NA	IR1	Lvl	AllPub	FR2	Gtl	NAmes	Norm	Norm	TwnhsE	1Story	7	5	1999	1999	Gable	CompShg	MetalSd	MetalSd	None	0	Gd	TA	PConc	Gd	TA	No	GLQ	1051	BLQ	0	354	1405	GasA	Ex	Y	SBrkr	1337	0	0	1337	1	0	2	0	2	1	Gd	5	Typ	1	Fa	Attchd	1999	Fin	2	511	TA	TA	Y	203	68	0	0	0	0	NA	NA	NA	0	6	2010	WD 	Normal	184000
30	0527451180	160	RM	21	1680	Pave	NA	Reg	Lvl	AllPub	Inside	Gtl	BrDale	Norm	Norm	Twnhs	2Story	6	5	1971	1971	Gable	CompShg	HdBoard	HdBoard	BrkFace	504	TA	TA	CBlock	TA	TA	No	Rec	156	Unf	0	327	483	GasA	TA	Y	SBrkr	483	504	0	987	0	0	1	1	2	1	TA	5	Typ	0	NA	Detchd	1971	Unf	1	264	TA	TA	Y	275	0	0	0	0	0	NA	NA	NA	0	2	2010	COD	Normal	96000
31	0527451330	160	RM	21	1680	Pave	NA	Reg	Lvl	AllPub	Inside	Gtl	BrDale	Norm	Norm	Twnhs	2Story	5	5	1971	1971	Gable	CompShg	HdBoard	HdBoard	BrkFace	492	TA	TA	CBlock	TA	TA	No	Rec	300	Unf	0	225	525	GasA	TA	Y	SBrkr	525	567	0	1092	0	0	1	1	3	1	TA	6	Typ	0	NA	Detchd	1997	Unf	1	320	TA	TA	Y	0	0	0	0	0	0	NA	NA	NA	0	3	2010	WD 	Normal	105500
32	0527451410	160	RM	21	1680	Pave	NA	Reg	Lvl	AllPub	Inside	Gtl	BrDale	Norm	Norm	Twnhs	2Story	6	5	1971	1971	Gable	CompShg	HdBoard	ImStucc	BrkFace	381	TA	TA	CBlock	TA	TA	No	Unf	0	Unf	0	525	525	GasA	TA	Y	SBrkr	525	567	0	1092	0	0	1	1	3	1	TA	6	Typ	0	NA	Detchd	1971	Unf	1	264	TA	TA	Y	0	0	0	0	0	0	NA	NA	NA	0	3	2010	WD 	Family	88000
33	0527452190	120	RL	53	4043	Pave	NA	Reg	Lvl	AllPub	Inside	Gtl	NPkVill	Norm	Norm	TwnhsE	1Story	6	5	1977	1977	Gable	CompShg	Plywood	Plywood	None	0	TA	TA	CBlock	Gd	TA	No	ALQ	360	Unf	0	709	1069	GasA	TA	Y	SBrkr	1069	0	0	1069	0	0	2	0	2	1	TA	4	Typ	1	Fa	Attchd	1977	RFn	2	440	TA	TA	Y	0	55	0	0	165	0	NA	NA	NA	0	7	2010	WD 	Normal	127500
34	0527453130	160	RL	24	2280	Pave	NA	Reg	Lvl	AllPub	FR2	Gtl	NPkVill	Norm	Norm	Twnhs	2Story	6	6	1975	1975	Gable	CompShg	Plywood	Brk Cmn	None	0	TA	TA	CBlock	TA	TA	No	ALQ	514	Unf	0	341	855	GasA	TA	Y	SBrkr	855	601	0	1456	0	0	2	1	3	1	Gd	6	Typ	1	TA	Attchd	1975	Unf	2	440	TA	TA	Y	173	0	0	0	0	0	NA	NA	NA	0	6	2010	WD 	Normal	149900
35	0527453150	120	RL	24	2280	Pave	NA	Reg	Lvl	AllPub	FR2	Gtl	NPkVill	Norm	Norm	Twnhs	1Story	7	6	1975	1975	Gable	CompShg	Plywood	Brk Cmn	None	0	TA	TA	CBlock	Gd	TA	No	Unf	0	Unf	0	836	836	GasA	Ex	Y	SBrkr	836	0	0	836	0	0	1	0	2	1	TA	4	Typ	0	NA	Attchd	1975	Unf	1	308	TA	TA	Y	0	30	0	0	0	0	NA	NA	NA	0	6	2010	WD 	Normal	120000
36	0527454200	160	RL	24	2280	Pave	NA	Reg	Lvl	AllPub	Inside	Gtl	NPkVill	Norm	Norm	Twnhs	2Story	6	5	1978	1978	Gable	CompShg	Plywood	Brk Cmn	None	0	TA	TA	CBlock	Gd	TA	No	ALQ	311	Unf	0	544	855	GasA	Fa	Y	SBrkr	855	601	0	1456	0	0	2	1	3	1	TA	7	Typ	1	TA	Attchd	1978	Unf	2	440	TA	TA	Y	26	0	0	0	0	0	NA	NA	NA	0	7	2010	WD 	Normal	146000
37	0528108120	060	RL	102	12858	Pave	NA	IR1	Lvl	AllPub	Inside	Gtl	NridgHt	Norm	Norm	1Fam	2Story	9	5	2009	2010	Gable	CompShg	VinylSd	VinylSd	Stone	162	Ex	TA	PConc	Ex	TA	No	Unf	0	Unf	0	1590	1590	GasA	Ex	Y	SBrkr	1627	707	0	2334	0	0	2	1	3	1	Ex	10	Typ	1	Gd	Attchd	2009	Fin	3	751	TA	TA	Y	144	133	0	0	0	0	NA	NA	NA	0	1	2010	New	Partial	376162
38	0528112020	020	RL	98	11478	Pave	NA	Reg	Lvl	AllPub	Inside	Gtl	NridgHt	Norm	Norm	1Fam	1Story	8	5	2007	2008	Gable	CompShg	VinylSd	VinylSd	Stone	200	Gd	TA	PConc	Ex	TA	No	GLQ	1218	Unf	0	486	1704	GasA	Ex	Y	SBrkr	1704	0	0	1704	1	0	2	0	3	1	Gd	7	Typ	1	Gd	Attchd	2008	RFn	3	772	TA	TA	Y	0	50	0	0	0	0	NA	NA	NA	0	5	2010	WD 	Normal	306000
39	0528120060	020	RL	83	10159	Pave	NA	IR1	Lvl	AllPub	Inside	Gtl	NridgHt	Norm	Norm	1Fam	1Story	9	5	2009	2010	Hip	CompShg	VinylSd	VinylSd	Stone	450	Ex	TA	PConc	Ex	TA	Av	GLQ	1646	Unf	0	284	1930	GasA	Ex	Y	SBrkr	1940	0	0	1940	1	0	2	1	3	1	Ex	8	Typ	1	Gd	Attchd	2010	Fin	3	606	TA	TA	Y	168	95	0	0	0	0	NA	NA	NA	0	4	2010	New	Partial	395192
40	0528120090	020	RL	94	12883	Pave	NA	IR1	Lvl	AllPub	Corner	Gtl	NridgHt	Norm	Norm	1Fam	1Story	8	5	2009	2010	Gable	CompShg	VinylSd	VinylSd	Stone	256	Gd	TA	PConc	Gd	TA	No	Unf	0	Unf	0	1544	1544	GasA	Ex	Y	SBrkr	1544	0	0	1544	0	0	2	0	3	1	Gd	7	Typ	0	NA	Attchd	2009	RFn	3	868	TA	TA	Y	0	35	0	0	0	0	NA	NA	NA	0	6	2010	New	Partial	290941
41	0528120100	020	RL	95	12182	Pave	NA	Reg	Lvl	AllPub	Corner	Gtl	NridgHt	Norm	Norm	1Fam	1Story	7	5	2005	2005	Gable	CompShg	VinylSd	VinylSd	BrkFace	226	Gd	TA	PConc	Gd	TA	Mn	BLQ	1201	Unf	0	340	1541	GasA	Ex	Y	SBrkr	1541	0	0	1541	0	0	2	0	3	1	Gd	7	Typ	1	Gd	Attchd	2005	RFn	2	532	TA	TA	Y	0	70	0	0	0	0	NA	NA	NA	0	5	2010	New	Partial	220000
42	0528120120	020	RL	90	11520	Pave	NA	Reg	Lvl	AllPub	Inside	Gtl	NridgHt	PosN	Norm	1Fam	1Story	9	5	2005	2005	Hip	CompShg	VinylSd	VinylSd	BrkFace	615	Gd	TA	PConc	Ex	TA	No	GLQ	110	Unf	0	1588	1698	GasA	Ex	Y	SBrkr	1698	0	0	1698	0	0	2	0	3	1	Ex	7	Typ	1	Gd	Attchd	2005	Fin	3	730	TA	TA	Y	192	74	0	0	0	0	NA	NA	NA	0	6	2010	WD 	Normal	275000
43	0528138020	020	RL	79	14122	Pave	NA	IR1	Lvl	AllPub	Inside	Gtl	NridgHt	Norm	Norm	1Fam	1Story	8	5	2005	2006	Hip	CompShg	CemntBd	CmentBd	BrkFace	240	Gd	TA	PConc	Ex	TA	No	GLQ	28	Unf	0	1794	1822	GasA	Ex	Y	SBrkr	1822	0	0	1822	0	0	2	0	3	1	Ex	8	Typ	1	Gd	Attchd	2005	RFn	3	678	TA	TA	Y	0	119	0	0	0	0	NA	NA	NA	0	2	2010	WD 	Normal	259000
44	0528138060	020	RL	70	10171	Pave	NA	IR1	Lvl	AllPub	Inside	Gtl	NridgHt	Norm	Norm	1Fam	1Story	7	5	2004	2004	Gable	CompShg	VinylSd	VinylSd	BrkFace	168	Gd	TA	PConc	Gd	TA	No	GLQ	2	Unf	0	1515	1517	GasA	Ex	Y	SBrkr	1535	0	0	1535	0	0	2	0	3	1	Gd	7	Typ	0	NA	Attchd	2004	RFn	2	532	TA	TA	Y	0	0	0	0	0	0	NA	NA	NA	0	3	2010	WD 	Normal	214000
45	0528150070	020	RL	100	12919	Pave	NA	IR1	Lvl	AllPub	Inside	Gtl	NridgHt	Norm	Norm	1Fam	1Story	9	5	2009	2010	Hip	CompShg	VinylSd	VinylSd	Stone	760	Ex	TA	PConc	Ex	TA	Gd	GLQ	2188	Unf	0	142	2330	GasA	Ex	Y	SBrkr	2364	0	0	2364	1	0	2	1	2	1	Ex	11	Typ	2	Gd	Attchd	2009	Fin	3	820	TA	TA	Y	0	67	0	0	0	0	NA	NA	NA	0	3	2010	New	Partial	611657
46	0528175010	120	RL	44	6371	Pave	NA	IR1	Lvl	AllPub	Inside	Gtl	NridgHt	Norm	Norm	TwnhsE	1Story	7	5	2009	2010	Gable	CompShg	VinylSd	VinylSd	Stone	128	Gd	TA	PConc	Gd	TA	Mn	GLQ	733	Unf	0	625	1358	GasA	Ex	Y	SBrkr	1358	0	0	1358	1	0	2	0	2	1	Gd	6	Typ	1	Gd	Attchd	2010	RFn	2	484	TA	TA	Y	192	35	0	0	0	0	NA	NA	NA	0	6	2010	New	Partial	224000
47	0528176010	020	RL	110	14300	Pave	NA	Reg	HLS	AllPub	Inside	Mod	NridgHt	Norm	Norm	1Fam	1Story	9	5	2003	2004	Hip	CompShg	VinylSd	VinylSd	BrkFace	1095	Ex	TA	PConc	Ex	TA	Gd	GLQ	1373	Unf	0	1473	2846	GasA	Ex	Y	SBrkr	2696	0	0	2696	1	0	2	1	3	1	Ex	10	Typ	2	Gd	Attchd	2003	Fin	3	958	TA	TA	Y	220	150	0	0	0	0	NA	NA	NA	0	6	2010	WD 	Normal	500000
48	0528176070	060	RL	105	13650	Pave	NA	Reg	Lvl	AllPub	Corner	Gtl	NridgHt	Norm	Norm	1Fam	2Story	8	5	2002	2002	Gable	CompShg	VinylSd	VinylSd	BrkFace	232	Gd	TA	PConc	Gd	TA	Gd	GLQ	578	Unf	0	1093	1671	GasA	Ex	Y	SBrkr	1687	563	0	2250	1	0	2	1	3	1	Gd	7	Typ	1	Ex	Attchd	2002	Fin	3	756	TA	TA	Y	238	130	0	0	0	0	NA	NA	NA	0	6	2010	WD 	Normal	320000
49	0528180070	120	RL	61	7658	Pave	NA	Reg	Lvl	AllPub	Inside	Gtl	NridgHt	Norm	Norm	TwnhsE	1Story	9	5	2005	2005	Hip	CompShg	MetalSd	MetalSd	BrkFace	412	Ex	TA	PConc	Ex	TA	No	GLQ	456	Unf	0	1296	1752	GasA	Ex	Y	SBrkr	1752	0	0	1752	1	0	2	0	2	1	Ex	6	Typ	1	Gd	Attchd	2005	RFn	2	576	TA	TA	Y	196	82	0	0	0	0	NA	NA	NA	0	2	2010	WD 	Normal	319900
50	0528181050	120	RL	41	7132	Pave	NA	IR1	Lvl	AllPub	Inside	Gtl	NridgHt	Norm	Norm	TwnhsE	1Story	8	5	2006	2006	Gable	CompShg	VinylSd	VinylSd	Stone	178	Gd	TA	PConc	Gd	TA	Mn	GLQ	24	Unf	0	1346	1370	GasA	Ex	Y	SBrkr	1370	0	0	1370	0	0	2	0	2	1	Gd	6	Typ	1	Gd	Attchd	2006	RFn	2	484	TA	TA	Y	120	49	0	0	0	0	NA	NA	NA	0	4	2010	WD 	Normal	205000
51	0528188120	160	RL	36	2628	Pave	NA	Reg	Lvl	AllPub	Inside	Gtl	NridgHt	Norm	Norm	Twnhs	2Story	7	5	2003	2003	Gable	CompShg	VinylSd	Wd Shng	Stone	106	Gd	TA	PConc	Gd	TA	No	Unf	0	Unf	0	764	764	GasA	Ex	Y	SBrkr	764	862	0	1626	0	0	2	1	2	1	Gd	6	Typ	0	NA	BuiltIn	2003	RFn	2	474	TA	TA	Y	0	27	0	0	0	0	NA	NA	NA	0	6	2010	WD 	Normal	175500
52	0528218150	020	RL	100	18494	Pave	NA	IR1	Lvl	AllPub	Corner	Gtl	Gilbert	Norm	Norm	1Fam	1Story	6	5	2005	2005	Gable	CompShg	VinylSd	VinylSd	None	0	Gd	TA	PConc	Gd	TA	No	Unf	0	Unf	0	1324	1324	GasA	Ex	Y	SBrkr	1324	0	0	1324	0	0	2	0	3	1	Gd	6	Typ	0	NA	Attchd	2005	Fin	2	430	TA	TA	Y	36	23	0	0	0	0	NA	NA	NA	0	1	2010	WD 	Normal	199500
53	0528228285	120	RL	43	3203	Pave	NA	Reg	Lvl	AllPub	Inside	Gtl	Blmngtn	Norm	Norm	TwnhsE	1Story	7	5	2006	2006	Gable	CompShg	VinylSd	VinylSd	BrkFace	14	Gd	TA	PConc	Gd	TA	Av	GLQ	16	Unf	0	1129	1145	GasA	Ex	Y	SBrkr	1145	0	0	1145	0	0	2	0	2	1	Gd	6	Typ	0	NA	Attchd	2006	Fin	2	437	TA	TA	Y	100	116	0	0	0	0	NA	NA	NA	0	1	2010	WD 	Normal	160000
54	0528228440	120	RL	43	3182	Pave	NA	Reg	Lvl	AllPub	Inside	Gtl	Blmngtn	Norm	Norm	TwnhsE	1Story	8	5	2004	2005	Gable	CompShg	VinylSd	VinylSd	BrkFace	16	Gd	TA	PConc	Gd	TA	No	GLQ	24	Unf	0	1232	1256	GasA	Ex	Y	SBrkr	1269	0	0	1269	0	0	2	0	2	1	Gd	6	Typ	1	TA	Attchd	2004	Fin	2	430	TA	TA	Y	146	20	0	0	144	0	NA	NA	NA	0	4	2010	WD 	Normal	192000
55	0528231020	080	RL	67	13300	Pave	NA	IR1	Lvl	AllPub	Inside	Gtl	Gilbert	Norm	Norm	1Fam	SLvl	7	5	2004	2004	Gable	CompShg	VinylSd	VinylSd	None	0	Gd	TA	PConc	Gd	TA	No	GLQ	326	Unf	0	58	384	GasA	Ex	Y	SBrkr	744	630	0	1374	1	0	2	1	3	1	Gd	7	Typ	1	Gd	BuiltIn	2004	Fin	2	400	TA	TA	Y	100	0	0	0	0	0	NA	NA	NA	0	6	2010	WD 	Normal	184500
56	0528240070	060	RL		7851	Pave	NA	Reg	Lvl	AllPub	Inside	Gtl	Gilbert	Norm	Norm	1Fam	2Story	6	5	2002	2002	Gable	CompShg	VinylSd	VinylSd			Gd	TA	PConc	Gd	TA	No	GLQ	625	Unf	0	235	860	GasA	Ex	Y	SBrkr	860	1100	0	1960	1	0	2	1	4	1	Gd	8	Typ	2	TA	BuiltIn	2002	Fin	2	440	TA	TA	Y	288	48	0	0	0	0	NA	NA	NA	0	5	2010	WD 	Normal	216500
57	0528240130	060	RL	63	8577	Pave	NA	IR1	Lvl	AllPub	Inside	Gtl	Gilbert	Norm	Norm	1Fam	2Story	7	5	2004	2004	Gable	CompShg	VinylSd	VinylSd	None	0	Gd	TA	PConc	Gd	TA	No	Unf	0	Unf	0	847	847	GasA	Ex	Y	SBrkr	847	886	0	1733	0	0	2	1	3	1	Gd	7	Typ	1	Gd	BuiltIn	2004	Fin	2	433	TA	TA	Y	144	48	0	0	0	0	NA	NA	NA	0	4	2010	WD 	Normal	185088
58	0528250100	080	RL		7750	Pave	NA	IR1	Lvl	AllPub	Inside	Gtl	Gilbert	Norm	Norm	1Fam	SLvl	7	5	2000	2000	Gable	CompShg	VinylSd	VinylSd	None	0	TA	TA	PConc	Gd	TA	No	GLQ	250	Unf	0	134	384	GasA	Ex	Y	SBrkr	774	656	0	1430	0	0	2	1	3	1	TA	7	Typ	1	TA	BuiltIn	2000	Fin	2	400	TA	TA	Y	180	0	0	0	0	0	NA	NA	NA	0	4	2010	WD 	Normal	180000
59	0528292020	060	RL		9505	Pave	NA	IR1	Lvl	AllPub	CulDSac	Gtl	Gilbert	Norm	Norm	1Fam	2Story	7	5	2001	2001	Gable	CompShg	VinylSd	VinylSd	BrkFace	180	Gd	TA	PConc	Gd	TA	No	Unf	0	Unf	0	884	884	GasA	Ex	Y	SBrkr	884	1151	0	2035	0	0	2	1	3	1	Gd	8	Typ	1	Gd	BuiltIn	2001	Fin	2	434	TA	TA	Y	144	48	0	0	0	0	NA	NA	NA	0	5	2010	WD 	Normal	222500
60	0528328100	060	RL	108	14774	Pave	NA	IR1	Lvl	AllPub	Corner	Gtl	NoRidge	Norm	Norm	1Fam	2Story	9	5	1999	1999	Gable	CompShg	VinylSd	VinylSd	BrkFace	165	Gd	TA	PConc	Gd	TA	No	Unf	0	Unf	0	1393	1393	GasA	Ex	Y	SBrkr	1422	1177	0	2599	0	0	2	1	4	1	Gd	10	Typ	1	TA	BuiltIn	1999	Fin	3	779	TA	TA	Y	668	30	0	0	0	0	NA	NA	NA	0	5	2010	WD 	Normal	333168
61	0528344070	060	RL	60	17433	Pave	NA	IR2	Lvl	AllPub	CulDSac	Gtl	NoRidge	Norm	Norm	1Fam	2Story	8	5	1998	1998	Hip	CompShg	VinylSd	VinylSd	BrkFace	114	Gd	TA	PConc	Ex	TA	No	Unf	0	Unf	0	1629	1629	GasA	Ex	Y	SBrkr	1645	830	0	2475	0	0	2	1	4	1	Gd	7	Typ	1	TA	Attchd	1998	Fin	3	962	TA	TA	Y	23	172	0	0	256	0	NA	NA	NA	0	1	2010	WD 	Normal	355000
62	0528358010	020	RL	59	10593	Pave	NA	IR1	Lvl	AllPub	Inside	Gtl	NoRidge	Norm	Norm	1Fam	1Story	7	5	1996	1996	Hip	CompShg	VinylSd	VinylSd	BrkFace	338	Gd	TA	PConc	Gd	TA	No	GLQ	919	Unf	0	801	1720	GasA	Ex	Y	SBrkr	1720	0	0	1720	1	0	2	0	3	1	Gd	7	Typ	1	TA	Attchd	1996	Fin	2	527	TA	TA	Y	240	56	154	0	0	0	NA	NA	NA	0	3	2010	WD 	Normal	260400
63	0528363130	060	RL	98	12256	Pave	NA	IR1	Lvl	AllPub	Corner	Gtl	NoRidge	Norm	Norm	1Fam	2Story	8	5	1994	1995	Gable	CompShg	HdBoard	HdBoard	BrkFace	362	Gd	TA	PConc	Ex	TA	Av	GLQ	1032	Unf	0	431	1463	GasA	Ex	Y	SBrkr	1500	1122	0	2622	1	0	2	1	3	1	Gd	9	Typ	2	TA	Attchd	1994	RFn	2	712	TA	TA	Y	186	32	0	0	0	0	NA	NA	NA	0	4	2010	WD 	Normal	325000
64	0528382020	060	RL	92	11764	Pave	NA	IR1	Lvl	AllPub	CulDSac	Gtl	NoRidge	Norm	Norm	1Fam	2Story	8	7	1999	2007	Gable	CompShg	VinylSd	VinylSd	BrkFace	348	Gd	TA	PConc	Gd	TA	No	GLQ	524	Unf	0	628	1152	GasA	Ex	Y	SBrkr	1164	1106	0	2270	0	0	2	1	4	1	Gd	9	Typ	1	Gd	Attchd	1999	Fin	3	671	TA	TA	Y	132	57	0	0	0	0	NA	NA	NA	0	4	2010	WD 	Normal	290000
65	0528382030	060	RL	58	16770	Pave	NA	IR2	Lvl	AllPub	CulDSac	Gtl	NoRidge	Norm	Norm	1Fam	2Story	7	5	1998	1998	Gable	CompShg	VinylSd	VinylSd	BrkFace	30	Gd	TA	PConc	Gd	TA	No	Unf	0	Unf	0	1195	1195	GasA	Gd	Y	SBrkr	1195	644	0	1839	0	0	2	1	4	1	TA	7	Typ	0	NA	Attchd	1998	Fin	2	486	TA	TA	Y	0	81	0	0	0	0	NA	NA	NA	0	6	2010	WD 	Normal	221000
66	0528386040	050	RL	56	14720	Pave	NA	IR1	Lvl	AllPub	CulDSac	Gtl	NoRidge	Norm	Norm	1Fam	1.5Fin	8	5	1995	1996	Hip	CompShg	VinylSd	VinylSd	BrkFace	579	Gd	TA	PConc	Gd	TA	Av	GLQ	816	Unf	0	1217	2033	GasA	Ex	Y	SBrkr	2053	1185	0	3238	1	0	2	1	4	1	Gd	9	Typ	1	Ex	Attchd	1996	Fin	3	666	TA	TA	Y	283	86	0	0	0	0	NA	NA	NA	0	3	2010	WD 	Normal	410000
67	0528445060	020	RL	73	8987	Pave	NA	Reg	Lvl	AllPub	Inside	Gtl	Somerst	Norm	Norm	1Fam	1Story	8	5	2005	2006	Gable	CompShg	VinylSd	VinylSd	BrkFace	226	Gd	TA	PConc	Gd	TA		Unf	0	Unf	0	1595	1595	GasA	Ex	Y	SBrkr	1595	0	0	1595	0	0	2	0	2	1	Gd	6	Typ	1	Gd	Attchd	2005	RFn	3	880	TA	TA	Y	144	0	0	0	0	0	NA	NA	NA	0	5	2010	WD 	Normal	221500
68	0528456160	020	FV	92	9215	Pave	NA	Reg	Lvl	AllPub	Inside	Gtl	Somerst	Norm	Norm	1Fam	1Story	7	5	2009	2010	Hip	CompShg	VinylSd	VinylSd	None	0	Gd	TA	PConc	Gd	TA	No	Unf	0	Unf	0	1218	1218	GasA	Ex	Y	SBrkr	1218	0	0	1218	0	0	2	0	2	1	Gd	4	Typ	0	NA	Attchd	2009	RFn	2	676	TA	TA	Y	0	136	0	0	0	0	NA	NA	NA	0	4	2010	New	Partial	204500
69	0528458070	060	FV	72	8640	Pave	NA	Reg	Lvl	AllPub	Inside	Gtl	Somerst	Norm	Norm	1Fam	2Story	7	5	2009	2009	Gable	CompShg	VinylSd	VinylSd	None	0	TA	TA	PConc	Gd	TA	Mn	GLQ	24	Unf	0	732	756	GasA	Ex	Y	SBrkr	764	783	0	1547	0	0	2	1	3	1	Gd	7	Typ	0	NA	Attchd	2009	Unf	2	614	TA	TA	Y	169	45	0	0	0	0	NA	NA	NA	0	6	2010	Con	Normal	215200
70	0528458110	020	FV	75	9000	Pave	NA	Reg	Lvl	AllPub	Inside	Gtl	Somerst	Norm	Norm	1Fam	1Story	8	5	2008	2008	Gable	CompShg	VinylSd	VinylSd	Stone	36	Gd	TA	PConc	Gd	TA	Av	GLQ	1078	Unf	0	488	1566	GasA	Ex	Y	SBrkr	1566	0	0	1566	1	0	2	0	3	1	Gd	7	Typ	0	NA	Attchd	2008	RFn	2	750	TA	TA	Y	144	168	0	0	0	0	NA	NA	NA	0	4	2010	WD 	Normal	262500
71	0528477080	060	FV	100	12552	Pave	NA	Reg	Lvl	AllPub	Corner	Gtl	Somerst	Norm	Norm	1Fam	2Story	7	5	2004	2005	Gable	CompShg	VinylSd	VinylSd	None	0	Gd	TA	PConc	Gd	TA	No	GLQ	222	Unf	0	769	991	GasA	Ex	Y	SBrkr	991	956	0	1947	0	0	2	1	3	1	Gd	8	Typ	1	Gd	Attchd	2004	RFn	2	678	TA	TA	Y	0	136	0	0	0	0	NA	GdWo	NA	0	5	2010	WD 	Normal	254900
72	0528480090	020	FV	84	10440	Pave	NA	Reg	Lvl	AllPub	Corner	Gtl	Somerst	Norm	Norm	1Fam	1Story	6	5	2005	2005	Gable	CompShg	VinylSd	VinylSd	None	0	Gd	TA	PConc	Ex	TA	No	GLQ	1414	Unf	0	54	1468	GasA	Ex	Y	SBrkr	1468	0	0	1468	1	0	2	0	2	1	Gd	6	Typ	1	Gd	Attchd	2005	Fin	2	528	TA	TA	Y	0	102	0	0	216	0	NA	NA	NA	0	5	2010	WD 	Normal	271500
73	0531367050	060	RL	76	10142	Pave	NA	IR1	Lvl	AllPub	Inside	Gtl	SawyerW	Norm	Norm	1Fam	2Story	7	5	2004	2004	Gable	CompShg	VinylSd	VinylSd	None	0	Gd	TA	PConc	Gd	TA	No	GLQ	656	Unf	0	300	956	GasA	Ex	Y	SBrkr	956	1128	0	2084	1	0	2	1	4	1	Gd	8	Typ	0	NA	BuiltIn	2004	RFn	2	618	TA	TA	Y	0	45	0	0	0	0	NA	NA	NA	0	1	2010	WD 	Normal	233000
74	0531369060	060	RL	70	11920	Pave	NA	Reg	Lvl	AllPub	Inside	Gtl	SawyerW	Norm	Norm	1Fam	2Story	7	5	2004	2004	Gable	CompShg	VinylSd	VinylSd	BrkFace	122	Gd	TA	PConc	Gd	TA	Av	Unf	0	Unf	0	831	831	GasA	Ex	Y	SBrkr	831	828	0	1659	0	0	2	1	3	1	Gd	8	Typ	0	NA	Attchd	2004	RFn	2	484	TA	TA	Y	144	68	0	0	0	0	NA	NA	NA	0	4	2010	WD 	Normal	181000
75	0531380080	060	RL		8880	Pave	NA	IR1	Lvl	AllPub	Inside	Gtl	SawyerW	Norm	Norm	1Fam	2Story	7	5	1994	2002	Gable	CompShg	VinylSd	VinylSd	None	0	Gd	TA	PConc	Gd	TA	No	GLQ	695	Unf	0	253	948	GasA	Ex	Y	SBrkr	1222	888	0	2110	1	0	2	1	3	1	Gd	8	Typ	2	Fa	Attchd	1994	RFn	2	463	TA	TA	Y	0	130	0	0	0	0	NA	NA	NA	0	5	2010	WD 	Normal	205000
76	0531451110	120	RL	50	8012	Pave	NA	Reg	Lvl	AllPub	Inside	Gtl	SawyerW	Norm	Norm	TwnhsE	1Story	6	5	1980	1980	Gable	CompShg	Plywood	Plywood	None	0	TA	TA	CBlock	Gd	TA	No	BLQ	543	BLQ	119	261	923	GasA	TA	Y	SBrkr	923	0	0	923	0	0	2	0	2	1	TA	5	Typ	1	TA	Attchd	1980	RFn	1	264	TA	TA	Y	80	0	0	0	0	0	NA	NA	NA	0	5	2010	WD 	Normal	143000
77	0531451280	060	RL	70	11218	Pave	NA	Reg	Lvl	AllPub	Inside	Gtl	SawyerW	Norm	Norm	1Fam	2Story	6	5	1992	1992	Gable	CompShg	Wd Sdng	Wd Sdng	None	0	Gd	TA	PConc	Gd	TA	No	Unf	0	Unf	0	1055	1055	GasA	Ex	Y	SBrkr	1055	790	0	1845	0	0	2	1	3	1	Gd	8	Typ	1	TA	Attchd	1992	RFn	2	462	TA	TA	Y	635	104	0	0	0	0	NA	GdPrv	Shed	400	5	2010	WD 	Normal	189000
78	0531452020	120	RL	55	7892	Pave	NA	Reg	Lvl	AllPub	Inside	Gtl	SawyerW	Norm	Norm	TwnhsE	1Story	6	5	1979	1979	Gable	CompShg	Plywood	Plywood	None	0	TA	TA	CBlock	Gd	TA	No	Unf	0	Unf	0	918	918	GasA	TA	Y	SBrkr	918	0	0	918	0	0	2	0	2	1	TA	5	Typ	1	TA	Attchd	1979	Unf	1	264	TA	TA	Y	28	0	0	0	0	0	NA	NA	NA	0	4	2010	WD 	Normal	99500
79	0531452050	120	RL	50	7175	Pave	NA	Reg	Lvl	AllPub	Inside	Gtl	SawyerW	Norm	Norm	TwnhsE	1Story	6	5	1984	1984	Gable	CompShg	Plywood	Plywood	None	0	TA	TA	CBlock	Gd	TA	No	ALQ	623	LwQ	121	0	744	GasA	TA	Y	SBrkr	752	0	0	752	1	0	1	0	2	1	TA	4	Typ	0	NA	Attchd	1984	Unf	1	264	TA	TA	Y	353	0	0	0	90	0	NA	MnPrv	NA	0	2	2010	WD 	Normal	125000
80	0531452180	060	RL		9453	Pave	NA	IR1	Lvl	AllPub	CulDSac	Gtl	SawyerW	RRNe	Norm	1Fam	2Story	7	7	1993	2003	Gable	CompShg	HdBoard	HdBoard	None	0	Gd	TA	PConc	Gd	TA	No	BLQ	402	Unf	0	594	996	GasA	Ex	Y	SBrkr	1014	730	0	1744	0	0	2	1	3	1	Gd	7	Typ	0	NA	Attchd	1993	RFn	2	457	TA	TA	Y	370	70	0	238	0	0	NA	NA	NA	0	2	2010	WD 	Normal	194500
81	0531453010	020	RL	81	9672	Pave	NA	Reg	Lvl	AllPub	Corner	Gtl	SawyerW	Norm	Norm	1Fam	1Story	6	5	1984	1985	Hip	CompShg	HdBoard	Plywood	None	0	TA	TA	PConc	Gd	TA	No	GLQ	338	Unf	0	702	1040	GasA	TA	Y	SBrkr	1097	0	0	1097	0	0	2	0	3	1	TA	6	Typ	0	NA	Attchd	1986	Unf	2	480	TA	TA	Y	0	0	0	0	0	0	NA	GdPrv	NA	0	5	2010	WD 	Normal	152000
82	0531453040	060	RL	70	8400	Pave	NA	Reg	Lvl	AllPub	Inside	Gtl	SawyerW	Norm	Norm	1Fam	2Story	6	6	1980	1981	Gable	CompShg	HdBoard	HdBoard	BrkFace	130	TA	TA	CBlock	Gd	TA	No	Unf	0	Unf	0	650	650	GasA	TA	Y	SBrkr	888	676	0	1564	0	0	2	1	3	1	TA	7	Typ	1	TA	Attchd	1980	Unf	2	476	TA	TA	Y	0	50	0	0	204	0	NA	MnPrv	NA	0	4	2010	WD 	Normal	171000
83	0531477050	030	RH	70	9800	Pave	NA	Reg	Lvl	AllPub	Corner	Gtl	SawyerW	Feedr	Norm	1Fam	1Story	5	5	1920	1950	Gable	CompShg	Wd Sdng	Wd Sdng	None	0	TA	Fa	BrkTil	TA	TA	No	Unf	0	Unf	0	816	816	GasA	TA	N	FuseA	1012	0	0	1012	0	0	1	0	2	1	TA	5	Typ	0	NA	Detchd	1920	Unf	1	429	TA	TA	Y	121	0	80	0	0	0	NA	NA	NA	0	4	2010	WD 	Normal	67500
84	0532351140	090	RM	68	8930	Pave	NA	Reg	Lvl	AllPub	Inside	Gtl	Sawyer	RRAe	Norm	Duplex	1.5Fin	6	5	1978	1978	Gable	CompShg	VinylSd	VinylSd	None	0	TA	TA	Slab	NA	NA	NA	NA	0	NA	0	0	0	GasA	TA	Y	SBrkr	1318	584	0	1902	0	0	2	0	4	2	TA	8	Typ	0	NA	Attchd	1978	Unf	2	539	TA	TA	Y	0	0	0	0	0	0	NA	NA	NA	0	4	2010	WD 	Normal	112000
85	0532354090	085	RL	88	11782	Pave	NA	IR1	Lvl	AllPub	Inside	Gtl	Sawyer	Norm	Norm	1Fam	SFoyer	5	7	1961	1995	Gable	CompShg	HdBoard	HdBoard	None	0	TA	TA	CBlock	TA	TA	Av	ALQ	899	Unf	0	210	1109	GasA	TA	Y	SBrkr	1155	0	0	1155	1	0	1	0	3	1	Gd	6	Min2	0	NA	Detchd	1987	Unf	2	576	TA	TA	Y	192	0	0	0	0	0	NA	MnPrv	Shed	400	6	2010	WD 	Normal	148000
86	0532376160	020	RL	65	8450	Pave	NA	Reg	Lvl	AllPub	Inside	Gtl	Sawyer	RRAe	Norm	1Fam	1Story	5	8	1965	2009	Gable	CompShg	MetalSd	MetalSd	None	0	TA	Gd	CBlock	TA	TA	No	GLQ	553	BLQ	117	224	894	GasA	Ex	Y	SBrkr	894	0	0	894	1	0	1	0	3	1	TA	5	Typ	1	Gd	Detchd	1973	Unf	1	336	TA	TA	Y	416	144	0	0	0	0	NA	MnPrv	NA	0	4	2010	WD 	Normal	138500
87	0532377060	020	RL		9819	Pave	NA	IR1	Lvl	AllPub	Inside	Gtl	Sawyer	Norm	Norm	1Fam	1Story	5	5	1967	1967	Gable	CompShg	MetalSd	MetalSd	BrkFace	31	TA	Gd	CBlock	TA	TA	No	BLQ	450	Unf	0	432	882	GasA	TA	Y	SBrkr	900	0	0	900	0	0	1	0	3	1	TA	5	Typ	0	NA	Detchd	1970	Unf	1	280	TA	TA	Y	0	0	0	0	0	0	NA	MnPrv	NA	0	2	2010	WD 	Normal	122000
88	0532377100	020	RL	75	7500	Pave	NA	Reg	Lvl	AllPub	Corner	Gtl	Sawyer	Feedr	Norm	1Fam	1Story	5	5	1963	1963	Gable	CompShg	HdBoard	HdBoard	None	0	TA	TA	CBlock	TA	TA	No	ALQ	824	Unf	0	216	1040	GasA	Fa	Y	SBrkr	1040	0	0	1040	1	0	1	1	3	1	TA	5	Typ	0	NA	Attchd	1963	Fin	1	308	TA	TA	Y	0	0	220	0	0	0	NA	MnPrv	NA	0	6	2010	WD 	Normal	133000
89	0532378110	020	RL		6897	Pave	NA	IR1	Lvl	AllPub	Corner	Gtl	Sawyer	Norm	Norm	1Fam	1Story	5	8	1962	2010	Gable	CompShg	HdBoard	HdBoard	None	0	TA	Gd	CBlock	TA	TA	No	ALQ	659	Unf	0	381	1040	GasA	Ex	Y	SBrkr	1040	0	0	1040	1	0	1	1	3	1	TA	6	Typ	0	NA	Detchd	1962	Unf	1	260	TA	TA	Y	0	104	0	0	0	0	NA	NA	NA	0	4	2010	WD 	Normal	127000
90	0532479070	020	RL	39	15410	Pave	NA	IR1	Lvl	AllPub	CulDSac	Gtl	Sawyer	RRNe	Norm	1Fam	1Story	6	6	1974	2002	Hip	CompShg	Plywood	Plywood	BrkCmn	250	TA	Gd	CBlock	TA	TA	Gd	BLQ	126	GLQ	859	223	1208	GasA	Ex	Y	SBrkr	1494	0	0	1494	1	0	2	0	3	1	TA	7	Typ	2	Fa	Attchd	1974	Fin	2	461	TA	TA	Y	296	0	186	0	0	0	NA	GdPrv	NA	0	4	2010	WD 	Abnorml	169000
91	0533130020	060	RL	107	10186	Pave	NA	IR1	Lvl	AllPub	Inside	Gtl	NoRidge	Norm	Norm	1Fam	2Story	7	5	1992	1992	Gable	CompShg	HdBoard	HdBoard	None	0	Gd	TA	PConc	Gd	TA	No	GLQ	674	Unf	0	76	750	GasA	Ex	Y	SBrkr	1061	862	0	1923	1	0	2	1	3	1	Gd	8	Typ	1	TA	Attchd	1992	RFn	2	564	TA	TA	Y	240	39	0	0	0	0	NA	NA	NA	0	6	2010	WD 	Normal	190000
92	0533130130	060	RL	85	13143	Pave	NA	IR1	Lvl	AllPub	Inside	Gtl	NoRidge	Norm	Norm	1Fam	2Story	8	5	1993	1993	Gable	CompShg	HdBoard	ImStucc	BrkFace	504	Gd	TA	PConc	Gd	TA	No	LwQ	250	GLQ	981	0	1231	GasA	Ex	Y	SBrkr	1251	1098	0	2349	1	0	2	1	4	1	Gd	9	Typ	1	TA	Attchd	1993	RFn	3	762	TA	TA	Y	32	130	0	0	0	0	NA	NA	NA	0	6	2010	WD 	Normal	362500
93	0533130160	060	RL	88	11134	Pave	NA	Reg	Lvl	AllPub	Inside	Gtl	NoRidge	Norm	Norm	1Fam	2Story	8	5	1992	1993	Gable	CompShg	HdBoard	HdBoard	BrkFace	180	Gd	TA	PConc	Gd	TA	No	GLQ	1129	Unf	0	261	1390	GasA	Ex	Y	SBrkr	1402	823	0	2225	1	0	2	1	4	1	Gd	7	Typ	1	TA	Attchd	1992	RFn	3	713	TA	TA	Y	198	30	0	0	0	0	NA	NA	NA	0	6	2010	WD 	Normal	285000
94	0533205060	120	FV	25	4835	Pave	NA	IR1	Lvl	AllPub	CulDSac	Gtl	Somerst	Norm	Norm	TwnhsE	1Story	7	5	2004	2005	Gable	CompShg	MetalSd	MetalSd	None	0	Gd	TA	PConc	Ex	TA	Av	GLQ	1298	Unf	0	190	1488	GasA	Ex	Y	SBrkr	1488	0	0	1488	1	0	2	0	2	1	Gd	6	Typ	1	Gd	Attchd	2004	Fin	2	506	TA	TA	Y	168	50	0	0	0	0	NA	NA	NA	0	3	2010	WD 	Normal	260000
95	0533208090	160	FV	39	3515	Pave	Pave	Reg	Lvl	AllPub	Inside	Gtl	Somerst	Norm	Norm	TwnhsE	2Story	7	5	2004	2004	Gable	CompShg	VinylSd	VinylSd	None	0	Gd	TA	PConc	Gd	TA	No	Unf	0	Unf	0	840	840	GasA	Ex	Y	SBrkr	840	840	0	1680	0	0	2	1	2	1	Gd	3	Typ	0	NA	Attchd	2004	RFn	2	588	TA	TA	Y	0	111	0	0	0	0	NA	NA	NA	0	1	2010	WD 	Normal	190000
96	0533210060	160	FV	30	3215	Pave	Pave	Reg	Lvl	AllPub	Inside	Gtl	Somerst	Norm	Norm	TwnhsE	2Story	7	5	2004	2004	Gable	CompShg	MetalSd	MetalSd	BrkFace	120	Gd	TA	PConc	Gd	TA	Av	GLQ	280	Unf	0	320	600	GasA	Ex	Y	SBrkr	600	600	0	1200	0	0	2	1	2	1	Gd	4	Typ	0	NA	Detchd	2004	RFn	2	480	TA	TA	Y	0	172	0	0	0	0	NA	NA	NA	0	4	2010	ConLD	Normal	155000
97	0533212010	160	FV	30	3182	Pave	Pave	Reg	Lvl	AllPub	Inside	Gtl	Somerst	Norm	Norm	TwnhsE	2Story	7	5	2004	2005	Gable	CompShg	MetalSd	MetalSd	None	0	Gd	TA	PConc	Gd	TA	No	Unf	0	Unf	0	600	600	GasA	Ex	Y	SBrkr	600	600	0	1200	0	0	2	1	2	1	Gd	4	Typ	0	NA	Detchd	2004	RFn	2	480	TA	TA	Y	0	172	0	0	0	0	NA	NA	NA	0	6	2010	WD 	Normal	151000
98	0533212020	160	FV	24	2544	Pave	Pave	Reg	Lvl	AllPub	Inside	Gtl	Somerst	Norm	Norm	Twnhs	2Story	7	5	2004	2005	Gable	CompShg	MetalSd	MetalSd	None	0	Gd	TA	PConc	Gd	TA	No	GLQ	368	ALQ	42	190	600	GasA	Ex	Y	SBrkr	600	600	0	1200	1	0	2	1	2	1	Gd	4	Typ	0	NA	Detchd	2004	RFn	2	480	TA	TA	Y	0	172	0	0	0	0	NA	NA	NA	0	2	2010	WD 	Normal	149500
99	0533212060	160	FV	24	2544	Pave	Pave	Reg	Lvl	AllPub	Inside	Gtl	Somerst	Norm	Norm	Twnhs	2Story	6	5	2005	2005	Gable	CompShg	VinylSd	VinylSd	BrkFace	216	Gd	TA	PConc	Gd	TA	No	GLQ	376	Unf	0	224	600	GasA	Ex	Y	SBrkr	600	636	0	1236	1	0	2	1	2	1	Gd	4	Typ	0	NA	Detchd	2005	RFn	2	480	TA	TA	Y	0	166	0	0	0	0	NA	NA	NA	0	5	2010	WD 	Normal	152000
100	0533213030	020	FV		4403	Pave	NA	IR2	Lvl	AllPub	Inside	Gtl	Somerst	Norm	Norm	1Fam	1Story	7	5	2009	2009	Gable	CompShg	MetalSd	MetalSd	Stone	432	Ex	TA	PConc	Ex	TA	Av	GLQ	578	Unf	0	892	1470	GasA	Ex	Y	SBrkr	1478	0	0	1478	1	0	2	1	2	1	Gd	7	Typ	1	Gd	Attchd	2009	Fin	2	484	TA	TA	Y	0	144	0	0	0	0	NA	NA	NA	0	6	2010	New	Partial	222000
101	0533221090	160	FV		2117	Pave	NA	Reg	Lvl	AllPub	Inside	Gtl	Somerst	Norm	Norm	Twnhs	2Story	6	5	2000	2000	Gable	CompShg	MetalSd	MetalSd	BrkFace	216	Gd	TA	PConc	Gd	TA	No	GLQ	378	Unf	0	378	756	GasA	Ex	Y	SBrkr	769	804	0	1573	0	0	2	1	3	1	Gd	5	Typ	0	NA	Detchd	2000	Unf	2	440	TA	TA	Y	0	32	0	0	0	0	NA	NA	NA	0	6	2010	WD 	Normal	177500
102	0533221110	160	FV		2980	Pave	NA	Reg	Lvl	AllPub	Corner	Gtl	Somerst	Norm	Norm	TwnhsE	2Story	6	5	2000	2000	Gable	CompShg	MetalSd	MetalSd	BrkFace	1159	Gd	TA	PConc	Gd	TA	No	GLQ	466	Unf	0	290	756	GasA	Ex	Y	SBrkr	756	756	0	1512	1	0	2	1	2	1	Gd	5	Typ	0	NA	Detchd	2000	Unf	2	440	TA	TA	Y	0	32	0	0	0	0	NA	NA	NA	0	5	2010	WD 	Normal	177000
103	0533223020	160	FV	24	2572	Pave	NA	Reg	Lvl	AllPub	FR2	Gtl	Somerst	Norm	Norm	Twnhs	2Story	7	5	1999	1999	Hip	CompShg	MetalSd	MetalSd	None	0	Gd	TA	PConc	Gd	TA	No	ALQ	604	Unf	0	92	696	GasA	Ex	Y	SBrkr	696	720	0	1416	1	0	2	1	3	1	Gd	6	Typ	0	NA	Detchd	1999	Unf	2	484	TA	TA	Y	0	44	0	0	0	0	NA	NA	NA	0	5	2010	WD 	Normal	155000
104	0533223100	160	FV		2403	Pave	NA	IR1	Lvl	AllPub	FR2	Gtl	Somerst	Norm	Norm	TwnhsE	2Story	7	5	2003	2003	Gable	CompShg	VinylSd	VinylSd	None	0	Gd	TA	PConc	Gd	TA	No	GLQ	244	Unf	0	286	530	GasA	Ex	Y	SBrkr	530	550	0	1080	0	0	2	1	2	1	Gd	4	Typ	0	NA	Attchd	2003	RFn	2	496	TA	TA	Y	0	50	0	0	0	0	NA	NA	NA	0	6	2010	WD 	Normal	147110
105	0533238045	020	FV	57	12853	Pave	Pave	IR1	Lvl	AllPub	Inside	Gtl	Somerst	Norm	Norm	1Fam	1Story	8	5	2010	2010	Gable	CompShg	CemntBd	CmentBd	None	0	Gd	TA	PConc	Ex	Po	No	GLQ	1032	Unf	0	610	1642	GasA	Ex	Y	SBrkr	1418	0	0	1418	1	0	1	1	1	1	Gd	6	Typ	1	Gd	Attchd	2010	RFn	3	852	TA	TA	Y	160	192	0	224	0	0	NA	NA	NA	0	4	2010	New	Partial	267916
106	0533244030	060	FV	68	7379	Pave	NA	IR1	Lvl	AllPub	Inside	Gtl	Somerst	Norm	Norm	1Fam	2Story	8	5	2000	2000	Gable	CompShg	VinylSd	VinylSd	None	0	Gd	TA	PConc	Gd	TA	No	GLQ	484	Unf	0	491	975	GasA	Ex	Y	SBrkr	975	873	0	1848	1	0	2	1	3	1	Gd	7	Typ	1	TA	Attchd	2000	RFn	2	592	TA	TA	Y	280	184	0	0	0	0	NA	NA	NA	0	4	2010	WD 	Normal	254000
107	0533253060	120	RL	30	4420	Pave	NA	IR1	Lvl	AllPub	CulDSac	Gtl	Greens	Norm	Norm	TwnhsE	1Story	8	5	1980	1980	Gable	CompShg	Wd Sdng	Wd Sdng	None	0	Gd	TA	CBlock	Gd	TA	Gd	GLQ	728	Unf	0	0	728	GasA	TA	Y	SBrkr	788	0	0	788	1	0	1	0	1	1	Gd	3	Typ	1	TA	Detchd	1980	Fin	2	484	TA	TA	Y	133	42	0	0	0	0	NA	NA	NA	0	6	2010	WD 	Normal	155000
108	0533253210	120	RL	40	3880	Pave	NA	IR1	Lvl	AllPub	Inside	Gtl	Greens	Norm	Norm	Twnhs	1Story	8	6	1978	1978	Gable	CompShg	Wd Sdng	Plywood	None	0	Gd	TA	CBlock	Gd	TA	Gd	GLQ	1052	Unf	0	174	1226	GasA	TA	Y	SBrkr	1226	0	0	1226	1	0	1	0	1	1	Gd	4	Typ	1	TA	Attchd	1978	Fin	2	484	TA	TA	Y	223	78	0	0	0	0	NA	NA	NA	0	1	2010	WD 	Normal	206000
109	0533352170	060	RL		13517	Pave	NA	IR1	Lvl	AllPub	CulDSac	Gtl	Sawyer	RRAe	Norm	1Fam	2Story	6	8	1976	2005	Gable	CompShg	HdBoard	Plywood	BrkFace	289	Gd	TA	CBlock	TA	TA	No	GLQ	533	Unf	0	192	725	GasA	Ex	Y	SBrkr	725	754	0	1479	0	0	2	1	3	1	Gd	6	Typ	0	NA	Attchd	1976	RFn	2	475	TA	TA	Y	0	44	0	0	0	0	NA	NA	NA	0	3	2010	WD 	Normal	130500
110	0534102025	020	FV	80	8000	Pave	NA	Reg	Lvl	AllPub	Inside	Gtl	Somerst	Norm	Norm	1Fam	1Story	7	5	2002	2002	Gable	CompShg	VinylSd	VinylSd	None	0	Gd	TA	PConc	Gd	TA	No	GLQ	833	Unf	0	659	1492	GasA	Ex	Y	SBrkr	1492	0	0	1492	1	0	2	0	3	1	Gd	6	Typ	1	Gd	Attchd	2002	RFn	2	596	TA	TA	Y	277	137	0	0	0	0	NA	NA	NA	0	4	2010	WD 	Normal	230000
111	0534129040	020	RL		10456	Pave	NA	IR1	Lvl	AllPub	Inside	Gtl	NWAmes	Norm	Norm	1Fam	1Story	6	6	1967	1967	Hip	CompShg	HdBoard	HdBoard	BrkFace	120	TA	TA	CBlock	TA	TA	No	GLQ	506	Unf	0	1323	1829	GasA	Gd	Y	SBrkr	1829	0	0	1829	1	0	2	0	4	1	TA	8	Typ	0	NA	Attchd	1967	RFn	2	535	TA	TA	Y	0	76	0	0	0	0	NA	NA	NA	0	5	2010	WD 	Normal	218500
112	0534151175	060	RL	80	10791	Pave	NA	Reg	Lvl	AllPub	Inside	Gtl	NWAmes	Norm	Norm	1Fam	2Story	6	5	1993	1993	Gable	CompShg	MetalSd	MetalSd	None	0	TA	TA	PConc	Gd	TA	Mn	GLQ	1137	Unf	0	143	1280	GasA	Ex	Y	SBrkr	1280	1215	0	2495	1	0	2	1	4	1	Gd	9	Typ	1	TA	Attchd	1993	Unf	2	660	TA	TA	Y	224	32	0	0	0	0	NA	NA	NA	0	3	2010	WD 	Normal	243500
113	0534152050	020	RL		10603	Pave	NA	IR1	Lvl	AllPub	Inside	Gtl	NWAmes	Norm	Norm	1Fam	1Story	6	7	1977	2001	Gable	CompShg	Plywood	Plywood	BrkFace	28	TA	TA	PConc	TA	TA	Mn	ALQ	1200	Unf	0	410	1610	GasA	Gd	Y	SBrkr	1610	0	0	1610	1	0	2	0	3	1	Gd	6	Typ	2	TA	Attchd	1977	RFn	2	480	TA	TA	Y	168	68	0	0	0	0	NA	NA	NA	0	2	2010	WD 	Normal	205000
114	0534152070	050	RL		18837	Pave	NA	IR1	Lvl	AllPub	Inside	Gtl	NWAmes	Norm	Norm	1Fam	1.5Fin	6	5	1978	1978	Gable	CompShg	MetalSd	MetalSd	None	0	TA	TA	PConc	Gd	TA	Mn	ALQ	687	LwQ	46	491	1224	GasA	TA	Y	SBrkr	1287	604	0	1891	0	1	3	0	3	1	TA	7	Typ	1	TA	Attchd	1978	RFn	2	678	TA	TA	Y	0	69	0	0	0	0	NA	NA	NA	0	4	2010	WD 	Normal	212500
115	0534152100	060	RL	80	10421	Pave	NA	Reg	Lvl	AllPub	Inside	Gtl	NWAmes	Norm	Norm	1Fam	2Story	7	5	1988	1988	Gable	CompShg	HdBoard	HdBoard	BrkFace	42	TA	TA	CBlock	Gd	TA	No	GLQ	394	Unf	0	586	980	GasA	TA	Y	SBrkr	980	734	0	1714	0	0	2	1	3	1	TA	7	Typ	1	TA	Attchd	1988	Unf	2	496	TA	TA	Y	228	66	156	0	0	0	NA	MnPrv	Shed	500	3	2010	WD 	Normal	196500
116	0534176060	020	RL	78	9360	Pave	NA	Reg	Lvl	AllPub	Inside	Gtl	NWAmes	Norm	Norm	1Fam	1Story	6	7	1972	2006	Hip	CompShg	Plywood	Plywood	None	0	TA	TA	CBlock	TA	TA	No	ALQ	982	Unf	0	179	1161	GasA	TA	Y	SBrkr	1381	0	0	1381	1	0	1	1	3	1	Gd	5	Typ	1	TA	Attchd	1972	RFn	2	676	TA	TA	Y	0	0	0	0	0	0	NA	NA	NA	0	3	2010	WD 	Normal	197500
117	0534176230	060	RL	80	9600	Pave	NA	Reg	Lvl	AllPub	Inside	Gtl	NWAmes	Norm	Norm	1Fam	2Story	6	6	1971	1971	Gable	CompShg	MetalSd	MetalSd	None	0	TA	TA	CBlock	TA	TA	No	ALQ	329	Unf	0	386	715	GasA	TA	Y	SBrkr	930	715	0	1645	0	0	1	2	4	1	TA	7	Typ	0	NA	Attchd	1971	RFn	2	441	TA	TA	Y	0	78	0	0	0	0	NA	GdWo	NA	0	6	2010	WD 	Normal	171000
118	0534202160	020	RL	80	9600	Pave	NA	Reg	Lvl	AllPub	Inside	Gtl	NAmes	Norm	Norm	1Fam	1Story	5	5	1966	1966	Hip	CompShg	VinylSd	VinylSd	BrkFace	172	TA	TA	CBlock	TA	TA	No	Rec	698	Unf	0	534	1232	GasA	TA	Y	SBrkr	1232	0	0	1232	1	0	1	1	3	1	TA	6	Typ	0	NA	Attchd	1966	RFn	2	490	TA	TA	Y	0	224	0	0	0	0	NA	NA	NA	0	4	2010	WD 	Normal	142250
119	0534251320	020	RL		9790	Pave	NA	Reg	Lvl	AllPub	Inside	Gtl	NWAmes	Feedr	Norm	1Fam	1Story	6	5	1963	1963	Hip	CompShg	HdBoard	HdBoard	BrkFace	451	TA	TA	CBlock	TA	TA	No	ALQ	569	Rec	81	678	1328	GasA	TA	Y	SBrkr	1328	0	0	1328	1	0	1	1	3	1	TA	6	Typ	2	Gd	Attchd	1963	Unf	2	528	TA	TA	Y	0	26	0	0	0	0	NA	NA	NA	0	6	2010	WD 	Normal	143000
120	0534276360	020	RL	77	9320	Pave	NA	IR1	Lvl	AllPub	Inside	Gtl	NAmes	Norm	Norm	1Fam	1Story	4	5	1959	1959	Gable	CompShg	Plywood	Plywood	None	0	TA	TA	CBlock	TA	TA	No	ALQ	569	Unf	0	381	950	GasA	Fa	Y	SBrkr	1225	0	0	1225	1	0	1	1	3	1	TA	6	Typ	0	NA	NA		NA	0	0	NA	NA	Y	352	0	0	0	0	0	NA	NA	Shed	400	1	2010	WD 	Normal	128950
121	0534401110	020	RL	90	9900	Pave	NA	Reg	Lvl	AllPub	Corner	Gtl	NAmes	Norm	Norm	1Fam	1Story	5	5	1966	1966	Hip	CompShg	HdBoard	HdBoard	None	0	TA	TA	PConc	Gd	TA	No	BLQ	1059	Unf	0	150	1209	GasA	Gd	Y	SBrkr	1209	0	0	1209	1	0	1	0	3	1	TA	6	Typ	0	NA	Attchd	1966	RFn	2	504	TA	TA	Y	0	0	120	0	0	0	NA	NA	NA	0	4	2010	ConLD	Normal	159000
122	0534401140	020	RL	88	9680	Pave	NA	Reg	Lvl	AllPub	Inside	Gtl	NAmes	Norm	Norm	1Fam	1Story	5	6	1967	1967	Gable	CompShg	Wd Sdng	Plywood	BrkFace	268	TA	TA	CBlock	TA	TA	No	BLQ	1010	Unf	0	500	1510	GasA	Ex	Y	SBrkr	1510	0	0	1510	1	0	2	0	3	1	Gd	6	Typ	0	NA	Attchd	1967	RFn	2	517	TA	TA	Y	0	40	0	0	204	0	NA	GdPrv	NA	0	4	2010	WD 	Normal	178900
123	0534403360	080	RL		10600	Pave	Pave	IR1	Lvl	AllPub	Inside	Gtl	NAmes	Norm	Norm	1Fam	SLvl	6	5	1964	1964	Gable	CompShg	HdBoard	HdBoard	None	0	TA	TA	CBlock	TA	TA	No	Unf	0	Unf	0	533	533	GasA	TA	Y	SBrkr	1131	644	0	1775	0	0	2	0	3	1	TA	8	Typ	0	NA	Attchd	1964	Unf	2	480	TA	TA	Y	0	172	0	0	0	0	NA	NA	NA	0	5	2010	COD	Family	136300
124	0534403410	080	RL		14112	Pave	NA	IR1	Lvl	AllPub	Corner	Gtl	NAmes	Norm	Norm	1Fam	SLvl	5	7	1964	1964	Hip	CompShg	Wd Sdng	HdBoard	BrkFace	86	TA	TA	PConc	TA	TA	Av	GLQ	1014	Unf	0	138	1152	GasA	TA	Y	SBrkr	1152	0	0	1152	1	0	1	0	3	1	TA	6	Typ	1	Gd	Attchd	1964	RFn	2	484	TA	TA	Y	227	0	0	0	0	0	NA	NA	NA	0	4	2010	WD 	Normal	180500
125	0534425310	085	RL	80	8800	Pave	NA	Reg	Lvl	AllPub	Inside	Gtl	NAmes	Feedr	Norm	1Fam	SFoyer	6	7	1963	1963	Gable	CompShg	MetalSd	MetalSd	BrkFace	156	TA	Gd	PConc	TA	TA	Gd	GLQ	763	Unf	0	173	936	GasA	Ex	Y	SBrkr	1054	0	0	1054	1	0	1	0	3	1	Gd	6	Typ	0	NA	Attchd	1963	RFn	2	480	TA	TA	Y	120	0	0	0	0	0	NA	MnPrv	NA	0	5	2010	WD 	Abnorml	137500
126	0534427010	090	RL	98	13260	Pave	NA	IR1	Lvl	AllPub	Inside	Gtl	NAmes	Norm	Norm	Duplex	1Story	5	6	1962	2001	Hip	CompShg	HdBoard	HdBoard	BrkFace	144	TA	TA	CBlock	TA	TA	No	BLQ	1500	Unf	0	228	1728	GasA	TA	Y	SBrkr	1728	0	0	1728	2	0	2	0	6	2	TA	10	Typ	0	NA	NA		NA	0	0	NA	NA	Y	0	0	0	0	0	0	NA	NA	NA	0	1	2010	Oth	Abnorml	84900
127	0534430080	020	RL	68	9717	Pave	NA	Reg	Lvl	AllPub	Inside	Gtl	NAmes	Norm	Norm	1Fam	1Story	5	6	1950	1996	Hip	CompShg	MetalSd	MetalSd	None	0	TA	TA	CBlock	TA	TA	Mn	GLQ	49	Rec	1029	0	1078	GasA	Gd	Y	FuseA	1078	0	0	1078	1	0	1	0	2	1	Gd	5	Typ	0	NA	Attchd	1950	Unf	1	240	TA	TA	Y	366	0	112	0	0	0	NA	NA	NA	0	4	2010	WD 	Normal	142125
128	0534431050	050	RL	68	9724	Pave	NA	Reg	Lvl	AllPub	Inside	Gtl	NAmes	Norm	Norm	1Fam	1.5Fin	5	7	1952	2002	Gable	CompShg	MetalSd	MetalSd	BrkFace	265	Gd	TA	CBlock	TA	TA	No	LwQ	670	Unf	0	470	1140	GasA	Gd	Y	SBrkr	1929	532	0	2461	0	0	2	0	3	1	TA	7	Min2	2	Gd	Detchd	1994	Unf	2	400	TA	TA	Y	0	0	0	0	0	0	NA	GdWo	NA	0	3	2010	WD 	Normal	197600
129	0534431070	050	RL	120	17360	Pave	NA	Reg	Lvl	AllPub	Corner	Gtl	NAmes	Artery	Norm	1Fam	1.5Fin	6	6	1949	1950	Gable	CompShg	MetalSd	MetalSd	Stone	340	TA	Gd	CBlock	TA	TA	No	Rec	300	Unf	0	482	782	GasA	TA	Y	SBrkr	1019	537	0	1556	0	0	2	0	3	1	TA	6	Typ	1	Gd	Attchd	1949	Unf	2	470	TA	TA	Y	0	0	150	0	0	0	NA	NA	NA	0	1	2010	WD 	Normal	172500
130	0534450180	020	RL	50	7207	Pave	NA	IR1	Lvl	AllPub	Inside	Gtl	BrkSide	Norm	Norm	1Fam	1Story	5	7	1958	2008	Gable	CompShg	Wd Sdng	Plywood	None	0	TA	Gd	CBlock	TA	TA	Gd	BLQ	696	Unf	0	162	858	GasA	Gd	Y	SBrkr	858	0	0	858	1	0	1	0	2	1	TA	4	Typ	0	NA	NA		NA	0	0	NA	NA	Y	117	0	0	0	0	0	NA	NA	NA	0	2	2010	WD 	Normal	116500
131	0534451150	030	RL	55	5350	Pave	NA	IR1	Lvl	AllPub	Inside	Gtl	BrkSide	Norm	Norm	1Fam	1Story	3	2	1940	1966	Gable	CompShg	Wd Sdng	Plywood	None	0	TA	Po	CBlock	TA	TA	No	Unf	0	Unf	0	728	728	GasA	Ex	Y	SBrkr	1306	0	0	1306	0	0	1	0	3	1	Fa	6	Mod	0	NA	NA		NA	0	0	NA	NA	Y	263	0	0	0	0	0	NA	GdWo	Shed	450	5	2010	WD 	Normal	76500
132	0534475100	020	RL	80	9920	Pave	NA	Reg	Lvl	AllPub	Inside	Gtl	NAmes	Norm	Norm	1Fam	1Story	5	5	1954	1954	Gable	CompShg	HdBoard	HdBoard	Stone	110	TA	TA	CBlock	TA	TA	No	Rec	354	LwQ	290	412	1056	GasA	TA	Y	SBrkr	1063	0	0	1063	1	0	1	0	3	1	TA	6	Typ	0	NA	Attchd	1954	RFn	1	280	TA	TA	Y	0	0	164	0	0	0	NA	MnPrv	NA	0	2	2010	WD 	Normal	128000
133	0534476260	080	RL	80	9600	Pave	NA	Reg	Lvl	AllPub	Inside	Gtl	NAmes	Norm	Norm	1Fam	SLvl	6	6	1955	1972	Gable	CompShg	AsbShng	AsbShng	BrkFace	164	TA	TA	CBlock	TA	TA	Av	BLQ	674	LwQ	132	350	1156	GasA	Ex	Y	SBrkr	1520	0	0	1520	1	0	1	0	3	1	TA	7	Typ	2	Gd	Basment	1955	RFn	1	364	TA	TA	Y	0	0	189	0	0	0	NA	NA	NA	0	3	2010	WD 	Normal	153000
134	0534479320	020	RL	78	7800	Pave	NA	Reg	Lvl	AllPub	Inside	Gtl	NAmes	Norm	Norm	1Fam	1Story	5	6	1954	1954	Gable	CompShg	HdBoard	HdBoard	BrkFace	200	TA	TA	PConc	TA	TA	No	LwQ	540	Unf	0	728	1268	GasA	Gd	Y	SBrkr	1268	0	0	1268	0	0	1	0	2	1	TA	7	Typ	1	Gd	Attchd	1954	Fin	1	244	TA	TA	Y	0	98	0	0	0	0	NA	NA	NA	0	3	2010	WD 	Normal	132000
135	0535101020	085	RL	75	11380	Pave	NA	IR1	Lvl	AllPub	Inside	Gtl	NAmes	Norm	Norm	1Fam	SFoyer	6	8	1966	2008	Gable	CompShg	HdBoard	HdBoard	BrkFace	216	TA	TA	CBlock	TA	TA	Gd	GLQ	944	Unf	0	136	1080	GasA	Gd	Y	SBrkr	1128	0	0	1128	1	0	1	0	2	1	Gd	5	Typ	1	Gd	Attchd	1966	Unf	1	315	TA	TA	Y	238	0	0	0	0	0	NA	NA	Shed	1500	1	2010	WD 	Normal	178000
136	0535106190	090	RL	80	11600	Pave	NA	Reg	Lvl	AllPub	Corner	Gtl	NAmes	Feedr	Norm	Duplex	2Story	5	5	1960	1960	Gable	CompShg	MetalSd	MetalSd	BrkFace	361	TA	TA	CBlock	TA	TA	No	Rec	443	Unf	0	662	1105	GasA	TA	Y	FuseA	1105	1169	0	2274	0	0	2	0	5	2	TA	12	Typ	0	NA	Detchd	1960	Unf	2	480	TA	TA	Y	0	0	0	0	0	0	NA	NA	NA	0	1	2010	WD 	Normal	154300
137	0535125010	020	RL		19900	Pave	NA	Reg	Lvl	AllPub	Inside	Gtl	NAmes	PosA	Norm	1Fam	1Story	7	5	1970	1989	Gable	CompShg	Plywood	Plywood	BrkFace	287	TA	TA	CBlock	Gd	TA	Gd	GLQ	912	Unf	0	1035	1947	GasA	TA	Y	SBrkr	2207	0	0	2207	1	0	2	0	3	1	TA	7	Min1	1	Gd	Attchd	1970	RFn	2	576	TA	TA	Y	301	0	0	0	0	0	NA	NA	NA	0	7	2010	WD 	Normal	180000
138	0535126040	020	RL	137	16492	Pave	NA	IR1	Lvl	AllPub	Corner	Gtl	NAmes	PosA	Norm	1Fam	1Story	6	6	1966	2002	Gable	CompShg	BrkFace	Plywood	None	0	Gd	TA	CBlock	TA	TA	No	ALQ	247	Rec	713	557	1517	GasA	Ex	Y	SBrkr	1888	0	0	1888	0	0	2	1	2	1	Gd	6	Mod	1	Gd	Attchd	1966	Fin	2	578	TA	TA	Y	0	0	0	0	0	0	NA	NA	NA	0	6	2010	WD 	Normal	190000
139	0535152010	090	RL	70	8267	Pave	NA	Reg	Lvl	AllPub	Corner	Gtl	NAmes	Feedr	Norm	Duplex	1Story	5	5	1958	1958	Gable	CompShg	HdBoard	HdBoard	None	0	TA	TA	CBlock	TA	TA	No	Unf	0	Unf	0	1604	1604	GasA	TA	Y	SBrkr	1604	0	0	1604	0	0	2	0	4	2	TA	8	Typ	0	NA	Attchd	1958	Unf	2	576	TA	TA	Y	42	0	0	0	0	0	NA	NA	NA	0	3	2010	WD 	Normal	135000
140	0535152050	020	RL	70	8197	Pave	NA	Reg	Lvl	AllPub	Inside	Gtl	NAmes	Norm	Norm	1Fam	1Story	7	5	2003	2009	Gable	CompShg	VinylSd	VinylSd	BrkFace	506	Gd	TA	PConc	Gd	TA	No	GLQ	1188	Unf	0	292	1480	GasA	Ex	Y	SBrkr	1480	0	0	1480	1	0	2	0	3	1	Gd	7	Typ	0	NA	Attchd	2003	RFn	2	620	TA	TA	Y	252	73	0	0	0	0	NA	MnPrv	Shed	300	2	2010	WD 	Normal	214000
141	0535152130	020	RL		8050	Pave	NA	IR1	Lvl	AllPub	Inside	Gtl	NAmes	Norm	Norm	1Fam	1Story	5	5	1959	1959	Hip	CompShg	MetalSd	MetalSd	BrkFace	150	TA	TA	CBlock	TA	TA	No	BLQ	856	Rec	162	125	1143	GasA	TA	Y	SBrkr	1143	0	0	1143	1	0	1	0	3	1	TA	6	Typ	0	NA	Attchd	1959	RFn	1	308	TA	TA	Y	0	0	0	0	0	0	NA	GdPrv	NA	0	5	2010	WD 	Normal	136000
142	0535152150	020	RL	70	10552	Pave	NA	IR1	Lvl	AllPub	Inside	Gtl	NAmes	Norm	Norm	1Fam	1Story	5	5	1959	1959	Hip	CompShg	BrkFace	BrkFace	None	0	TA	TA	CBlock	TA	TA	No	Rec	1018	Unf	0	380	1398	GasA	Gd	Y	SBrkr	1700	0	0	1700	0	1	1	1	4	1	Gd	6	Typ	1	Gd	Attchd	1959	RFn	2	447	TA	TA	Y	0	38	0	0	0	0	NA	NA	NA	0	4	2010	WD 	Normal	165500
143	0535152250	020	RL	70	8400	Pave	NA	Reg	Lvl	AllPub	Inside	Gtl	NAmes	Norm	Norm	1Fam	1Story	5	6	1957	1957	Gable	CompShg	MetalSd	MetalSd	None	0	TA	Gd	CBlock	TA	TA	No	Rec	922	Unf	0	392	1314	GasA	TA	Y	SBrkr	1314	0	0	1314	1	0	1	0	3	1	TA	5	Typ	0	NA	Attchd	1957	RFn	1	294	TA	TA	Y	250	0	0	0	0	0	NA	NA	NA	0	6	2010	WD 	Normal	145000
144	0535153070	020	RL	73	8760	Pave	NA	Reg	Lvl	AllPub	Inside	Gtl	NAmes	Norm	Norm	1Fam	1Story	6	6	1959	1959	Hip	CompShg	MetalSd	MetalSd	BrkFace	220	TA	TA	CBlock	TA	TA	No	Unf	0	Unf	0	1194	1194	GasA	TA	Y	SBrkr	1194	0	0	1194	1	0	1	0	3	1	TA	6	Typ	0	NA	Attchd	1959	RFn	1	312	TA	TA	Y	0	0	120	0	0	0	NA	NA	NA	0	4	2010	WD 	Normal	148000
145	0535154050	020	RL		12160	Pave	NA	IR1	Lvl	AllPub	Inside	Gtl	NAmes	Norm	Norm	1Fam	1Story	5	5	1959	1959	Hip	CompShg	Plywood	Plywood	BrkFace	180	TA	TA	CBlock	TA	TA	No	Rec	1000	Unf	0	188	1188	GasA	Fa	Y	SBrkr	1188	0	0	1188	1	0	1	0	3	1	TA	6	Typ	0	NA	Attchd	1959	RFn	2	531	TA	TA	Y	0	0	0	0	0	0	NA	MnPrv	NA	0	5	2010	COD	Abnorml	142000
146	0535175070	020	RL	73	9300	Pave	NA	Reg	Lvl	AllPub	Inside	Gtl	NAmes	Feedr	Norm	1Fam	1Story	5	5	1960	1960	Gable	CompShg	MetalSd	HdBoard	BrkFace	324	TA	TA	CBlock	TA	TA	No	Rec	697	Unf	0	571	1268	GasA	TA	Y	SBrkr	1264	0	0	1264	1	0	1	0	3	1	TA	6	Typ	2	Gd	Attchd	1960	Unf	2	461	TA	TA	Y	0	0	0	0	143	0	NA	NA	NA	0	4	2010	WD 	Normal	167500
147	0535175180	020	RL	87	10725	Pave	NA	IR1	Lvl	AllPub	Inside	Gtl	NAmes	Norm	Norm	1Fam	1Story	5	5	1959	1959	Hip	CompShg	MetalSd	MetalSd	BrkFace	91	TA	TA	CBlock	TA	TA	No	Rec	936	Unf	0	270	1206	GasA	Fa	Y	SBrkr	1206	0	0	1206	0	0	1	0	3	1	TA	6	Typ	0	NA	Attchd	1959	RFn	1	312	TA	TA	Y	0	21	0	0	0	0	NA	NA	NA	0	5	2010	WD 	Normal	108538
148	0535179020	020	RL	80	10032	Pave	NA	Reg	Lvl	AllPub	Inside	Gtl	NAmes	Norm	Norm	1Fam	1Story	6	5	1959	1959	Gable	CompShg	Wd Sdng	Wd Sdng	Stone	432	TA	TA	CBlock	TA	TA	No	Rec	734	Unf	0	510	1244	GasA	Ex	Y	SBrkr	1580	0	0	1580	1	0	1	1	3	1	TA	6	Typ	2	Gd	Attchd	1956	Unf	2	440	TA	TA	Y	0	28	0	0	160	0	NA	GdWo	NA	0	6	2010	WD 	Normal	159500
149	0535180130	050	RL	60	8382	Pave	NA	Reg	Lvl	AllPub	Inside	Gtl	NAmes	Norm	Norm	1Fam	1.5Fin	4	5	1956	1956	Gable	CompShg	MetalSd	MetalSd	None	0	TA	TA	CBlock	TA	TA	No	Unf	0	Unf	0	832	832	GasA	TA	Y	FuseA	832	505	0	1337	0	0	1	0	3	1	TA	5	Typ	0	NA	Attchd	1956	Unf	1	263	TA	TA	Y	0	0	0	0	0	0	NA	NA	NA	0	2	2010	WD 	Normal	108000
150	0535302080	020	RL	60	10950	Pave	NA	Reg	Lvl	AllPub	Inside	Gtl	NAmes	Norm	Norm	1Fam	1Story	5	7	1952	1952	Gable	CompShg	WdShing	Wd Shng	None	0	TA	TA	CBlock	TA	TA	No	BLQ	339	Unf	0	525	864	GasA	TA	Y	SBrkr	1064	0	0	1064	0	1	1	0	2	1	Fa	4	Typ	0	NA	Detchd	1952	Unf	1	318	TA	TA	Y	0	0	0	0	0	0	NA	NA	NA	0	5	2010	WD 	Normal	135000
151	0535302200	020	RL	119	10895	Pave	NA	Reg	Lvl	AllPub	Corner	Gtl	NAmes	Norm	Norm	1Fam	1Story	5	6	1955	1955	Gable	CompShg	MetalSd	MetalSd	None	0	TA	Gd	CBlock	TA	TA	No	Rec	648	Unf	0	324	972	GasA	TA	Y	SBrkr	972	0	0	972	0	0	1	0	3	1	TA	5	Typ	0	NA	Attchd	1955	Unf	1	305	TA	TA	Y	0	0	205	0	0	0	NA	GdWo	NA	0	6	2010	WD 	Normal	122500
152	0535304060	190	RL	70	13587	Pave	NA	Reg	Lvl	AllPub	Inside	Gtl	NAmes	Norm	Norm	2fmCon	1Story	5	5	1958	1958	Gable	CompShg	MetalSd	MetalSd	None	0	TA	TA	CBlock	TA	TA	Av	Rec	532	Unf	0	456	988	GasA	TA	Y	SBrkr	988	0	0	988	1	0	1	0	2	1	TA	5	Typ	0	NA	Attchd	1958	Unf	1	264	TA	TA	Y	0	0	0	0	0	0	NA	NA	NA	0	4	2010	WD 	Abnorml	119000
153	0535304180	020	RL	68	7922	Pave	NA	Reg	Lvl	AllPub	Inside	Gtl	NAmes	Norm	Norm	1Fam	1Story	5	7	1953	2007	Gable	CompShg	VinylSd	VinylSd	None	0	TA	Gd	CBlock	TA	TA	No	GLQ	731	Unf	0	326	1057	GasA	TA	Y	SBrkr	1057	0	0	1057	1	0	1	0	3	1	Gd	5	Typ	0	NA	Detchd	1953	Unf	1	246	TA	TA	Y	0	52	0	0	0	0	NA	NA	NA	0	1	2010	WD 	Abnorml	109000
154	0535325400	030	RL	65	7898	Pave	NA	Reg	Lvl	AllPub	Corner	Gtl	NAmes	Norm	Norm	1Fam	1Story	4	7	1920	1994	Gable	CompShg	MetalSd	MetalSd	None	0	TA	TA	BrkTil	TA	TA	No	Unf	0	Unf	0	576	576	GasA	Gd	Y	SBrkr	985	0	0	985	0	1	1	0	2	1	TA	4	Typ	0	NA	Detchd	1989	Unf	2	676	TA	TA	N	0	0	0	0	0	0	NA	NA	NA	0	4	2010	WD 	Normal	105000
155	0535327140	020	RL	60	7200	Pave	NA	Reg	Lvl	AllPub	Inside	Gtl	NAmes	Norm	Norm	1Fam	1Story	5	7	1955	2007	Gable	CompShg	VinylSd	VinylSd	None	0	TA	TA	Slab	NA	NA	NA	NA	0	NA	0	0	0	GasA	Ex	Y	SBrkr	827	0	0	827	0	0	1	0	2	1	TA	5	Mod	1	Po	Detchd	1967	Unf	1	392	TA	TA	Y	0	0	0	0	0	0	NA	NA	NA	0	4	2010	WD 	Normal	107500
156	0535350030	020	RL	85	10200	Pave	NA	Reg	Lvl	AllPub	Inside	Gtl	NAmes	Norm	Norm	1Fam	1Story	5	7	1954	2003	Gable	CompShg	Wd Sdng	Wd Sdng	BrkFace	104	TA	TA	CBlock	TA	TA	No	ALQ	320	BLQ	362	404	1086	GasA	Gd	Y	SBrkr	1086	0	0	1086	1	0	1	0	3	1	TA	6	Typ	0	NA	Attchd	1989	Unf	2	490	TA	TA	Y	0	0	0	0	0	0	NA	GdWo	NA	0	5	2010	WD 	Normal	144900
157	0535350040	020	RL	74	5868	Pave	NA	Reg	Lvl	AllPub	Inside	Gtl	NAmes	Norm	Norm	1Fam	1Story	5	7	1956	2000	Gable	CompShg	MetalSd	MetalSd	None	0	TA	TA	CBlock	TA	TA	No	BLQ	248	Rec	240	448	936	GasA	Ex	Y	SBrkr	936	0	0	936	1	0	1	0	2	1	TA	4	Typ	0	NA	Attchd	1956	Fin	1	308	TA	TA	Y	0	0	80	0	160	0	NA	NA	NA	0	5	2010	WD 	Normal	129000
158	0535353190	050	RL	78	17503	Pave	NA	Reg	Lvl	AllPub	Inside	Gtl	NAmes	Artery	Norm	1Fam	1.5Fin	6	5	1948	1950	Gable	CompShg	VinylSd	VinylSd	None	0	TA	TA	CBlock	TA	TA	No	Unf	0	Unf	0	912	912	GasA	TA	Y	SBrkr	912	546	0	1458	0	1	1	0	3	1	TA	6	Typ	1	Gd	Attchd	1948	Unf	1	330	TA	TA	Y	192	0	0	0	0	0	NA	NA	NA	0	1	2010	WD 	Abnorml	97500
159	0535377090	090	RL	64	6979	Pave	NA	Reg	Lvl	AllPub	Inside	Gtl	OldTown	Norm	Norm	Duplex	SFoyer	6	5	1980	1980	Gable	CompShg	Plywood	Plywood	None	0	TA	TA	CBlock	TA	TA	No	GLQ	1056	Unf	0	0	1056	GasA	Gd	Y	SBrkr	1056	0	0	1056	2	0	0	0	0	2	TA	4	Typ	0	NA	Detchd	1980	Unf	2	576	TA	TA	Y	264	56	0	0	0	0	NA	GdPrv	Shed	600	6	2010	WD 	Normal	144000
160	0535401080	020	RL		9830	Pave	NA	IR1	Lvl	AllPub	Corner	Gtl	NAmes	Norm	Norm	1Fam	1Story	5	7	1959	2006	Gable	CompShg	Wd Sdng	Wd Sdng	None	0	TA	Gd	CBlock	TA	TA	No	ALQ	72	Rec	258	733	1063	GasA	Ex	Y	SBrkr	1287	0	0	1287	1	0	1	0	3	1	Gd	7	Typ	1	Gd	Detchd	1997	Fin	2	576	TA	TA	Y	364	17	0	0	182	0	NA	NA	NA	0	3	2010	WD 	Normal	162000
161	0535425010	080	RL	96	11275	Pave	NA	Reg	Lvl	AllPub	Corner	Gtl	NAmes	PosN	Norm	1Fam	SLvl	7	7	1967	2007	Mansard	WdShake	Wd Sdng	Wd Sdng	BrkFace	300	Gd	Gd	CBlock	Gd	TA	No	Unf	0	Unf	0	710	710	GasA	Ex	Y	SBrkr	1898	1080	0	2978	0	0	2	1	5	1	Gd	11	Typ	1	Gd	BuiltIn	1961	Fin	2	564	TA	TA	Y	240	0	0	0	0	0	NA	NA	NA	0	6	2010	WD 	Normal	242000
162	0535450210	050	RL	60	8064	Pave	NA	Reg	Lvl	AllPub	Inside	Gtl	NAmes	Artery	Norm	1Fam	1.5Fin	6	8	1948	2004	Gable	CompShg	WdShing	Wd Shng	None	0	TA	TA	CBlock	TA	TA	No	ALQ	481	Rec	174	161	816	GasA	TA	Y	SBrkr	816	408	0	1224	1	0	1	0	3	1	TA	5	Typ	0	NA	Detchd	1950	Unf	1	280	TA	TA	Y	414	0	0	0	0	0	NA	GdWo	NA	0	5	2010	WD 	Normal	132000
163	0535453070	020	RL	75	7500	Pave	NA	Reg	Lvl	AllPub	Inside	Gtl	NAmes	Norm	Norm	1Fam	1Story	5	7	1959	1994	Hip	CompShg	BrkFace	BrkFace	None	0	TA	TA	CBlock	TA	TA	No	LwQ	340	Rec	906	0	1246	GasA	Ex	Y	SBrkr	1246	0	0	1246	1	0	1	1	3	1	Gd	6	Typ	0	NA	Attchd	1959	RFn	1	305	TA	TA	Y	218	0	0	0	0	0	NA	GdPrv	NA	0	5	2010	WD 	Normal	154000
164	0535454070	050	RL	71	8520	Pave	NA	Reg	Lvl	AllPub	Corner	Gtl	NAmes	Artery	Norm	1Fam	1.5Fin	5	4	1952	1952	Gable	CompShg	BrkFace	Wd Sdng	None	0	TA	Fa	CBlock	TA	TA	No	Rec	507	Unf	0	403	910	GasA	Fa	Y	SBrkr	910	475	0	1385	0	0	2	0	4	1	TA	6	Typ	0	NA	Detchd	2000	Unf	2	720	TA	TA	Y	0	0	0	0	0	0	NA	MnPrv	NA	0	6	2010	WD 	Normal	166000
165	0535456110	020	RL	60	7200	Pave	NA	Reg	Lvl	AllPub	Corner	Gtl	NAmes	Norm	Norm	1Fam	1Story	5	7	1951	2000	Gable	CompShg	Wd Sdng	Wd Sdng	None	0	TA	TA	CBlock	TA	TA	Mn	BLQ	234	Rec	486	180	900	GasA	TA	Y	SBrkr	900	0	0	900	0	1	1	0	3	1	Gd	5	Typ	0	NA	Detchd	2005	Unf	2	576	TA	TA	Y	222	32	0	0	0	0	NA	NA	NA	0	5	2010	WD 	Normal	134800
166	0535457010	020	RL	87	10000	Pave	NA	IR1	Lvl	AllPub	Corner	Gtl	NAmes	Norm	Norm	1Fam	1Story	6	6	1962	1962	Hip	CompShg	Wd Sdng	Wd Sdng	BrkFace	261	TA	TA	CBlock	TA	TA	No	Unf	0	Unf	0	1116	1116	GasA	TA	Y	SBrkr	1116	0	0	1116	0	0	1	1	3	1	TA	5	Typ	0	NA	Attchd	1962	Unf	2	440	TA	TA	Y	0	0	0	0	385	0	NA	NA	NA	0	2	2010	WD 	Normal	160000
167	0535457090	020	RL	81	7635	Pave	NA	IR1	Lvl	AllPub	Corner	Gtl	NAmes	Norm	Norm	1Fam	1Story	5	6	1960	1960	Gable	CompShg	BrkFace	Wd Sdng	None	0	TA	TA	CBlock	TA	TA	No	Rec	588	LwQ	350	237	1175	GasA	Ex	Y	SBrkr	1175	0	0	1175	0	0	1	1	3	1	TA	6	Typ	0	NA	Detchd	1960	RFn	2	484	TA	TA	Y	0	0	0	0	0	0	NA	NA	NA	0	6	2010	WD 	Normal	148000
168	0535476350	020	RL	80	9760	Pave	NA	Reg	Lvl	AllPub	Inside	Mod	NAmes	Norm	Norm	1Fam	1Story	6	7	1963	1984	Hip	CompShg	Wd Sdng	Wd Sdng	BrkFace	218	TA	TA	CBlock	TA	TA	Gd	BLQ	717	LwQ	263	415	1395	GasA	TA	Y	SBrkr	1395	0	0	1395	1	0	1	0	2	1	TA	7	Min1	1	TA	Attchd	1963	RFn	2	440	TA	TA	Y	657	0	113	0	240	0	NA	NA	NA	0	5	2010	WD 	Normal	192000
169	0535477020	060	RL	70	7700	Pave	NA	Reg	Lvl	AllPub	Inside	Gtl	NAmes	PosN	Norm	1Fam	2Story	6	5	1966	1966	Gable	CompShg	MetalSd	MetalSd	BrkFace	351	TA	TA	CBlock	TA	TA	No	Unf	0	Unf	0	756	756	GasA	TA	Y	SBrkr	1051	788	0	1839	0	0	1	1	4	1	TA	7	Typ	1	TA	Attchd	1966	Unf	2	442	TA	TA	Y	0	124	216	0	0	0	NA	NA	NA	0	6	2010	WD 	Normal	155000
170	0902102100	050	RM	60	4800	Pave	NA	Reg	Lvl	AllPub	Corner	Gtl	OldTown	Norm	Norm	1Fam	1.5Fin	4	5	1900	1954	Hip	CompShg	Wd Sdng	Wd Sdng	BrkFace	771	TA	TA	PConc	TA	TA	No	ALQ	48	Unf	0	661	709	GasA	TA	Y	SBrkr	1157	687	0	1844	1	0	1	0	3	1	TA	9	Min2	2	Gd	Basment	1900	Unf	1	240	TA	TA	Y	84	0	0	0	0	0	NA	NA	NA	0	1	2010	COD	Abnorml	80400
171	0902104060	050	RM	55	8800	Pave	Grvl	Reg	Lvl	AllPub	Corner	Gtl	OldTown	Norm	Norm	1Fam	1.5Fin	4	7	1910	2004	Gable	CompShg	Wd Sdng	Wd Sdng	None	0	TA	TA	BrkTil	TA	Fa	No	Unf	0	Unf	0	576	576	GasA	Gd	Y	SBrkr	792	348	0	1140	0	0	1	0	3	1	TA	7	Min2	0	NA	NA		NA	0	0	NA	NA	N	0	160	0	0	0	0	NA	NA	NA	0	6	2010	WD 	Normal	96500
172	0902106130	030	RM	56	4485	Pave	Grvl	Reg	Lvl	AllPub	Inside	Gtl	OldTown	Artery	Norm	1Fam	1Story	5	7	1920	1950	Gable	CompShg	Wd Sdng	Wd Sdng	None	0	TA	TA	PConc	TA	TA	No	BLQ	579	Unf	0	357	936	GasA	TA	Y	SBrkr	936	0	0	936	1	0	1	0	2	1	TA	5	Typ	1	Gd	NA		NA	0	0	NA	NA	P	51	0	135	0	0	0	NA	MnPrv	NA	0	5	2010	WD 	Normal	109500
173	0902106140	030	RM	56	8960	Pave	Grvl	Reg	Lvl	AllPub	Inside	Gtl	OldTown	Artery	Norm	1Fam	1Story	5	6	1927	1950	Gable	CompShg	WdShing	Wd Shng	None	0	TA	TA	CBlock	TA	TA	No	Unf	0	Unf	0	1008	1008	GasA	Gd	Y	FuseA	1028	0	0	1028	0	0	1	0	2	1	TA	5	Typ	1	Gd	Detchd	1927	Unf	2	360	TA	TA	Y	0	0	130	0	0	0	NA	NA	NA	0	3	2010	WD 	Normal	115000
174	0902110090	020	RM	69	5805	Pave	Grvl	Reg	Bnk	AllPub	Inside	Mod	OldTown	Norm	Norm	1Fam	1Story	5	7	1957	1957	Hip	CompShg	MetalSd	MetalSd	None	0	TA	TA	CBlock	TA	TA	Mn	BLQ	274	Rec	1073	0	1347	GasA	Gd	Y	SBrkr	1347	0	0	1347	1	1	1	0	3	1	Gd	6	Typ	0	NA	Detchd	1957	Unf	2	551	TA	TA	Y	0	0	0	0	0	0	NA	NA	NA	0	6	2010	WD 	Normal	143000
175	0902125080	050	RM	60	5790	Pave	NA	Reg	Lvl	AllPub	Corner	Gtl	OldTown	Norm	Norm	1Fam	2Story	3	6	1915	1950	Gambrel	CompShg	VinylSd	VinylSd	None	0	Gd	Gd	CBlock	Fa	TA	No	Unf	0	Unf	0	840	840	GasA	Gd	N	SBrkr	840	765	0	1605	0	0	2	0	3	2	TA	8	Typ	0	NA	Detchd	1915	Unf	1	379	TA	TA	Y	0	0	202	0	0	0	NA	NA	NA	0	5	2010	WD 	Normal	107400
176	0902125160	030	RM	47	4608	Pave	NA	Reg	Lvl	AllPub	Corner	Gtl	OldTown	Artery	Norm	1Fam	1Story	4	6	1945	1950	Gable	CompShg	MetalSd	MetalSd	None	0	TA	Gd	CBlock	TA	TA	No	Unf	0	Unf	0	747	747	GasA	TA	Y	SBrkr	747	0	0	747	0	0	1	0	2	1	TA	4	Typ	0	NA	Attchd	1945	Unf	1	220	TA	TA	Y	0	0	0	0	0	0	NA	NA	NA	0	6	2010	WD 	Normal	80000
177	0902128170	030	RM	60	7200	Pave	NA	Reg	Lvl	AllPub	Corner	Gtl	OldTown	Norm	Norm	1Fam	1Story	5	7	1940	1992	Gable	CompShg	MetalSd	MetalSd	Stone	294	TA	Gd	CBlock	TA	TA	No	BLQ	510	Unf	0	278	788	GasA	TA	Y	SBrkr	804	0	0	804	1	0	1	0	2	1	Gd	4	Typ	2	Gd	Attchd	1940	Unf	1	240	TA	TA	Y	0	0	154	0	0	0	NA	MnPrv	NA	0	2	2010	WD 	Abnorml	119000
178	0902206040	050	RM	50	5500	Pave	NA	Reg	Lvl	AllPub	Corner	Gtl	OldTown	Norm	Norm	1Fam	1.5Fin	5	7	1929	2001	Gable	CompShg	Wd Sdng	Wd Sdng	None	0	TA	TA	BrkTil	TA	TA	No	LwQ	234	ALQ	692	0	926	GasA	TA	Y	SBrkr	926	0	390	1316	1	0	1	0	3	1	TA	6	Typ	0	NA	Detchd	1974	Unf	2	484	TA	TA	Y	0	0	0	0	0	0	NA	NA	NA	0	4	2010	WD 	Normal	130000
179	0902206130	045	RM	50	6900	Pave	NA	Reg	Lvl	AllPub	Corner	Gtl	OldTown	Norm	Norm	1Fam	1.5Fin	6	7	1938	2000	Gable	CompShg	MetalSd	MetalSd	None	0	TA	TA	PConc	Gd	TA	No	Unf	0	Unf	0	827	827	GasA	Gd	Y	SBrkr	827	424	0	1251	0	0	1	0	3	1	Fa	6	Typ	0	NA	Detchd	1938	Unf	1	240	Fa	TA	N	0	0	0	0	0	0	NA	NA	NA	0	1	2010	WD 	Normal	119000
180	0902206220	050	RM	69	11851	Pave	NA	Reg	Lvl	AllPub	Inside	Gtl	OldTown	Artery	Norm	1Fam	1.5Fin	5	7	1948	2009	Gable	CompShg	VinylSd	VinylSd	None	0	TA	Gd	BrkTil	TA	TA	No	BLQ	780	Unf	0	247	1027	GasA	Ex	Y	SBrkr	1027	606	0	1633	0	0	1	0	3	1	Gd	7	Typ	1	Gd	Detchd	1948	Unf	1	240	TA	TA	Y	0	100	126	0	0	0	NA	NA	NA	0	6	2010	WD 	Normal	129000
181	0902206240	050	RM		8239	Pave	NA	Reg	Lvl	AllPub	Inside	Gtl	OldTown	Artery	Norm	1Fam	1.5Fin	5	6	1920	1962	Gable	CompShg	MetalSd	MetalSd	None	0	TA	TA	BrkTil	TA	TA	No	Rec	176	Unf	0	832	1008	GasA	TA	Y	SBrkr	1060	185	0	1245	0	0	1	0	3	1	TA	6	Typ	0	NA	Detchd	1962	Unf	1	315	TA	TA	Y	0	0	334	0	0	0	NA	NA	NA	0	3	2010	WD 	Normal	100000
182	0902207130	030	RM	68	9656	Pave	NA	Reg	Lvl	AllPub	Inside	Gtl	OldTown	Norm	Norm	1Fam	1Story	2	2	1923	1970	Gable	CompShg	AsbShng	AsbShng	None	0	TA	Fa	BrkTil	Fa	Fa	No	Unf	0	Unf	0	678	678	GasA	TA	N	SBrkr	832	0	0	832	0	0	1	0	2	1	TA	5	Typ	1	Gd	Detchd	1928	Unf	2	780	Fa	Fa	N	0	0	0	0	0	0	NA	NA	NA	0	6	2010	WD 	Abnorml	12789
183	0902207140	030	RM	60	8520	Pave	NA	Reg	Lvl	AllPub	Inside	Gtl	OldTown	Norm	Norm	1Fam	1Story	6	8	1928	2003	Gable	CompShg	VinylSd	VinylSd	None	0	TA	Gd	BrkTil	TA	TA	No	Unf	0	Unf	0	624	624	GasA	Gd	Y	SBrkr	720	0	0	720	0	0	1	0	2	1	TA	5	Typ	0	NA	Detchd	2005	Unf	2	484	TA	TA	Y	106	0	0	0	0	0	NA	NA	NA	0	5	2010	WD 	Normal	105900
184	0902305110	070	RM	60	9600	Pave	Grvl	Reg	Lvl	AllPub	Corner	Gtl	OldTown	Norm	Norm	1Fam	2Story	8	9	1900	2003	Gable	CompShg	Wd Sdng	Wd Sdng	None	0	Gd	Gd	BrkTil	TA	TA	No	Unf	0	Unf	0	930	930	GasW	TA	N	SBrkr	930	636	0	1566	0	0	2	0	3	1	Gd	7	Typ	0	NA	Detchd	1930	Unf	1	288	TA	TA	Y	54	228	246	0	0	0	NA	NA	NA	0	4	2010	WD 	Abnorml	150000
185	0902327040	050	RM	60	10800	Pave	NA	Reg	Lvl	AllPub	Inside	Gtl	OldTown	Artery	Norm	1Fam	1.5Fin	5	6	1915	1950	Gable	CompShg	MetalSd	MetalSd	None	0	TA	Gd	PConc	Fa	TA	No	LwQ	686	Unf	0	0	686	GasA	TA	Y	SBrkr	966	686	0	1652	1	0	2	0	4	1	TA	7	Typ	0	NA	Detchd	1961	Unf	1	416	TA	TA	Y	0	0	196	0	0	0	NA	NA	Shed	1200	6	2010	WD 	Normal	139000
186	0902329030	070	RM	50	9000	Pave	Grvl	Reg	Lvl	AllPub	Inside	Gtl	OldTown	Norm	Norm	1Fam	2Story	8	9	1890	2002	Gable	CompShg	Wd Sdng	Wd Sdng	None	0	Gd	Gd	Stone	Fa	Fa	No	Unf	0	Unf	0	346	346	GasA	Ex	Y	SBrkr	1157	1111	0	2268	0	0	3	0	3	1	Gd	7	Typ	0	NA	Detchd	2003	Unf	2	624	TA	TA	N	0	108	0	0	0	0	NA	NA	NA	0	4	2010	WD 	Normal	240000
187	0902401060	190	RM	100	9045	Pave	NA	Reg	Lvl	AllPub	Inside	Gtl	OldTown	Norm	Norm	2fmCon	2Story	5	3	1910	1950	Gable	CompShg	MetalSd	MetalSd	None	0	TA	Fa	BrkTil	TA	TA	Mn	Unf	0	Unf	0	840	840	Grav	Fa	N	FuseF	1128	1128	0	2256	0	0	2	0	4	2	Fa	12	Typ	0	NA	NA		NA	0	0	NA	NA	N	0	18	18	0	0	0	NA	NA	NA	0	6	2010	WD 	Abnorml	76500
188	0902402010	020	RM	90	7407	Pave	NA	Reg	Lvl	AllPub	Inside	Gtl	OldTown	Artery	Norm	1Fam	1Story	6	7	1957	1996	Gable	CompShg	MetalSd	MetalSd	None	0	TA	TA	CBlock	TA	TA	No	GLQ	600	Unf	0	312	912	GasA	TA	Y	FuseA	1236	0	0	1236	1	0	1	0	2	1	TA	6	Typ	0	NA	Attchd	1957	Unf	2	923	TA	TA	Y	0	158	158	0	0	0	NA	MnPrv	NA	0	4	2010	WD 	Normal	149700
189	0902402130	070	RM	60	7740	Pave	NA	Reg	Lvl	AllPub	Inside	Gtl	OldTown	Norm	Norm	1Fam	2Story	4	7	1910	1950	Gable	CompShg	VinylSd	VinylSd	None	0	TA	TA	CBlock	Fa	TA	No	Unf	0	Unf	0	622	622	GasA	Gd	Y	SBrkr	741	622	0	1363	0	0	1	0	3	1	TA	6	Typ	0	NA	Detchd	1966	Unf	2	528	TA	TA	Y	0	0	0	0	168	0	NA	NA	NA	0	6	2010	WD 	Normal	125500
190	0902402250	190	RM	60	11340	Pave	NA	Reg	Lvl	AllPub	Inside	Gtl	OldTown	Norm	Norm	2fmCon	2Story	4	6	1885	1950	Gable	CompShg	VinylSd	AsbShng	None	0	TA	TA	PConc	TA	TA	No	Unf	0	Unf	0	777	777	GasA	Gd	Y	SBrkr	1246	1044	0	2290	0	0	2	0	4	2	TA	11	Typ	0	NA	Detchd	1971	Unf	2	560	TA	TA	N	0	0	114	0	0	0	NA	NA	NA	0	4	2010	WD 	Normal	122500
191	0902403070	070	RM	60	10560	Pave	NA	Reg	Lvl	AllPub	Inside	Gtl	OldTown	Norm	Norm	1Fam	2Story	6	7	1922	1994	Gable	CompShg	Wd Sdng	Wd Sdng	None	0	TA	TA	CBlock	Fa	TA	No	Rec	283	Unf	0	455	738	GasA	Ex	Y	SBrkr	868	602	0	1470	0	0	1	1	2	1	TA	6	Min1	0	NA	Detchd	1970	Unf	2	624	TA	TA	Y	0	0	0	0	0	0	NA	NA	NA	0	6	2010	WD 	Normal	140750
192	0903204040	050	RM	53	5830	Pave	NA	Reg	Lvl	AllPub	Corner	Gtl	BrkSide	Feedr	Feedr	1Fam	1.5Fin	5	6	1950	1997	Gable	CompShg	MetalSd	MetalSd	None	0	TA	Gd	CBlock	TA	TA	No	Rec	788	Unf	0	200	988	GasA	Ex	Y	SBrkr	1030	582	0	1612	0	0	1	1	3	1	TA	7	Typ	0	NA	Detchd	1950	Unf	1	363	TA	TA	Y	0	0	0	0	0	0	NA	MnPrv	NA	0	3	2010	WD 	Normal	128500
193	0903206120	075	RL		7793	Pave	NA	IR1	Bnk	AllPub	Corner	Gtl	BrkSide	Norm	Norm	1Fam	2.5Unf	7	7	1922	2005	Gable	CompShg	Wd Sdng	Wd Sdng	None	0	TA	TA	BrkTil	Gd	TA	No	BLQ	474	Unf	0	634	1108	GasA	TA	N	FuseA	1160	908	0	2068	0	0	1	1	3	1	Gd	8	Typ	1	Gd	Detchd	1928	Unf	1	315	TA	TA	Y	0	0	60	0	0	0	NA	NA	NA	0	5	2010	WD 	Normal	209500
194	0903225150	030	RM	50	5000	Pave	NA	Reg	Lvl	AllPub	Inside	Gtl	BrkSide	Feedr	Norm	1Fam	1Story	4	7	1925	1950	Gable	CompShg	MetalSd	MetalSd	None	0	TA	TA	BrkTil	TA	TA	No	Rec	188	Unf	0	577	765	GasA	TA	N	FuseF	765	0	0	765	1	0	1	0	2	1	Gd	4	Typ	0	NA	Detchd	1926	Unf	1	200	Fa	TA	P	135	0	41	0	0	0	NA	MnPrv	NA	0	4	2010	WD 	Normal	87000
195	0903226160	050	RM	50	6000	Pave	NA	Reg	Lvl	AllPub	Inside	Gtl	BrkSide	Norm	Norm	1Fam	1.5Fin	6	7	1939	1950	Gable	CompShg	MetalSd	MetalSd	None	0	TA	TA	BrkTil	TA	Gd	No	BLQ	452	LwQ	12	144	608	GasA	TA	Y	SBrkr	608	524	0	1132	1	0	1	0	2	1	TA	5	Typ	0	NA	Detchd	1939	Unf	1	240	TA	TA	Y	0	0	128	0	0	0	NA	MnPrv	NA	0	4	2010	WD 	Abnorml	134000
196	0903227020	050	RM	50	6000	Pave	NA	Reg	Lvl	AllPub	Inside	Gtl	BrkSide	Norm	Norm	1Fam	1.5Fin	6	6	1940	1950	Gable	CompShg	MetalSd	MetalSd	None	0	TA	Gd	CBlock	TA	TA	No	LwQ	264	Unf	0	308	572	GasA	Ex	Y	FuseA	848	348	0	1196	0	1	1	1	3	1	TA	6	Typ	2	Gd	Detchd	1973	Unf	2	576	TA	TA	Y	0	0	0	0	0	0	NA	NA	NA	0	3	2010	WD 	Normal	128000
197	0903227150	050	RM	53	6360	Pave	NA	Reg	Lvl	AllPub	Corner	Gtl	BrkSide	Feedr	Norm	1Fam	1.5Fin	5	6	1942	1950	Gable	CompShg	MetalSd	MetalSd	Stone	300	TA	TA	CBlock	TA	TA	No	Rec	360	LwQ	159	316	835	GasA	TA	Y	FuseA	955	498	0	1453	0	0	1	1	3	1	Gd	7	Min2	2	Fa	Detchd	1942	Unf	1	240	TA	TA	Y	0	0	35	0	148	0	NA	NA	NA	0	3	2010	WD 	Normal	132000
198	0903228150	050	RM	50	6000	Pave	NA	Reg	Lvl	AllPub	Inside	Gtl	BrkSide	Norm	Norm	1Fam	1.5Fin	6	7	1948	1950	Gable	CompShg	Wd Sdng	Wd Sdng	None	0	TA	TA	CBlock	TA	TA	No	Rec	300	Unf	0	480	780	GasA	TA	Y	SBrkr	780	636	0	1416	0	0	1	1	3	1	TA	6	Typ	0	NA	Detchd	1948	Unf	1	312	TA	TA	P	221	0	48	0	0	0	NA	NA	NA	0	3	2010	WD 	Normal	139900
199	0903232190	050	RM	52	6240	Pave	NA	Reg	Lvl	AllPub	Inside	Gtl	BrkSide	Norm	Norm	1Fam	1.5Fin	5	7	1936	1980	Gable	CompShg	VinylSd	VinylSd	None	0	TA	TA	CBlock	TA	Fa	No	Rec	276	Unf	0	252	528	GasA	Gd	Y	SBrkr	548	492	0	1040	0	0	1	0	2	1	TA	5	Typ	0	NA	Detchd	1979	Fin	2	624	TA	TA	P	306	0	32	0	0	0	NA	NA	NA	0	5	2010	WD 	Normal	123900
200	0903233120	050	RM	52	6240	Pave	NA	Reg	Lvl	AllPub	Inside	Gtl	BrkSide	Norm	Norm	1Fam	1.5Fin	5	5	1930	1950	Gable	CompShg	MetalSd	MetalSd	None	0	TA	TA	BrkTil	TA	TA	No	LwQ	448	Unf	0	480	928	GasA	TA	Y	FuseF	928	608	0	1536	0	0	2	0	4	1	TA	7	Typ	1	Gd	Detchd	1930	Unf	2	480	TA	TA	Y	0	10	0	0	0	0	NA	MnPrv	NA	0	3	2010	WD 	Normal	138400
201	0903234050	030	RM	51	6120	Pave	NA	Reg	Lvl	AllPub	Inside	Gtl	OldTown	Artery	Norm	1Fam	1Story	6	5	1923	1950	Gable	CompShg	Wd Sdng	Wd Sdng	None	0	TA	TA	BrkTil	Fa	Fa	No	ALQ	960	Unf	0	164	1124	GasA	TA	Y	SBrkr	1068	0	0	1068	1	0	1	0	2	1	TA	5	Typ	1	Gd	Detchd	1923	Unf	1	288	TA	TA	Y	0	0	128	0	0	0	NA	NA	NA	0	3	2010	WD 	Normal	109500
202	0903425110	070	RM	50	10300	Pave	NA	IR1	Bnk	AllPub	Inside	Gtl	OldTown	RRAn	Feedr	1Fam	2Story	7	6	1921	1950	Gable	CompShg	Stucco	Stucco	None	0	TA	TA	BrkTil	TA	TA	No	Unf	0	Unf	0	576	576	GasA	Gd	Y	SBrkr	902	808	0	1710	0	0	2	0	3	1	TA	9	Typ	0	NA	Detchd	1990	Unf	2	480	TA	TA	Y	12	11	64	0	0	0	NA	GdPrv	NA	0	4	2010	WD 	Normal	140000
203	0903426180	050	RM	57	8094	Pave	Grvl	Reg	Lvl	AllPub	Inside	Gtl	OldTown	Norm	Norm	1Fam	1.5Fin	4	5	1915	1950	Gable	CompShg	MetalSd	MetalSd	None	0	TA	Fa	CBlock	TA	TA	No	Unf	0	Unf	0	888	888	GasA	Ex	Y	SBrkr	888	1074	0	1962	0	0	1	1	4	1	TA	9	Typ	1	TA	Detchd	1915	Unf	2	572	TA	TA	Y	160	0	364	0	0	0	NA	GdPrv	NA	0	6	2010	WD 	Normal	149500
204	0903426200	070	RM	60	12900	Pave	Grvl	Reg	Lvl	AllPub	Inside	Gtl	OldTown	Norm	Norm	1Fam	2Story	6	8	1912	2009	Gable	CompShg	Wd Sdng	Wd Sdng	None	0	Gd	Gd	PConc	TA	TA	No	Unf	0	Unf	0	780	780	GasA	Ex	Y	SBrkr	780	780	0	1560	0	0	1	1	3	1	Gd	7	Typ	0	NA	NA		NA	0	0	NA	NA	N	344	0	0	0	168	0	NA	NA	NA	0	5	2010	WD 	Normal	159900
205	0903430080	070	RM	52	3068	Pave	Grvl	Reg	Lvl	AllPub	Inside	Gtl	OldTown	Norm	Norm	1Fam	2Story	6	8	1920	1993	Gable	CompShg	VinylSd	VinylSd	None	0	TA	Gd	BrkTil	TA	TA	No	Unf	0	Unf	0	662	662	GasA	Ex	Y	SBrkr	662	662	0	1324	0	1	1	0	3	1	TA	6	Typ	0	NA	Detchd	1920	Unf	1	180	TA	TA	Y	0	0	112	0	0	0	NA	GdPrv	NA	0	2	2010	WD 	Normal	122000
206	0903450110	090	RM	110	8472	Grvl	NA	IR2	Bnk	AllPub	Corner	Mod	IDOTRR	RRNn	Norm	Duplex	1Story	5	5	1963	1963	Gable	CompShg	Wd Sdng	Wd Sdng	None	0	Fa	TA	CBlock	Gd	TA	Gd	LwQ	104	GLQ	712	0	816	GasA	TA	N	SBrkr	816	0	0	816	1	0	1	0	2	1	TA	5	Typ	0	NA	CarPort	1963	Unf	2	516	TA	TA	Y	106	0	0	0	0	0	NA	NA	NA	0	5	2010	WD 	Normal	110000
207	0903454060	190	RM	70	5600	Pave	NA	Reg	Lvl	AllPub	Inside	Gtl	IDOTRR	Norm	Norm	2fmCon	2Story	4	5	1930	1950	Hip	CompShg	VinylSd	Wd Shng	None	0	Fa	Fa	Slab	NA	NA	NA	NA	0	NA	0	0	0	GasA	Fa	N	SBrkr	372	720	0	1092	0	0	2	0	3	2	Fa	7	Mod	0	NA	NA		NA	0	0	NA	NA	N	0	0	0	0	0	0	NA	NA	Othr	3500	7	2010	WD 	Normal	55000
208	0903476030	190	RM	76	7630	Pave	NA	Reg	Lvl	AllPub	Inside	Gtl	OldTown	Feedr	Norm	2fmCon	2Story	5	9	1900	1996	Gable	CompShg	Wd Sdng	Wd Sdng	None	0	TA	Gd	BrkTil	Gd	TA	No	Unf	0	Unf	0	360	360	GasA	Gd	Y	SBrkr	1032	780	0	1812	0	0	2	0	4	2	Gd	8	Typ	1	Po	Detchd	1999	Unf	2	672	TA	TA	N	344	0	40	0	0	0	NA	MnPrv	NA	0	5	2010	WD 	Normal	140000
209	0904100140	070	RL		24090	Pave	NA	Reg	Lvl	AllPub	Inside	Gtl	ClearCr	Norm	Norm	1Fam	2Story	7	7	1940	1950	Gable	CompShg	MetalSd	MetalSd	None	0	TA	Gd	CBlock	TA	TA	Mn	Unf	0	Unf	0	1032	1032	GasA	Ex	Y	SBrkr	1207	1196	0	2403	0	0	2	0	4	1	TA	10	Typ	2	TA	Attchd	1940	Unf	1	349	TA	TA	Y	56	0	318	0	0	0	NA	NA	NA	0	6	2010	COD	Normal	244400
210	0904101110	020	RL	100	15263	Pave	NA	IR1	Lvl	AllPub	Inside	Gtl	ClearCr	Feedr	Norm	1Fam	1Story	5	5	1959	1959	Gable	CompShg	HdBoard	HdBoard	BrkFace	90	TA	TA	CBlock	Gd	TA	No	Rec	766	Unf	0	656	1422	GasA	Gd	Y	SBrkr	1675	0	0	1675	0	0	2	0	3	1	TA	8	Typ	2	Gd	Attchd	1959	Unf	1	365	TA	TA	Y	0	132	0	0	0	0	NA	NA	NA	0	5	2010	WD 	Normal	173000
211	0904300150	050	RL	72	10632	Pave	NA	IR1	Lvl	AllPub	Inside	Gtl	ClearCr	Norm	Norm	1Fam	1.5Fin	5	3	1917	1950	Gable	CompShg	Wd Sdng	Wd Sdng	None	0	TA	TA	BrkTil	Gd	Fa	No	Unf	0	Unf	0	689	689	GasA	Gd	N	SBrkr	725	499	0	1224	0	0	1	1	3	1	Po	6	Mod	0	NA	Detchd	1917	Unf	1	180	Fa	Fa	N	0	0	248	0	0	0	NA	NA	NA	0	1	2010	COD	Normal	107500
212	0904302260	190	RL	60	9900	Pave	NA	Reg	Lvl	AllPub	Inside	Gtl	SWISU	Norm	Norm	2fmCon	1.5Fin	5	4	1915	1950	Gable	CompShg	Wd Sdng	Wd Shng	None	0	Fa	Fa	BrkTil	TA	TA	No	Rec	1026	Unf	0	186	1212	GasA	TA	N	SBrkr	1212	180	0	1392	1	0	1	0	3	1	TA	6	Typ	0	NA	NA		NA	0	0	NA	NA	N	0	0	168	0	0	0	NA	NA	NA	0	2	2010	ConLD	Normal	100000
213	0904350045	050	RL	65	6001	Pave	NA	IR1	Bnk	AllPub	Inside	Mod	SWISU	Norm	Norm	1Fam	1.5Fin	6	5	1940	1950	Gable	CompShg	VinylSd	VinylSd	None	0	TA	TA	CBlock	Fa	TA	No	LwQ	368	Unf	0	232	600	GasA	Ex	N	SBrkr	600	319	0	919	0	0	1	0	3	1	TA	5	Typ	0	NA	Detchd	1940	Unf	1	231	TA	TA	Y	0	0	45	0	0	0	NA	MnPrv	NA	0	3	2010	WD 	Normal	95000
214	0904351040	070	C (all)		6449	Pave	NA	IR1	Lvl	AllPub	Inside	Gtl	SWISU	Norm	Norm	1Fam	2Story	4	1	1907	1950	Gambrel	CompShg	Wd Sdng	Stucco	None	0	TA	TA	CBlock	TA	TA	No	Rec	73	Unf	0	634	707	GasW	TA	N	SBrkr	942	942	0	1884	0	0	1	1	4	1	TA	7	Typ	0	NA	NA		NA	0	0	NA	NA	N	0	0	239	0	0	0	NA	NA	NA	0	3	2010	WD 	Abnorml	93369
215	0904352190	190	RH	60	6048	Pave	NA	Reg	Lvl	AllPub	Corner	Gtl	SWISU	Artery	Norm	2fmCon	1.5Fin	5	7	1910	1950	Gable	CompShg	Wd Sdng	Wd Sdng	None	0	TA	Gd	BrkTil	TA	TA	Mn	LwQ	736	Unf	0	120	856	GasA	Gd	Y	SBrkr	936	744	0	1680	1	0	2	0	2	2	TA	7	Typ	1	Gd	Detchd	1910	Unf	2	450	TA	Fa	P	56	144	0	0	0	0	NA	NA	NA	0	6	2010	COD	Normal	114900
216	0905101100	050	RL	54	6342	Pave	NA	Reg	Lvl	AllPub	Inside	Gtl	Sawyer	Feedr	Norm	1Fam	1.5Fin	5	8	1875	1996	Gable	CompShg	VinylSd	VinylSd	None	0	TA	Gd	CBlock	TA	TA	No	Unf	0	Unf	0	780	780	GasA	Gd	N	SBrkr	780	240	0	1020	0	0	1	0	2	1	TA	6	Typ	0	NA	NA		NA	0	0	NA	NA	N	0	0	176	0	0	0	NA	NA	NA	0	5	2010	WD 	Normal	94000
217	0905101300	090	RL	72	10773	Pave	NA	Reg	Lvl	AllPub	Inside	Gtl	Sawyer	Norm	Norm	Duplex	1Story	4	3	1967	1967	Gable	Tar&Grv	Plywood	Plywood	BrkFace	72	Fa	Fa	CBlock	TA	TA	No	ALQ	704	Unf	0	1128	1832	GasA	TA	N	SBrkr	1832	0	0	1832	2	0	2	0	4	2	TA	8	Typ	0	NA	NA		NA	0	0	NA	NA	Y	0	58	0	0	0	0	NA	NA	NA	0	5	2010	WD 	Normal	136000
218	0905101310	090	RL	72	10778	Pave	NA	Reg	Lvl	AllPub	Inside	Gtl	Sawyer	Norm	Norm	Duplex	1Story	4	5	1968	1968	Hip	CompShg	HdBoard	HdBoard	None	0	TA	TA	CBlock	TA	TA	No	Unf	0	Unf	0	1768	1768	GasA	TA	N	SBrkr	1768	0	0	1768	0	0	2	0	4	2	TA	8	Typ	0	NA	NA		NA	0	0	NA	NA	Y	0	0	0	0	0	0	NA	NA	NA	0	4	2010	WD 	Normal	136500
219	0905102060	190	RL	75	11625	Pave	NA	Reg	Lvl	AllPub	Inside	Gtl	Sawyer	Norm	Norm	2fmCon	1Story	5	4	1965	1965	Hip	CompShg	Plywood	HdBoard	None	0	TA	TA	PConc	TA	TA	Mn	BLQ	841	Unf	0	198	1039	GasA	Ex	Y	SBrkr	1039	0	0	1039	1	0	1	1	3	1	TA	6	Typ	0	NA	Attchd	1965	Unf	2	504	TA	TA	Y	0	0	0	0	0	0	NA	NA	NA	0	4	2010	WD 	Normal	131500
220	0905103060	020	RL		11341	Pave	NA	IR1	Lvl	AllPub	Inside	Gtl	Sawyer	Norm	Norm	1Fam	1Story	5	6	1957	1996	Hip	CompShg	Wd Sdng	Wd Sdng	BrkFace	180	TA	TA	CBlock	Gd	TA	No	ALQ	1302	Unf	0	90	1392	GasA	TA	Y	SBrkr	1392	0	0	1392	1	0	1	1	3	1	TA	5	Mod	1	Gd	Detchd	1957	Unf	2	528	TA	TA	Y	0	0	0	0	95	0	NA	NA	NA	0	5	2010	WD 	Normal	121500
221	0905104210	020	RL	70	8521	Pave	NA	Reg	Lvl	AllPub	FR2	Gtl	Sawyer	Feedr	Norm	1Fam	1Story	5	5	1967	1967	Gable	CompShg	HdBoard	HdBoard	None	0	TA	TA	CBlock	TA	TA	No	ALQ	842	Unf	0	70	912	GasA	TA	Y	SBrkr	912	0	0	912	0	0	1	0	3	1	TA	5	Typ	1	Fa	Detchd	1974	Unf	1	336	TA	TA	Y	0	0	0	0	0	0	NA	MnPrv	NA	0	5	2010	WD 	Normal	125000
222	0905105070	020	RL		8246	Pave	NA	IR1	Lvl	AllPub	Inside	Gtl	Sawyer	Norm	Norm	1Fam	1Story	5	8	1968	2001	Gable	CompShg	Plywood	Plywood	None	0	TA	Gd	CBlock	TA	TA	Mn	Rec	188	ALQ	668	204	1060	GasA	Ex	Y	SBrkr	1060	0	0	1060	1	0	1	0	3	1	Gd	6	Typ	1	TA	Attchd	1968	Unf	1	270	TA	TA	Y	406	90	0	0	0	0	NA	MnPrv	NA	0	5	2010	WD 	Normal	154000
223	0905105200	020	RL	65	7800	Pave	NA	Reg	Lvl	AllPub	Inside	Gtl	Sawyer	Norm	Norm	1Fam	1Story	5	7	1966	2008	Hip	CompShg	HdBoard	HdBoard	BrkFace	47	TA	TA	CBlock	TA	TA	Mn	BLQ	240	Rec	474	150	864	GasA	Ex	Y	SBrkr	892	0	0	892	1	0	1	0	3	1	Gd	5	Typ	0	NA	Detchd	1966	Unf	1	416	TA	TA	Y	0	0	0	0	0	0	NA	NA	NA	0	6	2010	WD 	Normal	137900
224	0905106140	060	RL	80	9364	Pave	NA	Reg	Lvl	AllPub	Corner	Gtl	Sawyer	Norm	Norm	1Fam	2Story	6	7	1969	1969	Gable	CompShg	HdBoard	HdBoard	Stone	143	TA	TA	CBlock	TA	TA	No	ALQ	371	Unf	0	292	663	GasA	TA	Y	SBrkr	663	689	0	1352	0	0	1	1	4	1	TA	7	Typ	0	NA	Attchd	1969	Fin	1	299	TA	TA	Y	379	36	0	0	0	0	NA	MnPrv	NA	0	3	2010	WD 	Normal	158000
225	0905106170	020	RL	65	7832	Pave	NA	Reg	Lvl	AllPub	Inside	Gtl	Sawyer	Norm	Norm	1Fam	1Story	5	5	1968	1968	Hip	CompShg	HdBoard	HdBoard	None	0	TA	TA	CBlock	TA	TA	No	GLQ	775	Unf	0	89	864	GasA	Ex	Y	SBrkr	864	0	0	864	1	0	1	0	2	1	TA	4	Typ	0	NA	Detchd	1969	Unf	1	280	TA	TA	Y	226	0	0	0	0	0	NA	NA	NA	0	5	2010	WD 	Normal	137250
226	0905107110	090	RL		7424	Pave	NA	IR1	Lvl	AllPub	Inside	Gtl	Sawyer	Norm	Norm	Duplex	SFoyer	5	5	1978	1978	Gable	CompShg	Plywood	Plywood	None	0	TA	TA	CBlock	Gd	TA	Av	GLQ	1319	Unf	0	0	1319	GasA	TA	Y	SBrkr	1373	0	0	1373	1	0	1	0	3	1	TA	5	Typ	2	TA	Attchd	1978	Fin	2	591	TA	TA	Y	0	0	0	0	0	0	NA	NA	NA	0	5	2010	WD 	Normal	160250
227	0905107250	060	RL	86	11227	Pave	NA	Reg	Lvl	AllPub	Inside	Gtl	Sawyer	Norm	Norm	1Fam	2Story	5	5	1968	1968	Gable	CompShg	HdBoard	HdBoard	None	0	TA	Gd	CBlock	TA	Gd	No	Rec	267	ALQ	453	0	720	GasA	Ex	Y	SBrkr	720	720	0	1440	0	0	1	1	4	1	TA	7	Typ	2	TA	Attchd	1968	Unf	2	480	TA	TA	Y	192	38	0	0	0	0	NA	MnPrv	NA	0	3	2010	WD 	Normal	163000
228	0905107320	060	RL		11616	Pave	NA	IR1	Lvl	AllPub	CulDSac	Gtl	Sawyer	Norm	Norm	1Fam	2Story	6	5	1978	1978	Hip	CompShg	HdBoard	HdBoard	BrkCmn	328	TA	TA	CBlock	TA	TA	Mn	Rec	438	Unf	0	234	672	GasA	TA	Y	SBrkr	672	714	0	1386	0	0	2	1	3	1	TA	6	Typ	1	TA	Attchd	1978	Fin	2	440	TA	TA	Y	335	0	0	0	0	0	NA	GdPrv	NA	0	4	2010	WD 	Abnorml	158900
229	0905109130	060	RL	80	14000	Pave	NA	Reg	Lvl	AllPub	Inside	Mod	ClearCr	Norm	Norm	1Fam	2Story	7	5	1996	1997	Gable	CompShg	Wd Sdng	Wd Sdng	None	0	Gd	TA	PConc	Ex	TA	Gd	GLQ	1201	Unf	0	105	1306	GasA	Ex	Y	SBrkr	1306	954	0	2260	1	0	2	1	3	1	Gd	7	Typ	0	NA	Attchd	1996	RFn	2	533	TA	TA	Y	296	44	0	0	0	0	NA	NA	NA	0	4	2010	WD 	Normal	328000
230	0905109170	020	RL		20062	Pave	NA	IR1	Low	AllPub	Inside	Mod	ClearCr	Norm	Norm	1Fam	1Story	7	7	1977	2001	Hip	CompShg	Wd Sdng	Wd Sdng	None	0	Gd	Gd	CBlock	Gd	TA	Gd	ALQ	1092	Unf	0	328	1420	GasA	Gd	Y	SBrkr	1483	0	0	1483	1	0	1	1	1	1	TA	4	Typ	2	TA	Attchd	1977	RFn	2	690	TA	TA	Y	496	0	0	0	0	0	NA	NA	NA	0	4	2010	WD 	Normal	270000
231	0905201030	030	RL	94	9259	Pave	NA	Reg	Lvl	AllPub	Corner	Gtl	Sawyer	Feedr	Norm	1Fam	1Story	4	4	1927	1950	Gable	CompShg	Wd Sdng	Wd Sdng	None	0	TA	TA	BrkTil	Fa	TA	No	Unf	0	Unf	0	660	660	GasA	TA	N	SBrkr	756	0	0	756	0	0	1	0	2	1	TA	4	Typ	0	NA	Detchd	1945	Unf	2	440	TA	TA	N	80	0	0	0	0	0	NA	NA	NA	0	6	2010	WD 	Normal	85000
232	0905202090	020	RL	60	9600	Pave	NA	Reg	Lvl	AllPub	Inside	Gtl	Sawyer	Norm	Norm	1Fam	1Story	4	7	1950	1995	Gable	CompShg	VinylSd	HdBoard	None	0	TA	TA	CBlock	Gd	TA	No	BLQ	442	Unf	0	625	1067	GasA	TA	Y	SBrkr	1067	0	0	1067	0	0	2	0	2	1	Gd	4	Min2	0	NA	Attchd	1996	Unf	2	436	TA	TA	Y	290	0	0	0	0	0	NA	NA	NA	0	2	2010	WD 	Normal	128000
233	0905325030	040	RL		23595	Pave	NA	Reg	Low	AllPub	Inside	Sev	ClearCr	Norm	Norm	1Fam	1Story	7	6	1979	1979	Shed	WdShake	Plywood	Plywood	None	0	Gd	TA	PConc	Gd	TA	Gd	GLQ	1258	Unf	0	74	1332	GasA	TA	Y	SBrkr	1332	192	0	1524	2	0	0	1	0	1	Gd	4	Typ	1	TA	Attchd	1979	Fin	2	586	TA	TA	Y	268	0	0	0	0	0	NA	NA	NA	0	4	2010	WD 	Normal	260000
234	0905352140	060	RL		17082	Pave	NA	IR1	Low	AllPub	CulDSac	Mod	ClearCr	Norm	Norm	1Fam	2Story	6	5	1978	1992	Gable	CompShg	VinylSd	VinylSd	BrkFace	288	TA	TA	PConc	Gd	TA	Av	ALQ	964	Unf	0	153	1117	GasA	Ex	Y	SBrkr	1117	864	0	1981	1	0	2	1	4	1	Gd	8	Typ	1	TA	Attchd	1978	Fin	2	522	TA	TA	Y	336	104	0	0	0	0	NA	NA	NA	0	5	2010	WD 	Normal	230000
235	0905378040	050	RL	124	18600	Pave	NA	Reg	Lvl	AllPub	Inside	Gtl	Edwards	Norm	Norm	1Fam	1.5Fin	3	4	1938	1990	Gable	CompShg	Wd Sdng	Wd Sdng	None	0	TA	TA	CBlock	TA	TA	Mn	BLQ	288	LwQ	684	0	972	GasA	TA	Y	FuseA	1052	558	0	1610	0	1	2	0	4	1	Fa	8	Typ	1	Gd	Attchd	1938	RFn	1	480	TA	TA	Y	0	0	60	0	0	0	NA	NA	Shed	450	6	2010	WD 	Normal	124000
236	0905426060	030	RL	85	10625	Pave	NA	Reg	Lvl	AllPub	Corner	Gtl	Edwards	Norm	Norm	1Fam	1Story	5	5	1920	1950	Gable	CompShg	Wd Sdng	Wd Sdng	None	0	TA	TA	BrkTil	TA	TA	No	ALQ	108	Unf	0	350	458	GasA	Fa	N	SBrkr	835	0	0	835	0	0	1	0	2	1	TA	5	Typ	0	NA	Basment	1920	Unf	1	366	Fa	TA	Y	0	0	77	0	0	0	NA	NA	Shed	400	5	2010	COD	Abnorml	83000
237	0905426200	020	RL	65	11479	Pave	NA	Reg	Lvl	AllPub	Inside	Gtl	Edwards	Norm	Norm	1Fam	1Story	6	7	1950	1987	Gable	CompShg	Wd Sdng	Plywood	None	0	TA	TA	CBlock	TA	TA	No	GLQ	104	Rec	387	172	663	GasA	Ex	Y	SBrkr	1074	0	0	1074	1	0	1	0	3	1	Gd	6	Typ	1	TA	Attchd	1987	Unf	1	467	TA	TA	Y	0	52	52	0	0	0	NA	MnPrv	NA	0	6	2010	WD 	Normal	144500
238	0905451320	020	RL	68	9571	Pave	NA	Reg	Lvl	AllPub	Inside	Gtl	Edwards	Norm	Norm	1Fam	1Story	5	6	1956	1956	Gable	CompShg	Wd Sdng	Wd Sdng	None	0	TA	TA	CBlock	TA	TA	Av	BLQ	739	Unf	0	405	1144	GasA	TA	Y	SBrkr	1144	0	0	1144	1	0	1	0	3	1	TA	6	Typ	0	NA	Attchd	1956	Unf	1	596	TA	TA	Y	44	0	0	0	0	0	NA	NA	NA	0	6	2010	WD 	Normal	129000
239	0905452110	050	RL	50	9350	Pave	NA	Reg	Bnk	AllPub	Inside	Gtl	Edwards	Norm	Norm	1Fam	1.5Fin	4	6	1947	1979	Gable	CompShg	WdShing	Wd Shng	None	0	TA	TA	CBlock	TA	Fa	No	LwQ	192	Unf	0	564	756	GasA	Ex	Y	SBrkr	1169	0	362	1531	0	0	1	0	3	1	TA	8	Typ	1	TA	Detchd	1947	Unf	1	209	Fa	TA	Y	0	0	0	0	0	0	NA	MnPrv	NA	0	6	2010	WD 	Normal	127000
240	0905452160	020	RL	75	9525	Pave	NA	Reg	Lvl	AllPub	Inside	Gtl	Edwards	Norm	Norm	1Fam	1Story	5	7	1954	1998	Gable	CompShg	WdShing	Wd Shng	None	0	TA	TA	CBlock	TA	TA	Av	BLQ	954	Unf	0	218	1172	GasA	TA	Y	SBrkr	1172	0	0	1172	1	0	1	0	3	1	TA	5	Typ	0	NA	Attchd	1954	Fin	1	366	TA	TA	Y	240	0	0	0	0	0	NA	NA	NA	0	6	2010	WD 	Normal	128000
241	0905453040	020	RL	83	10420	Pave	NA	Reg	Lvl	AllPub	Corner	Gtl	Edwards	Norm	Norm	1Fam	1Story	6	5	2009	2009	Gable	CompShg	VinylSd	VinylSd	None	0	TA	TA	PConc	Gd	TA	Mn	GLQ	36	Unf	0	1176	1212	GasA	Ex	Y	SBrkr	1212	0	0	1212	0	0	2	0	3	1	Gd	6	Typ	0	NA	Attchd	2009	RFn	2	460	TA	TA	Y	100	22	0	0	0	0	NA	NA	NA	0	3	2010	WD 	Normal	186000
242	0905453080	020	RL	44	17485	Pave	NA	IR2	Lvl	AllPub	Inside	Gtl	Edwards	Norm	Norm	1Fam	1Story	7	5	2009	2010	Gable	CompShg	VinylSd	VinylSd	Stone	96	Gd	TA	PConc	Gd	TA	Gd	GLQ	1346	Unf	0	162	1508	GasA	Ex	Y	SBrkr	1508	0	0	1508	1	0	1	0	1	1	Gd	5	Typ	2	TA	Attchd	2009	RFn	2	572	TA	TA	Y	0	0	0	0	0	0	NA	NA	NA	0	1	2010	Con	Partial	308030
243	0905475510	020	RL		11200	Pave	NA	IR1	Lvl	AllPub	CulDSac	Gtl	Edwards	Norm	Norm	1Fam	1Story	5	3	1964	1964	Gable	CompShg	Wd Sdng	Wd Sdng	None	0	TA	Fa	CBlock	TA	TA	Mn	Unf	0	Unf	0	1250	1250	GasA	Ex	Y	SBrkr	1298	0	0	1298	0	0	2	0	3	1	TA	5	Typ	0	NA	Detchd	1964	Unf	2	504	TA	Fa	N	0	144	0	0	0	0	NA	NA	NA	0	6	2010	COD	Normal	114000
244	0905478190	020	RL	60	11100	Pave	NA	Reg	Low	AllPub	Inside	Gtl	Edwards	Norm	Norm	1Fam	1Story	4	7	1946	2006	Gable	CompShg	MetalSd	MetalSd	None	0	TA	TA	CBlock	NA	NA	NA	NA	0	NA	0	0	0	GasA	Ex	Y	SBrkr	930	0	0	930	0	0	1	0	2	1	Gd	6	Typ	0	NA	Detchd	1946	Unf	1	308	TA	TA	Y	0	0	0	0	0	0	NA	NA	NA	0	4	2010	WD 	Abnorml	84900
245	0906201030	060	RL	77	9206	Pave	NA	Reg	Lvl	AllPub	Inside	Gtl	SawyerW	Norm	Norm	1Fam	2Story	6	5	1985	1985	Gable	CompShg	HdBoard	HdBoard	BrkFace	336	Gd	TA	CBlock	Gd	TA	No	Unf	0	Unf	0	741	741	GasA	TA	Y	SBrkr	977	755	0	1732	0	0	2	1	3	1	Gd	7	Typ	1	TA	Attchd	1985	Fin	2	476	TA	TA	Y	192	46	0	0	0	0	NA	NA	NA	0	6	2010	WD 	Normal	178000
246	0906201120	020	RL	83	11980	Pave	NA	Reg	Low	AllPub	Inside	Mod	SawyerW	Norm	Norm	1Fam	1Story	7	5	1987	1987	Gable	CompShg	Plywood	Plywood	BrkFace	177	Gd	TA	CBlock	Gd	TA	Gd	GLQ	1433	Unf	0	0	1433	GasA	Ex	Y	SBrkr	1433	0	0	1433	1	0	1	1	1	1	Gd	4	Typ	2	TA	Attchd	1987	RFn	2	528	Gd	Gd	Y	0	278	0	0	266	0	NA	MnPrv	NA	0	6	2010	WD 	Normal	270000
247	0906204230	060	RL	87	12361	Pave	NA	IR1	Lvl	AllPub	CulDSac	Gtl	SawyerW	Norm	Norm	1Fam	2Story	6	7	1993	1993	Gable	CompShg	VinylSd	VinylSd	BrkFace	85	Gd	Gd	PConc	Gd	TA	No	GLQ	860	Unf	0	86	946	GasA	Ex	Y	SBrkr	964	838	0	1802	0	1	2	1	3	1	Gd	8	Typ	1	Gd	2Types	2000	RFn	4	1017	TA	TA	Y	450	92	0	0	0	0	NA	NA	NA	0	5	2010	WD 	Normal	218000
248	0906223090	060	RL	80	9938	Pave	NA	Reg	Lvl	AllPub	Inside	Gtl	SawyerW	Norm	Norm	1Fam	2Story	7	5	1993	1994	Gable	CompShg	MetalSd	MetalSd	BrkFace	246	Gd	TA	PConc	Gd	TA	No	GLQ	750	Unf	0	300	1050	GasA	Ex	Y	SBrkr	1062	887	0	1949	1	0	2	1	3	1	Gd	8	Typ	1	TA	Attchd	1993	Fin	2	574	TA	TA	Y	156	90	0	0	0	0	NA	GdPrv	NA	0	6	2010	WD 	Normal	236000
249	0906225210	085	RL	73	9069	Pave	NA	Reg	Lvl	AllPub	Inside	Gtl	SawyerW	Norm	Norm	1Fam	SFoyer	6	6	1992	1992	Gable	CompShg	HdBoard	HdBoard	None	0	TA	TA	PConc	Gd	TA	Av	GLQ	747	Unf	0	189	936	GasA	Ex	Y	SBrkr	996	0	0	996	1	0	1	0	2	1	Gd	5	Typ	0	NA	Attchd	1992	Unf	2	564	TA	TA	Y	120	0	0	0	0	0	NA	NA	NA	0	4	2010	WD 	Normal	147000
250	0906378100	020	RL	64	10475	Pave	NA	IR1	Lvl	AllPub	Corner	Gtl	CollgCr	Norm	Norm	1Fam	1Story	8	5	2008	2008	Gable	CompShg	VinylSd	VinylSd	Stone	72	Gd	TA	PConc	Gd	TA	Av	Unf	0	Unf	0	1694	1694	GasA	Ex	Y	SBrkr	1694	0	0	1694	0	0	2	0	3	1	Gd	7	Typ	0	NA	Attchd	2008	RFn	3	776	TA	TA	Y	160	33	0	0	0	0	NA	NA	NA	0	2	2010	WD 	Normal	245350
251	0906380190	020	RL	64	6762	Pave	NA	Reg	Lvl	AllPub	Inside	Gtl	CollgCr	Norm	Norm	1Fam	1Story	7	5	2006	2006	Gable	CompShg	VinylSd	VinylSd	Stone	24	Gd	TA	PConc	Gd	TA	Av	GLQ	686	Unf	0	501	1187	GasA	Ex	Y	SBrkr	1208	0	0	1208	1	0	2	0	2	1	Gd	6	Typ	0	NA	Attchd	2006	RFn	2	632	TA	TA	Y	105	61	0	0	0	0	NA	NA	NA	0	2	2010	WD 	Normal	206000
252	0906385010	020	RL	94	10402	Pave	NA	IR1	Lvl	AllPub	Corner	Gtl	CollgCr	Norm	Norm	1Fam	1Story	7	5	2009	2009	Gable	CompShg	VinylSd	VinylSd	None	0	TA	TA	PConc	Gd	TA	No	Unf	0	Unf	0	1226	1226	GasA	Ex	Y	SBrkr	1226	0	0	1226	0	0	2	0	3	1	Gd	6	Typ	0	NA	Attchd	2009	RFn	3	740	TA	TA	Y	0	36	0	0	0	0	NA	NA	NA	0	5	2010	WD 	Normal	198900
253	0906385020	020	RL	64	7360	Pave	NA	Reg	Lvl	AllPub	Inside	Gtl	CollgCr	Norm	Norm	1Fam	1Story	7	5	2010	2010	Gable	CompShg	VinylSd	VinylSd	Stone	80	Gd	TA	PConc	Gd	TA	No	GLQ	24	Unf	0	1198	1222	GasA	Ex	Y	SBrkr	1222	0	0	1222	0	0	2	0	2	1	Gd	6	Typ	0	NA	Attchd	2009	RFn	2	615	TA	TA	Y	0	54	0	0	0	0	NA	NA	NA	0	3	2010	WD 	Normal	187000
254	0906402200	060	RL	90	12376	Pave	NA	Reg	Lvl	AllPub	Corner	Gtl	SawyerW	Norm	Norm	1Fam	2Story	7	5	1990	1990	Hip	CompShg	Plywood	Plywood	None	0	TA	TA	PConc	Gd	TA	Mn	GLQ	1470	Unf	0	203	1673	GasA	Gd	Y	SBrkr	1699	1523	0	3222	1	0	3	0	5	1	Gd	11	Typ	2	TA	Attchd	1990	Unf	3	594	TA	TA	Y	367	0	0	0	0	0	NA	NA	NA	0	5	2010	WD 	Normal	320000
255	0906425045	050	RL	82	14235	Pave	NA	IR1	Lvl	AllPub	Inside	Gtl	SawyerW	Norm	Norm	1Fam	1.5Fin	6	8	1900	1993	Gable	CompShg	Wd Sdng	Plywood	None	0	TA	TA	PConc	Fa	Gd	No	Unf	0	Unf	0	676	676	GasA	TA	Y	SBrkr	831	614	0	1445	0	0	2	0	3	1	TA	6	Typ	0	NA	Detchd	1957	Unf	2	484	TA	TA	N	0	59	0	0	0	0	NA	NA	NA	0	3	2010	WD 	Normal	138500
256	0906477110	080	RL	80	8816	Pave	NA	Reg	Lvl	AllPub	Inside	Gtl	ClearCr	Norm	Norm	1Fam	SLvl	6	7	1971	1971	Gable	CompShg	HdBoard	HdBoard	BrkFace	80	TA	TA	CBlock	TA	TA	Av	GLQ	504	Unf	0	506	1010	GasA	Gd	Y	SBrkr	1052	0	0	1052	1	0	1	0	3	1	TA	6	Typ	0	NA	Attchd	1971	Unf	2	440	TA	TA	Y	0	0	0	0	0	0	NA	MnPrv	NA	0	6	2010	WD 	Normal	155000
257	0907125090	085	RL	82	11105	Pave	NA	Reg	Lvl	AllPub	Corner	Gtl	CollgCr	Norm	Norm	1Fam	SFoyer	5	5	1996	1996	Gable	CompShg	VinylSd	VinylSd	None	0	TA	Gd	PConc	Gd	Fa	Av	GLQ	870	Unf	0	0	870	GasA	Gd	Y	SBrkr	965	0	0	965	1	0	1	0	2	1	TA	4	Typ	0	NA	Attchd	1998	Unf	2	580	Gd	TA	Y	71	0	0	0	0	0	NA	GdPrv	NA	0	7	2010	WD 	Normal	159000
258	0907180050	060	RL		9337	Pave	NA	IR1	Lvl	AllPub	Inside	Gtl	CollgCr	Norm	Norm	1Fam	2Story	7	5	1997	1998	Gable	CompShg	VinylSd	VinylSd	None	0	TA	TA	PConc	Gd	TA	No	ALQ	353	Unf	0	525	878	GasA	Ex	Y	SBrkr	892	800	0	1692	0	0	2	1	3	1	TA	8	Typ	1	TA	Attchd	1997	RFn	2	513	TA	TA	Y	0	39	0	0	0	0	NA	NA	NA	0	4	2010	WD 	Normal	191000
259	0907185060	060	RL	70	8750	Pave	NA	Reg	Lvl	AllPub	Inside	Gtl	CollgCr	Norm	Norm	1Fam	2Story	6	5	1998	1998	Gable	CompShg	VinylSd	VinylSd	BrkFace	116	TA	TA	PConc	Gd	TA	No	GLQ	505	Unf	0	299	804	GasA	Ex	Y	SBrkr	804	878	0	1682	0	0	2	1	3	1	Gd	7	Typ	0	NA	Attchd	1998	RFn	2	523	TA	TA	Y	0	77	0	0	0	0	NA	NA	NA	0	6	2010	WD 	Normal	200500
260	0907200280	020	RL	38	15240	Pave	NA	IR1	Lvl	AllPub	FR2	Gtl	CollgCr	Norm	Norm	1Fam	1Story	5	8	1977	2004	Gable	CompShg	CemntBd	CmentBd	None	0	Gd	Gd	CBlock	Gd	TA	No	GLQ	198	Rec	688	140	1026	GasA	Ex	Y	SBrkr	1026	0	0	1026	1	0	1	1	3	1	TA	5	Typ	0	NA	Attchd	1977	Unf	1	308	TA	TA	Y	316	85	0	0	0	0	NA	MnPrv	NA	0	6	2010	WD 	Normal	150000
261	0907200290	060	RL		10900	Pave	NA	IR1	Lvl	AllPub	FR2	Gtl	CollgCr	Norm	Norm	1Fam	2Story	6	7	1977	1977	Gable	CompShg	HdBoard	HdBoard	BrkFace	153	TA	TA	CBlock	Gd	TA	No	GLQ	378	Unf	0	311	689	GasA	Ex	Y	SBrkr	689	703	0	1392	0	0	1	1	3	1	TA	6	Typ	0	NA	Attchd	1977	Fin	1	299	TA	TA	Y	0	36	0	0	0	0	NA	MnPrv	Shed	450	3	2010	WD 	Normal	161750
262	0907200340	020	RL	75	10650	Pave	NA	Reg	Lvl	AllPub	Corner	Gtl	CollgCr	Norm	Norm	1Fam	1Story	5	6	1976	1976	Gable	CompShg	HdBoard	HdBoard	None	0	TA	TA	CBlock	TA	Gd	Av	LwQ	182	ALQ	712	0	894	GasA	TA	Y	SBrkr	894	0	0	894	1	0	1	0	3	1	TA	5	Typ	0	NA	Attchd	1976	Unf	1	308	TA	TA	Y	365	0	0	0	0	0	NA	MnPrv	NA	0	2	2010	WD 	Normal	128200
263	0907203070	020	RL	68	7480	Pave	NA	Reg	Lvl	AllPub	Inside	Gtl	CollgCr	Norm	Norm	1Fam	1Story	5	6	1972	1972	Gable	CompShg	Wd Sdng	Wd Sdng	None	0	TA	TA	CBlock	TA	TA	Av	ALQ	480	Unf	0	396	876	GasA	TA	Y	SBrkr	876	0	0	876	1	0	1	0	3	1	TA	5	Typ	0	NA	Detchd	1977	Unf	2	484	TA	TA	Y	0	0	0	0	0	0	NA	MnPrv	NA	0	6	2010	WD 	Normal	127000
264	0907250030	020	RL	80	10389	Pave	NA	Reg	Lvl	AllPub	Inside	Gtl	CollgCr	Norm	Norm	1Fam	1Story	8	5	2003	2003	Hip	CompShg	CemntBd	CmentBd	BrkFace	320	Gd	TA	PConc	Gd	TA	No	GLQ	1682	Unf	0	296	1978	GasA	Ex	Y	SBrkr	1978	0	0	1978	1	0	2	1	3	1	Gd	8	Typ	1	Gd	Attchd	2003	RFn	3	850	TA	TA	Y	188	25	0	0	0	0	NA	NA	NA	0	5	2010	WD 	Normal	318000
265	0907252120	020	RL		11423	Pave	NA	Reg	Lvl	AllPub	Inside	Gtl	CollgCr	Norm	Norm	1Fam	1Story	8	5	2001	2002	Gable	CompShg	VinylSd	VinylSd	BrkFace	479	Gd	TA	PConc	Gd	TA	Av	GLQ	1358	Unf	0	223	1581	GasA	Ex	Y	SBrkr	1601	0	0	1601	1	0	2	0	3	1	Gd	6	Typ	1	TA	Attchd	2001	RFn	2	670	TA	TA	Y	180	0	0	0	0	0	NA	MnPrv	Shed	2000	5	2010	WD 	Normal	272000
266	0907262050	060	RL	44	9548	Pave	NA	IR1	Lvl	AllPub	CulDSac	Gtl	CollgCr	Norm	Norm	1Fam	2Story	7	6	2003	2003	Gable	CompShg	VinylSd	VinylSd	BrkFace	223	Gd	TA	PConc	Gd	TA	No	GLQ	483	Unf	0	458	941	GasA	Ex	Y	SBrkr	941	888	0	1829	1	0	2	1	3	1	Gd	7	Typ	1	TA	Attchd	2003	RFn	2	613	TA	TA	Y	192	39	0	0	0	0	NA	NA	NA	0	1	2010	WD 	Normal	237000
267	0907280040	060	RL	75	9375	Pave	NA	Reg	Lvl	AllPub	Inside	Gtl	CollgCr	Norm	Norm	1Fam	2Story	7	5	1997	1997	Gable	CompShg	VinylSd	VinylSd	None	0	Gd	TA	PConc	Gd	TA	No	Unf	0	Unf	0	1040	1040	GasA	Ex	Y	SBrkr	1044	1054	0	2098	0	0	2	1	4	1	Gd	9	Typ	1	TA	Attchd	1997	Fin	2	621	TA	TA	Y	331	38	0	0	0	0	NA	NA	NA	0	4	2010	WD 	Normal	240000
268	0907290040	020	RL	48	12137	Pave	NA	IR2	Lvl	AllPub	CulDSac	Gtl	CollgCr	Norm	Norm	1Fam	1Story	7	5	1998	1998	Gable	CompShg	VinylSd	VinylSd	BrkFace	442	TA	TA	PConc	Gd	TA	No	Unf	0	Unf	0	1649	1649	GasA	Ex	Y	SBrkr	1661	0	0	1661	0	0	2	0	3	1	Gd	6	Typ	0	NA	Attchd	1998	RFn	2	598	TA	TA	Y	0	34	0	0	0	0	NA	NA	NA	0	5	2010	WD 	Normal	224900
269	0907290170	120	RM		4435	Pave	NA	Reg	Lvl	AllPub	Inside	Gtl	CollgCr	Norm	Norm	TwnhsE	1Story	6	5	2003	2003	Gable	CompShg	VinylSd	VinylSd	BrkFace	170	Gd	TA	PConc	Gd	TA	Av	GLQ	672	Unf	0	176	848	GasA	Ex	Y	SBrkr	848	0	0	848	1	0	1	0	1	1	Gd	4	Typ	0	NA	Attchd	2003	Fin	2	420	TA	TA	Y	140	0	0	0	0	0	NA	NA	NA	0	4	2010	WD 	Normal	143750
270	0907290240	120	RM		4426	Pave	NA	Reg	Lvl	AllPub	Inside	Gtl	CollgCr	Norm	Norm	TwnhsE	1Story	6	5	2004	2004	Gable	CompShg	VinylSd	VinylSd	BrkFace	169	Gd	TA	PConc	Gd	TA	Av	GLQ	662	Unf	0	186	848	GasA	Ex	Y	SBrkr	848	0	0	848	1	0	1	0	1	1	Gd	3	Typ	0	NA	Attchd	2004	RFn	2	420	TA	TA	Y	160	0	0	0	0	0	NA	NA	NA	0	5	2010	WD 	Normal	143000
271	0907401090	020	RL	48	10635	Pave	NA	IR2	Lvl	AllPub	FR2	Gtl	CollgCr	Norm	Norm	1Fam	1Story	8	5	2003	2003	Hip	CompShg	VinylSd	VinylSd	BrkFace	171	Gd	TA	PConc	Gd	TA	Av	BLQ	370	GLQ	972	315	1657	GasA	Ex	Y	SBrkr	1668	0	0	1668	1	0	2	0	3	1	Gd	8	Typ	1	TA	Attchd	2003	Fin	2	502	TA	TA	Y	0	262	0	0	0	0	NA	NA	NA	0	5	2010	WD 	Normal	232000
272	0907410080	020	RL	70	8400	Pave	NA	Reg	Lvl	AllPub	Inside	Gtl	CollgCr	Norm	Norm	1Fam	1Story	7	5	2004	2005	Gable	CompShg	VinylSd	VinylSd	BrkFace	109	Gd	TA	PConc	Gd	TA	Av	GLQ	712	Unf	0	761	1473	GasA	Ex	Y	SBrkr	1484	0	0	1484	1	0	2	0	3	1	Gd	7	Typ	0	NA	Attchd	2004	RFn	2	606	TA	TA	Y	0	35	0	144	0	0	NA	NA	NA	0	5	2010	WD 	Normal	213000
273	0907414030	020	RL	65	8773	Pave	NA	Reg	Lvl	AllPub	FR2	Gtl	CollgCr	Norm	Norm	1Fam	1Story	7	5	2004	2004	Gable	CompShg	VinylSd	VinylSd	BrkFace	98	Gd	TA	PConc	Gd	TA	Av	GLQ	24	Unf	0	1390	1414	GasA	Ex	Y	SBrkr	1414	0	0	1414	0	0	2	0	3	1	Gd	6	Typ	0	NA	Attchd	2004	RFn	2	494	TA	TA	Y	132	105	0	0	0	0	NA	NA	NA	0	5	2010	WD 	Normal	185500
274	0908102060	030	RL	67	8777	Pave	NA	Reg	Lvl	AllPub	Inside	Mod	Edwards	Feedr	Norm	1Fam	1Story	3	6	1945	2007	Gable	CompShg	VinylSd	VinylSd	None	0	TA	Gd	CBlock	NA	NA	NA	NA	0	NA	0	0	0	GasA	TA	N	SBrkr	640	0	0	640	0	0	1	0	2	1	TA	5	Min1	0	NA	Detchd	1945	Unf	1	240	TA	TA	N	0	0	0	0	0	0	NA	NA	NA	0	4	2010	ConLD	Normal	84900
275	0908102110	020	RL	68	8842	Pave	NA	Reg	Lvl	AllPub	Corner	Gtl	Edwards	Norm	Norm	1Fam	1Story	5	6	1954	1954	Gable	CompShg	VinylSd	VinylSd	None	0	TA	Gd	CBlock	Fa	TA	No	Unf	0	Unf	0	381	381	GasA	Ex	Y	SBrkr	992	0	0	992	0	0	1	0	3	1	TA	6	Typ	0	NA	Detchd	1954	Unf	1	319	TA	TA	Y	60	0	56	0	0	0	NA	MnPrv	NA	0	1	2010	Oth	Abnorml	155891
276	0908102130	090	RL	75	9825	Pave	NA	Reg	Lvl	AllPub	Inside	Gtl	Edwards	Norm	Norm	Duplex	1Story	5	5	1965	1965	Hip	CompShg	AsphShn	AsphShn	None	0	TA	TA	CBlock	NA	NA	NA	NA	0	NA	0	0	0	GasA	TA	N	SBrkr	1664	0	0	1664	0	0	2	0	4	2	TA	8	Typ	0	NA	NA		NA	0	0	NA	NA	Y	0	0	0	0	0	0	NA	NA	NA	0	5	2010	WD 	Normal	100000
277	0908102170	020	RL	60	10044	Pave	NA	IR1	Low	AllPub	CulDSac	Gtl	Edwards	Norm	Norm	1Fam	1Story	5	6	1968	1968	Gable	CompShg	MetalSd	MetalSd	None	0	TA	TA	CBlock	Gd	TA	Gd	ALQ	1070	Unf	0	126	1196	GasA	TA	Y	SBrkr	1196	0	0	1196	1	0	1	0	3	1	TA	6	Typ	0	NA	Attchd	1968	RFn	1	336	TA	TA	Y	257	0	168	0	0	0	NA	MnPrv	NA	0	6	2010	WD 	Normal	144000
278	0908102300	050	RL	89	11792	Pave	NA	Reg	Lvl	AllPub	Inside	Gtl	Edwards	Norm	Norm	1Fam	1.5Fin	4	5	1948	1950	Gable	CompShg	VinylSd	VinylSd	None	0	TA	TA	CBlock	TA	TA	No	Unf	0	Unf	0	744	744	GasA	Ex	N	FuseF	792	328	0	1120	0	0	1	0	2	1	Fa	5	Typ	0	NA	Detchd	1956	Unf	2	480	TA	Fa	P	0	0	0	0	160	0	NA	NA	NA	0	6	2010	WD 	Abnorml	64000
279	0908103350	080	RL	65	6305	Pave	NA	Reg	Lvl	AllPub	Inside	Gtl	Edwards	Norm	Norm	1Fam	SLvl	6	6	1975	1975	Gable	CompShg	Plywood	Plywood	None	0	TA	TA	CBlock	TA	TA	Av	ALQ	528	Unf	0	480	1008	GasA	TA	Y	SBrkr	1096	0	0	1096	1	0	1	0	3	1	TA	5	Typ	1	Fa	Detchd	1975	Unf	1	352	TA	TA	Y	0	0	0	0	0	0	NA	NA	NA	0	6	2010	WD 	Normal	125200
280	0908152080	080	RL	94	7819	Pave	NA	Reg	Lvl	AllPub	Inside	Gtl	Edwards	Norm	Norm	1Fam	SLvl	6	5	1976	1976	Gable	CompShg	Plywood	Plywood	None	0	TA	TA	CBlock	TA	TA	Av	ALQ	422	BLQ	127	480	1029	GasA	TA	Y	SBrkr	1117	0	0	1117	1	0	1	0	3	1	TA	6	Typ	1	TA	Detchd	1976	Unf	2	672	TA	TA	Y	144	0	0	0	0	0	NA	MnPrv	NA	0	3	2010	WD 	Abnorml	107000
281	0908203100	020	RL	64	6410	Pave	NA	Reg	HLS	AllPub	Inside	Gtl	Edwards	Norm	Norm	1Fam	1Story	4	5	1958	1958	Hip	CompShg	WdShing	Wd Shng	None	0	TA	TA	CBlock	TA	TA	No	Unf	0	Unf	0	960	960	GasA	Ex	Y	SBrkr	960	0	0	960	0	0	1	0	3	1	TA	5	Typ	0	NA	NA		NA	0	0	NA	NA	Y	0	0	0	0	0	0	NA	MnPrv	NA	0	5	2010	WD 	Normal	90000
282	0908208020	020	RM	80	8546	Pave	NA	Reg	Lvl	AllPub	Corner	Gtl	Edwards	Norm	Norm	1Fam	1Story	4	5	2003	2004	Gable	CompShg	VinylSd	VinylSd	None	0	TA	TA	PConc	Gd	TA	No	Unf	0	Unf	0	1121	1121	GasA	Ex	Y	SBrkr	1121	0	0	1121	0	0	2	0	2	1	TA	5	Typ	0	NA	Attchd	2003	RFn	2	440	TA	TA	Y	132	64	0	0	0	0	NA	NA	NA	0	3	2010	WD 	Normal	140000
283	0908225320	050	RL	52	8741	Pave	NA	Reg	Lvl	AllPub	Inside	Gtl	Edwards	Norm	Norm	1Fam	1.5Fin	6	4	1945	1950	Gable	CompShg	VinylSd	VinylSd	None	0	TA	TA	CBlock	TA	Fa	No	LwQ	94	Unf	0	641	735	GasA	TA	Y	FuseA	798	689	0	1487	0	0	1	1	3	1	TA	7	Typ	1	Gd	Detchd	1949	Unf	1	220	TA	TA	Y	0	140	0	0	0	0	NA	MnPrv	NA	0	4	2010	WD 	Normal	113000
284	0908226130	190	RL	60	12180	Pave	NA	Reg	Lvl	AllPub	Inside	Gtl	Edwards	Norm	Norm	2fmCon	1.5Fin	4	4	1941	1950	Gable	CompShg	MetalSd	MetalSd	None	0	TA	Fa	BrkTil	Gd	TA	No	BLQ	348	Unf	0	324	672	Grav	Fa	N	FuseA	672	252	0	924	1	0	1	0	2	1	Fa	5	Typ	0	NA	Detchd	1941	Unf	1	280	TA	TA	Y	0	0	0	0	0	0	NA	MnPrv	NA	0	7	2010	WD 	Normal	80000
285	0908275300	020	RL	68	8562	Pave	NA	Reg	Lvl	AllPub	Inside	Mod	Edwards	Norm	Norm	1Fam	1Story	5	6	1957	2002	Hip	CompShg	HdBoard	HdBoard	Stone	145	TA	TA	CBlock	TA	TA	Av	Rec	383	Unf	0	833	1216	GasA	Ex	Y	FuseA	1526	0	0	1526	0	0	1	0	4	1	TA	7	Min2	1	Gd	Basment	1957	Unf	1	364	TA	TA	Y	116	78	0	0	0	0	NA	NA	NA	0	5	2010	WD 	Normal	144500
286	0909100080	030	RL	67	4853	Pave	NA	Reg	Bnk	AllPub	Inside	Gtl	SWISU	Artery	Norm	1Fam	1Story	5	6	1924	1999	Gable	CompShg	MetalSd	VinylSd	BrkFace	203	TA	TA	BrkTil	TA	TA	Mn	Rec	133	Unf	0	974	1107	GasA	Fa	N	FuseA	1296	0	0	1296	0	0	2	0	2	1	Fa	5	Typ	1	Gd	Detchd	1979	Unf	1	260	TA	TA	Y	0	0	36	0	0	0	NA	MnPrv	NA	0	5	2010	WD 	Normal	104000
287	0909100110	070	RL	66	6858	Pave	NA	Reg	Bnk	AllPub	Corner	Gtl	SWISU	Norm	Norm	1Fam	2Story	6	4	1915	1950	Gable	CompShg	Wd Sdng	Wd Sdng	None	0	TA	TA	PConc	Gd	TA	No	Unf	0	Unf	0	806	806	GasA	TA	N	FuseF	841	806	0	1647	1	0	1	1	4	1	Fa	6	Typ	0	NA	Detchd	1920	Unf	1	216	TA	TA	Y	0	66	136	0	0	0	NA	NA	NA	0	5	2010	WD 	Normal	128000
288	0909101070	030	RL	45	8212	Pave	Grvl	Reg	Lvl	AllPub	Inside	Gtl	Edwards	Norm	Norm	1Fam	1Story	3	3	1914	1950	Gable	CompShg	Stucco	Stucco	None	0	TA	Fa	BrkTil	TA	Fa	No	Rec	203	Unf	0	661	864	GasA	TA	N	FuseF	864	0	0	864	1	0	1	0	2	1	TA	5	Typ	0	NA	Detchd	1938	Unf	1	200	TA	Fa	Y	0	0	96	0	0	0	NA	NA	NA	0	6	2010	WD 	Normal	58500
289	0909176140	050	RL	50	5000	Pave	Pave	Reg	Lvl	AllPub	Inside	Gtl	SWISU	Norm	Norm	1Fam	1.5Fin	5	6	1924	1950	Gable	CompShg	BrkFace	Wd Sdng	None	0	TA	TA	BrkTil	TA	TA	No	LwQ	218	Unf	0	808	1026	GasA	TA	Y	SBrkr	1026	665	0	1691	0	0	2	0	3	1	Gd	6	Typ	1	Gd	Detchd	1924	Unf	1	308	TA	TA	Y	0	0	242	0	0	0	NA	NA	NA	0	5	2010	WD 	Normal	127000
290	0909176150	030	RL		7890	Pave	NA	Reg	Lvl	AllPub	Corner	Gtl	SWISU	Norm	Norm	1Fam	1Story	6	6	1939	1950	Gable	CompShg	Wd Sdng	Wd Sdng	None	0	TA	TA	CBlock	TA	TA	No	Rec	238	Unf	0	618	856	GasA	TA	Y	SBrkr	856	0	0	856	1	0	1	0	2	1	TA	4	Typ	1	Gd	Detchd	1939	Unf	2	399	TA	TA	Y	0	0	0	0	166	0	NA	NA	NA	0	3	2010	WD 	Normal	126000
291	0909177100	090	RH	60	7200	Pave	Pave	Reg	Lvl	AllPub	Inside	Gtl	SWISU	Norm	Norm	Duplex	2Story	4	6	1967	1967	Flat	Tar&Grv	Plywood	CBlock	None	0	TA	TA	Slab	NA	NA	NA	NA	0	NA	0	0	0	GasA	TA	Y	SBrkr	862	1788	0	2650	0	0	3	0	6	2	TA	10	Min2	0	NA	NA		NA	0	0	NA	NA	Y	0	0	0	0	0	0	NA	NA	Shed	500	2	2010	WD 	Normal	160000
292	0909250030	050	RL	51	9839	Pave	NA	Reg	Lvl	AllPub	Inside	Gtl	SWISU	Feedr	Norm	1Fam	1.5Fin	5	2	1931	1950	Gable	CompShg	VinylSd	VinylSd	None	0	TA	TA	PConc	TA	Fa	No	Unf	0	Unf	0	894	894	GasA	Ex	Y	SBrkr	894	772	0	1666	1	0	1	0	3	1	TA	7	Typ	1	Gd	NA		NA	0	0	NA	NA	N	0	156	0	0	0	0	NA	NA	NA	0	5	2010	WD 	Normal	100000
293	0909250060	050	RL	50	9638	Pave	NA	Reg	Lvl	AllPub	Inside	Gtl	SWISU	Feedr	Norm	1Fam	1.5Fin	6	7	1919	1990	Gable	CompShg	Wd Sdng	Wd Shng	None	0	TA	TA	PConc	TA	TA	No	Unf	0	Unf	0	804	804	GasA	Ex	Y	SBrkr	1699	748	0	2447	0	0	2	0	4	1	Gd	10	Min2	1	Gd	Detchd	1969	Unf	1	336	TA	TA	Y	272	0	42	0	116	0	NA	NA	NA	0	3	2010	WD 	Normal	169000
294	0909281080	050	RL	78	10452	Pave	NA	IR1	Lvl	AllPub	Inside	Gtl	Crawfor	Norm	Norm	1Fam	1.5Fin	7	6	1941	1985	Gable	CompShg	Wd Sdng	Wd Sdng	BrkFace	371	Gd	Gd	BrkTil	Gd	TA	No	ALQ	426	BLQ	252	850	1528	GasA	Ex	Y	SBrkr	1225	908	0	2133	1	0	1	1	4	1	TA	8	Typ	2	TA	Attchd	1941	Unf	1	312	TA	TA	Y	0	0	86	0	0	0	NA	NA	NA	0	7	2010	WD 	Normal	257500
295	0909426080	090	RL	78	15600	Pave	NA	Reg	Lvl	AllPub	Inside	Gtl	Crawfor	Norm	Norm	Duplex	2Story	5	6	1950	1991	Gable	CompShg	VinylSd	VinylSd	BrkFace	430	TA	Gd	CBlock	TA	TA	No	ALQ	375	Unf	0	657	1032	GasA	Ex	Y	SBrkr	1102	1075	0	2177	0	0	2	1	5	2	TA	11	Typ	0	NA	Detchd	1950	Unf	2	484	TA	TA	Y	0	0	0	0	0	0	NA	NA	NA	0	3	2010	WD 	Normal	215000
296	0909427230	070	RL	66	9042	Pave	NA	Reg	Lvl	AllPub	Inside	Gtl	Crawfor	Norm	Norm	1Fam	2Story	7	9	1941	2006	Gable	CompShg	CemntBd	CmentBd	None	0	Ex	Gd	Stone	TA	Gd	No	GLQ	275	Unf	0	877	1152	GasA	Ex	Y	SBrkr	1188	1152	0	2340	0	0	2	0	4	1	Gd	9	Typ	2	Gd	Attchd	1941	RFn	1	252	TA	TA	Y	0	60	0	0	0	0	NA	GdPrv	Shed	2500	5	2010	WD 	Normal	266500
297	0909428280	020	RL	100	17500	Pave	NA	Reg	Lvl	AllPub	Inside	Gtl	Crawfor	PosA	Norm	1Fam	1Story	7	8	1959	2002	Gable	CompShg	BrkFace	HdBoard	None	0	Gd	Gd	PConc	Gd	TA	Av	GLQ	1406	Unf	0	496	1902	GasA	TA	Y	SBrkr	1902	0	0	1902	1	0	2	0	3	1	Ex	7	Typ	2	TA	Attchd	1959	Fin	2	567	TA	TA	Y	0	207	162	0	0	0	NA	NA	NA	0	5	2010	WD 	Normal	335000
298	0909452114	080	RL	85	19645	Pave	NA	IR1	Lvl	AllPub	FR2	Gtl	Crawfor	Norm	Norm	1Fam	SLvl	7	6	1994	2007	Gable	CompShg	VinylSd	VinylSd	BrkFace	44	TA	TA	PConc	Gd	TA	No	GLQ	343	Unf	0	80	423	GasA	Ex	Y	SBrkr	896	756	0	1652	1	0	2	1	3	1	Gd	6	Typ	0	NA	BuiltIn	1994	RFn	2	473	TA	TA	Y	0	0	0	0	0	0	NA	NA	NA	0	6	2010	WD 	Normal	203135
299	0909455030	120	RM	35	3907	Pave	NA	IR1	HLS	AllPub	Inside	Mod	Blueste	Norm	Norm	TwnhsE	1Story	8	6	1989	1989	Gable	CompShg	HdBoard	HdBoard	None	0	Gd	TA	CBlock	Gd	TA	Gd	GLQ	747	Unf	0	235	982	GasA	Gd	Y	SBrkr	1034	0	0	1034	1	0	1	0	1	1	Gd	4	Typ	1	TA	Attchd	1989	Fin	2	598	TA	TA	Y	141	36	0	0	0	0	NA	NA	NA	0	4	2010	WD 	Normal	185000
300	0909455040	120	RM	35	3907	Pave	NA	IR1	HLS	AllPub	Inside	Mod	Blueste	Norm	Norm	TwnhsE	1Story	8	5	1989	1989	Gable	CompShg	HdBoard	HdBoard	None	0	Gd	TA	CBlock	Gd	TA	Av	GLQ	76	Unf	0	1115	1191	GasA	Gd	Y	SBrkr	1191	0	0	1191	0	0	2	0	2	1	Gd	5	Typ	1	TA	Attchd	1989	Unf	2	531	TA	TA	Y	112	81	0	0	0	0	NA	NA	NA	0	3	2010	WD 	Normal	162500
301	0909475140	020	RL	100	15602	Pave	NA	IR1	Lvl	AllPub	Inside	Gtl	Crawfor	Norm	Norm	1Fam	1Story	7	8	1959	1997	Gable	CompShg	BrkFace	Wd Sdng	None	0	TA	TA	CBlock	TA	TA	No	ALQ	1247	Unf	0	254	1501	GasA	TA	Y	SBrkr	1801	0	0	1801	1	0	2	0	1	1	TA	6	Typ	2	TA	Attchd	1959	Fin	2	484	TA	TA	Y	0	54	0	0	161	0	NA	GdWo	NA	0	3	2010	WD 	Normal	289000
302	0910202060	050	RM	40	5436	Pave	NA	Reg	Lvl	AllPub	Inside	Gtl	IDOTRR	Norm	Norm	1Fam	1.5Fin	4	8	1922	2007	Gable	CompShg	VinylSd	VinylSd	None	0	TA	Gd	BrkTil	TA	TA	No	BLQ	735	Unf	0	61	796	GasA	Gd	Y	SBrkr	796	358	0	1154	1	0	1	0	3	1	Gd	7	Typ	0	NA	Detchd	1922	Unf	1	240	TA	TA	N	0	96	0	0	0	0	NA	MnPrv	NA	0	5	2010	WD 	Normal	125500
303	0910203250	030	RM	58	8154	Pave	NA	Reg	Lvl	AllPub	Inside	Gtl	IDOTRR	Norm	Norm	1Fam	1Story	2	5	1941	1950	Gable	CompShg	Wd Sdng	Wd Sdng	None	0	TA	TA	BrkTil	TA	TA	No	BLQ	480	Unf	0	0	480	GasA	TA	Y	SBrkr	540	0	0	540	0	0	1	0	1	1	TA	4	Typ	0	NA	Detchd	1951	Unf	1	200	Fa	Fa	N	0	0	0	0	0	0	NA	NA	NA	0	4	2010	ConLw	Normal	82000
304	0910205120	050	RM	50	9140	Pave	NA	Reg	HLS	AllPub	Inside	Gtl	IDOTRR	Norm	Norm	1Fam	1.5Fin	6	5	1921	1975	Gable	CompShg	Wd Sdng	Wd Sdng	None	0	TA	TA	BrkTil	TA	TA	Mn	BLQ	308	Unf	0	321	629	GasA	Fa	Y	SBrkr	727	380	0	1107	0	0	1	0	2	1	TA	5	Typ	0	NA	Detchd	1950	Unf	1	625	TA	TA	Y	0	56	0	0	200	0	NA	MnPrv	NA	0	4	2010	COD	Normal	110000
305	0911128180	050	C (all)	60	7500	Pave	NA	Reg	Lvl	AllPub	Inside	Gtl	IDOTRR	Norm	Norm	1Fam	1.5Fin	4	4	1920	1950	Gable	CompShg	MetalSd	MetalSd	None	0	TA	Gd	CBlock	TA	TA	No	Unf	0	Unf	0	698	698	GasA	TA	Y	FuseA	698	430	0	1128	0	0	1	0	2	1	TA	6	Typ	0	NA	Detchd	1980	RFn	2	528	TA	TA	Y	30	0	164	0	0	0	NA	NA	NA	0	4	2010	COD	Abnorml	68400
306	0911202100	050	C (all)	66	8712	Pave	Pave	Reg	HLS	AllPub	Inside	Mod	IDOTRR	Norm	Norm	1Fam	1.5Fin	4	7	1900	1950	Gable	CompShg	MetalSd	MetalSd	None	0	TA	TA	Stone	TA	TA	Mn	Unf	0	Unf	0	859	859	GasA	Gd	Y	SBrkr	859	319	0	1178	0	0	1	0	2	1	TA	7	Typ	0	NA	Detchd	1964	RFn	1	384	TA	TA	N	68	0	98	0	0	0	NA	NA	NA	0	1	2010	WD 	Abnorml	102776
307	0911204090	020	C (all)	66	8712	Grvl	NA	Reg	Bnk	AllPub	Inside	Mod	IDOTRR	Norm	Norm	1Fam	1Story	5	5	1952	1952	Hip	CompShg	Wd Sdng	Wd Sdng	None	0	Fa	TA	CBlock	TA	TA	Av	Unf	0	Unf	0	540	540	GasA	TA	N	FuseA	1044	0	0	1044	0	0	1	0	2	1	Fa	4	Typ	0	NA	Basment	1952	Unf	2	504	TA	TA	N	0	0	0	0	0	0	NA	NA	Shed	54	6	2010	WD 	Alloca	55993
308	0911204100	030	C (all)	66	8712	Grvl	NA	Reg	Lvl	AllPub	Corner	Gtl	IDOTRR	Norm	Norm	1Fam	1Story	4	7	1896	1950	Hip	CompShg	Wd Sdng	Wd Sdng	None	0	Fa	Fa	CBlock	TA	TA	No	Unf	0	Unf	0	756	756	GasA	Gd	Y	SBrkr	952	0	0	952	0	0	1	0	3	1	TA	5	Typ	0	NA	Detchd	1896	RFn	1	330	TA	TA	N	0	0	265	0	0	0	NA	NA	NA	0	6	2010	WD 	Alloca	50138
309	0911370510	120	RM	44	3811	Pave	NA	IR1	HLS	AllPub	Corner	Mod	Crawfor	Artery	Norm	TwnhsE	1Story	8	5	2004	2005	Hip	CompShg	CemntBd	CmentBd	Stone	186	Gd	TA	PConc	Ex	TA	Gd	GLQ	1373	Unf	0	221	1594	GasA	Ex	Y	SBrkr	1646	0	0	1646	1	1	2	0	2	1	Gd	5	Typ	1	Gd	Attchd	2004	Fin	2	525	TA	TA	Y	128	53	0	0	155	0	NA	NA	NA	0	5	2010	WD 	Normal	246000
310	0914467040	060	RL	85	11050	Pave	NA	Reg	Lvl	AllPub	Inside	Gtl	Mitchel	Norm	Norm	1Fam	2Story	8	5	1998	1999	Gable	CompShg	VinylSd	VinylSd	None	0	Gd	TA	PConc	Gd	TA	No	GLQ	615	Unf	0	434	1049	GasA	Ex	Y	SBrkr	1036	880	0	1916	1	0	2	1	3	1	Gd	8	Typ	1	TA	Attchd	1998	Unf	3	741	TA	TA	Y	0	70	0	0	0	0	NA	NA	NA	0	5	2010	WD 	Normal	254900
311	0914475090	080	RL	74	9620	Pave	NA	Reg	Lvl	AllPub	Inside	Gtl	Mitchel	Norm	Norm	1Fam	SLvl	6	7	1977	1977	Gable	CompShg	Plywood	Plywood	None	0	TA	TA	CBlock	TA	TA	No	ALQ	679	Unf	0	564	1243	GasA	TA	Y	SBrkr	1285	0	0	1285	0	1	2	0	3	1	Gd	6	Typ	1	Fa	Attchd	1977	Unf	2	473	TA	TA	Y	375	26	0	0	0	0	NA	GdPrv	Shed	80	5	2010	WD 	Normal	190000
312	0914476520	020	RL	129	9196	Pave	NA	IR1	Lvl	AllPub	Inside	Gtl	Mitchel	Norm	Norm	1Fam	1Story	7	5	2003	2003	Gable	CompShg	VinylSd	VinylSd	None	0	Gd	TA	PConc	Ex	TA	No	Unf	0	Unf	0	1560	1560	GasA	Ex	Y	SBrkr	1560	0	0	1560	0	0	2	0	3	1	Gd	7	Typ	0	NA	Attchd	2003	Fin	2	573	TA	TA	Y	100	150	0	0	0	0	NA	NA	NA	0	4	2010	WD 	Normal	201000
313	0914478045	080	RL		12328	Pave	NA	IR1	Lvl	AllPub	Inside	Gtl	Mitchel	Norm	Norm	1Fam	SLvl	6	5	1976	1976	Gable	CompShg	HdBoard	HdBoard	BrkFace	335	TA	TA	CBlock	TA	TA	Av	GLQ	539	Unf	0	473	1012	GasA	TA	Y	SBrkr	1034	0	0	1034	1	0	1	0	3	1	TA	6	Typ	0	NA	Attchd	1976	Unf	3	888	TA	TA	Y	0	0	0	0	0	0	NA	NA	NA	0	5	2010	WD 	Normal	169900
314	0914478110	090	RL		12760	Pave	NA	IR1	Lvl	AllPub	Inside	Gtl	Mitchel	Norm	Norm	Duplex	1Story	6	5	1976	1976	Gable	CompShg	Plywood	Plywood	None	0	TA	TA	CBlock	TA	TA	No	Unf	0	Unf	0	1958	1958	GasA	TA	Y	SBrkr	2048	0	0	2048	0	0	3	0	5	2	TA	9	Typ	0	NA	2Types	1976	Unf	2	776	TA	TA	Y	0	0	0	0	0	0	NA	NA	NA	0	3	2010	ConLD	Normal	170000
315	0916125360	020	RL		57200	Pave	NA	IR1	Bnk	AllPub	Inside	Sev	Timber	Norm	Norm	1Fam	1Story	5	5	1948	1950	Gable	CompShg	Wd Sdng	Wd Sdng	None	0	TA	TA	CBlock	TA	TA	Av	BLQ	353	Rec	334	60	747	GasA	TA	Y	SBrkr	1687	0	0	1687	1	0	1	0	3	1	TA	7	Min1	2	TA	Detchd	1966	Unf	2	572	TA	TA	N	0	0	50	0	0	0	NA	NA	NA	0	6	2010	WD 	Normal	160000
316	0916386010	020	RL	88	11896	Pave	NA	IR1	Lvl	AllPub	Corner	Gtl	Timber	Norm	Norm	1Fam	1Story	7	5	2008	2008	Gable	CompShg	VinylSd	VinylSd	Stone	60	Gd	TA	PConc	Gd	TA	No	GLQ	78	Unf	0	1258	1336	GasA	Ex	Y	SBrkr	1346	0	0	1346	1	0	2	0	3	1	Gd	6	Typ	1	TA	Attchd	2008	Fin	3	660	TA	TA	Y	100	48	0	0	0	0	NA	NA	NA	0	5	2010	WD 	Normal	220000
317	0916386020	020	RL	73	9803	Pave	NA	Reg	Lvl	AllPub	Inside	Gtl	Timber	Norm	Norm	1Fam	1Story	7	5	2009	2010	Gable	CompShg	VinylSd	VinylSd	None	0	Gd	TA	PConc	Gd	TA	No	Unf	0	Unf	0	1214	1214	GasA	Ex	Y	SBrkr	1214	0	0	1214	0	0	2	0	2	1	Gd	6	Typ	0	NA	Attchd	2010	RFn	2	520	TA	TA	Y	0	25	0	0	0	0	NA	NA	NA	0	1	2010	New	Partial	179781
318	0916386060	060	RL	73	9802	Pave	NA	Reg	Lvl	AllPub	Inside	Gtl	Timber	Norm	Norm	1Fam	2Story	5	5	2006	2007	Gable	CompShg	VinylSd	VinylSd	None	0	TA	TA	PConc	Gd	TA	No	Unf	0	Unf	0	384	384	GasA	Gd	Y	SBrkr	744	700	0	1444	0	0	2	1	3	1	TA	7	Typ	0	NA	BuiltIn	2007	Fin	2	400	TA	TA	Y	100	0	0	0	0	0	NA	NA	NA	0	4	2010	WD 	Normal	174000
319	0916386090	060	RL	92	12003	Pave	NA	Reg	Lvl	AllPub	Corner	Gtl	Timber	Norm	Norm	1Fam	2Story	8	5	2009	2010	Gable	CompShg	VinylSd	VinylSd	BrkFace	84	Gd	TA	PConc	Ex	TA	No	Unf	0	Unf	0	774	774	GasA	Ex	Y	SBrkr	774	1194	0	1968	0	0	2	1	4	1	Ex	8	Typ	1	Gd	BuiltIn	2009	Fin	3	680	TA	TA	Y	0	75	0	0	0	0	NA	NA	NA	0	5	2010	New	Partial	269500
320	0916455170	060	RL	80	11316	Pave	NA	Reg	Lvl	AllPub	Corner	Gtl	Timber	Norm	Norm	1Fam	2Story	7	5	2002	2003	Gable	CompShg	VinylSd	VinylSd	BrkFace	44	Gd	TA	PConc	Gd	TA	No	GLQ	624	Unf	0	193	817	GasA	Ex	Y	SBrkr	824	1070	0	1894	1	0	2	1	4	1	Gd	8	Typ	1	Gd	BuiltIn	2002	Fin	2	510	TA	TA	Y	0	40	0	0	0	0	NA	NA	NA	0	2	2010	WD 	Normal	214900
321	0916475110	060	RL	85	14191	Pave	NA	Reg	Lvl	AllPub	Inside	Gtl	Timber	Norm	Norm	1Fam	2Story	8	5	2002	2002	Gable	CompShg	VinylSd	VinylSd	None	0	Gd	TA	PConc	Gd	TA	No	Unf	0	Unf	0	967	967	GasA	Ex	Y	SBrkr	993	915	0	1908	0	0	2	1	4	1	Gd	9	Typ	0	NA	Attchd	2002	Fin	2	431	TA	TA	Y	135	0	0	0	0	0	NA	NA	NA	0	4	2010	WD 	Normal	202900
322	0921128020	020	RL	89	13214	Pave	NA	IR1	HLS	AllPub	Inside	Gtl	Timber	Norm	Norm	1Fam	1Story	9	5	2008	2009	Hip	CompShg	Stucco	CmentBd	None	0	Ex	TA	PConc	Ex	TA	Gd	Unf	0	Unf	0	2002	2002	GasA	Ex	Y	SBrkr	2018	0	0	2018	0	0	2	0	3	1	Ex	10	Typ	1	Gd	Attchd	2009	Fin	3	746	TA	TA	Y	144	76	0	0	0	0	NA	NA	NA	0	5	2010	WD 	Normal	378500
323	0923201020	020	RL	85	15300	Pave	NA	Reg	Bnk	AllPub	Inside	Gtl	Mitchel	Norm	Norm	1Fam	1Story	5	5	1965	1977	Hip	CompShg	Plywood	HdBoard	None	0	TA	TA	CBlock	TA	TA	No	Rec	42	Unf	0	1026	1068	GasA	TA	Y	SBrkr	1264	0	0	1264	1	0	1	0	2	1	TA	7	Typ	1	TA	Attchd	1965	Unf	2	528	TA	TA	Y	0	0	0	0	0	0	NA	NA	NA	0	6	2010	WD 	Normal	169000
324	0923202105	020	RL	93	10114	Pave	NA	Reg	Lvl	AllPub	Inside	Gtl	Mitchel	Norm	Norm	1Fam	1Story	5	5	2004	2005	Gable	CompShg	VinylSd	VinylSd	None	0	TA	TA	PConc	Ex	TA	Av	Unf	0	Unf	0	1430	1430	GasA	Ex	Y	SBrkr	1430	0	0	1430	0	0	2	0	3	1	Gd	7	Typ	0	NA	Attchd	2004	RFn	2	624	TA	TA	Y	0	0	0	0	0	0	NA	NA	NA	0	3	2010	WD 	Normal	173500
325	0923204150	090	RL	94	9400	Pave	NA	Reg	Low	AllPub	Corner	Gtl	Mitchel	Norm	Norm	Duplex	2Story	6	5	1971	1971	Mansard	CompShg	MetalSd	Wd Shng	None	0	TA	TA	CBlock	TA	TA	Av	Unf	0	Unf	0	912	912	GasA	TA	Y	SBrkr	912	912	0	1824	0	0	2	2	4	2	TA	8	Typ	0	NA	NA		NA	0	0	NA	NA	Y	128	0	0	0	0	0	NA	NA	NA	0	4	2010	WD 	Normal	139000
326	0923205015	020	RL		11875	Pave	NA	Reg	Lvl	AllPub	Inside	Gtl	Mitchel	Norm	Norm	1Fam	1Story	5	5	1999	1999	Gable	CompShg	VinylSd	VinylSd	None	0	TA	TA	PConc	Gd	TA	No	Unf	0	Unf	0	1344	1344	GasA	Ex	Y	SBrkr	1344	0	0	1344	0	0	2	0	3	1	TA	7	Typ	1	Gd	Attchd	2001	Unf	2	686	TA	TA	Y	328	0	0	0	0	0	NA	NA	NA	0	6	2010	WD 	Normal	166500
327	0923225300	160	RM		1974	Pave	NA	Reg	Lvl	AllPub	Inside	Gtl	MeadowV	Norm	Norm	TwnhsE	2Story	4	5	1973	1973	Gable	CompShg	CemntBd	CmentBd	None	0	TA	TA	CBlock	TA	TA	No	BLQ	334	Unf	0	212	546	GasA	TA	Y	SBrkr	546	546	0	1092	0	0	1	1	3	1	TA	6	Typ	0	NA	Attchd	1973	RFn	1	286	TA	TA	Y	120	96	0	0	0	0	NA	NA	NA	0	5	2010	WD 	Normal	83500
328	0923225390	120	RM	31	2394	Pave	NA	Reg	Low	AllPub	Inside	Mod	MeadowV	Norm	Norm	Twnhs	1Story	5	6	1973	1973	Gable	CompShg	CemntBd	CmentBd	None	0	TA	TA	CBlock	Gd	TA	Gd	GLQ	915	Unf	0	30	945	GasA	Ex	Y	SBrkr	945	0	0	945	1	1	1	0	2	1	TA	5	Typ	1	Po	Attchd	1973	RFn	1	253	TA	TA	Y	174	0	56	0	108	0	NA	NA	NA	0	5	2010	WD 	Normal	119500
329	0923225440	160	RM	36	2592	Pave	NA	Reg	Lvl	AllPub	Inside	Gtl	MeadowV	Norm	Norm	TwnhsE	2Story	5	3	1976	1976	Gable	CompShg	CemntBd	CmentBd	None	0	TA	TA	CBlock	Gd	TA	No	Rec	129	BLQ	232	175	536	GasA	TA	Y	SBrkr	536	576	0	1112	0	0	1	1	3	1	TA	4	Typ	0	NA	Attchd	1976	Unf	1	336	TA	TA	Y	182	0	0	0	0	0	NA	NA	NA	0	4	2010	WD 	Normal	85000
330	0923226250	160	RM	21	1476	Pave	NA	Reg	Lvl	AllPub	Inside	Gtl	MeadowV	Norm	Norm	Twnhs	2Story	4	7	1970	1970	Gable	CompShg	CemntBd	CmentBd	None	0	TA	TA	CBlock	TA	TA	No	GLQ	176	Unf	0	370	546	GasA	Ex	Y	SBrkr	546	546	0	1092	0	0	1	1	3	1	TA	5	Typ	0	NA	NA		NA	0	0	NA	NA	Y	200	26	0	0	0	0	NA	NA	NA	0	3	2010	WD 	Normal	76000
331	0923226320	180	RM	21	1491	Pave	NA	Reg	Lvl	AllPub	Inside	Gtl	MeadowV	Norm	Norm	TwnhsE	SFoyer	4	6	1972	1972	Gable	CompShg	CemntBd	CmentBd	None	0	TA	TA	CBlock	Gd	TA	Av	LwQ	150	GLQ	480	0	630	GasA	Ex	Y	SBrkr	630	0	0	630	1	0	1	0	1	1	TA	3	Typ	0	NA	NA		NA	0	0	NA	NA	Y	96	24	0	0	0	0	NA	NA	NA	0	5	2010	WD 	Normal	75500
332	0923228270	160	RM	21	1900	Pave	NA	Reg	Lvl	AllPub	Inside	Gtl	MeadowV	Norm	Norm	TwnhsE	2Story	4	4	1970	1970	Gable	CompShg	CemntBd	CmentBd	None	0	TA	TA	CBlock	TA	TA	No	Unf	0	Unf	0	546	546	GasA	Ex	Y	SBrkr	546	546	0	1092	0	0	1	1	3	1	TA	5	Typ	0	NA	NA		NA	0	0	NA	NA	Y	0	0	0	0	0	0	NA	NA	NA	0	6	2010	WD 	Normal	88250
333	0923228370	160	RM	21	1890	Pave	NA	Reg	Lvl	AllPub	Inside	Gtl	MeadowV	Norm	Norm	TwnhsE	2Story	4	6	1972	1972	Gable	CompShg	CemntBd	CmentBd	None	0	TA	TA	CBlock	TA	TA	No	Rec	294	Unf	0	252	546	GasA	TA	Y	SBrkr	546	546	0	1092	0	0	1	1	3	1	TA	5	Typ	0	NA	Attchd	1972	Unf	1	286	TA	TA	Y	0	0	64	0	0	0	NA	NA	NA	0	6	2010	WD 	Normal	85500
334	0923230190	020	RL	50	6953	Pave	NA	Reg	Lvl	AllPub	Inside	Gtl	Mitchel	Norm	Norm	1Fam	1Story	5	7	1971	2004	Gable	CompShg	VinylSd	VinylSd	None	0	TA	Gd	CBlock	TA	TA	No	ALQ	469	Unf	0	395	864	GasA	Ex	Y	SBrkr	874	0	0	874	0	0	1	0	3	1	TA	5	Typ	0	NA	Detchd	1971	Unf	1	352	TA	TA	Y	0	0	0	0	0	0	NA	NA	NA	0	6	2010	ConLD	Normal	130000
335	0923251080	020	RL		26142	Pave	NA	IR1	Lvl	AllPub	CulDSac	Gtl	Mitchel	Norm	Norm	1Fam	1Story	5	7	1962	1962	Gable	CompShg	HdBoard	HdBoard	BrkFace	189	TA	TA	CBlock	TA	TA	No	Rec	593	Unf	0	595	1188	GasA	TA	Y	SBrkr	1188	0	0	1188	0	0	1	0	3	1	TA	6	Typ	0	NA	Attchd	1962	Unf	1	312	TA	TA	P	261	39	0	0	0	0	NA	NA	NA	0	4	2010	WD 	Normal	157900
336	0923276030	020	RL	76	12887	Pave	NA	Reg	Lvl	AllPub	Inside	Gtl	Mitchel	Norm	Norm	1Fam	1Story	5	7	1984	1984	Gable	CompShg	VinylSd	VinylSd	None	0	TA	TA	CBlock	Gd	TA	Mn	Rec	207	GLQ	590	36	833	GasA	TA	Y	SBrkr	833	0	0	833	1	0	1	0	2	1	Gd	5	Typ	0	NA	Attchd	1984	Unf	2	495	TA	TA	Y	431	0	0	0	0	0	NA	MnPrv	NA	0	4	2010	WD 	Normal	149900
337	0923276250	090	RL	70	7700	Pave	NA	Reg	Lvl	AllPub	Inside	Gtl	Mitchel	Norm	Norm	Duplex	2Story	5	2	1985	1986	Gable	CompShg	HdBoard	HdBoard	None	0	TA	Po	PConc	TA	TA	No	Unf	0	Unf	0	1216	1216	GasA	Gd	Y	SBrkr	1216	1216	0	2432	0	0	4	2	4	2	TA	10	Typ	0	NA	Attchd	1985	Unf	2	616	TA	Fa	Y	200	0	0	0	0	0	NA	NA	Shed	600	2	2010	WD 	Normal	159000
338	0923426070	060	RL	63	10475	Pave	NA	Reg	Lvl	AllPub	Inside	Gtl	Mitchel	Norm	Norm	1Fam	2Story	5	5	1991	1991	Gable	CompShg	HdBoard	HdBoard	None	0	TA	TA	PConc	Gd	TA	No	Rec	458	Unf	0	166	624	GasA	Gd	Y	SBrkr	624	650	0	1274	0	0	1	1	3	1	TA	6	Typ	0	NA	Detchd	1993	Unf	2	576	TA	TA	Y	22	0	0	0	0	0	NA	GdWo	NA	0	3	2010	WD 	Normal	136000
339	0924100050	050	RL	68	10544	Pave	NA	IR1	Lvl	AllPub	Inside	Mod	Mitchel	Norm	Norm	1Fam	1.5Fin	5	5	1969	1969	Gable	CompShg	HdBoard	HdBoard	None	0	TA	TA	CBlock	TA	TA	Av	BLQ	476	Unf	0	388	864	GasA	TA	Y	SBrkr	864	615	0	1479	0	0	2	0	5	1	TA	8	Typ	0	NA	Attchd	1969	Fin	1	275	TA	TA	Y	287	0	280	0	0	0	NA	NA	NA	0	4	2010	WD 	Normal	161000
340	0924151040	020	RL	76	9892	Pave	NA	Reg	Lvl	AllPub	Inside	Mod	Mitchel	Norm	Norm	1Fam	1Story	8	5	1994	1995	Hip	CompShg	VinylSd	VinylSd	None	0	Gd	Gd	PConc	Gd	Gd	Gd	GLQ	1341	LwQ	284	54	1679	GasA	Ex	Y	SBrkr	1803	0	0	1803	1	1	2	1	3	1	Gd	6	Typ	2	TA	Attchd	1994	Unf	2	482	TA	TA	Y	129	64	222	0	0	0	NA	GdWo	NA	0	2	2010	WD 	Normal	285000
341	0924152030	060	RL	74	12961	Pave	NA	Reg	Lvl	AllPub	Inside	Gtl	Mitchel	Norm	Norm	1Fam	2Story	6	5	1993	1994	Gable	CompShg	VinylSd	VinylSd	None	0	Gd	Gd	PConc	Gd	TA	Mn	GLQ	944	Unf	0	208	1152	GasA	Ex	Y	SBrkr	1152	645	0	1797	1	0	2	1	3	1	Gd	7	Typ	1	Fa	Attchd	1993	Fin	2	616	TA	TA	Y	162	312	0	0	0	0	NA	NA	NA	0	3	2010	WD 	Normal	231000
342	0526302110	020	RL	74	13008	Pave	NA	IR1	Lvl	AllPub	Inside	Gtl	NAmes	Norm	Norm	1Fam	1Story	6	5	1956	1956	Gable	CompShg	MetalSd	MetalSd	None	0	TA	TA	CBlock	Fa	Fa	No	Rec	564	Unf	0	318	882	GasA	TA	Y	SBrkr	882	0	0	882	0	0	1	0	2	1	TA	5	Typ	0	NA	Attchd	1956	Unf	1	502	TA	TA	Y	0	0	0	0	0	0	NA	NA	NA	0	10	2009	WD 	Normal	124500
343	0526351100	020	RL	85	10200	Pave	NA	Reg	Lvl	AllPub	Inside	Gtl	NAmes	Norm	Norm	1Fam	1Story	6	5	1974	1974	Hip	CompShg	Plywood	Plywood	BrkFace	440	TA	TA	CBlock	TA	TA	No	LwQ	844	Unf	0	590	1434	GasA	TA	Y	SBrkr	1434	0	0	1434	1	0	2	0	4	1	TA	7	Typ	1	Gd	Attchd	1974	RFn	2	528	TA	TA	Y	80	21	0	0	0	0	NA	NA	NA	0	6	2009	WD 	Normal	157000
344	0526355080	080	RL	75	13860	Pave	NA	Reg	Lvl	AllPub	Inside	Gtl	NAmes	Norm	Norm	1Fam	SLvl	8	7	1972	1995	Gable	CompShg	Plywood	Wd Sdng	None	0	Gd	TA	CBlock	Gd	TA	Gd	GLQ	1410	Unf	0	542	1952	GasA	Gd	Y	SBrkr	2000	704	0	2704	1	0	2	1	4	1	Ex	9	Typ	3	TA	Attchd	1972	Fin	2	538	TA	TA	Y	269	111	0	0	0	0	NA	MnPrv	NA	0	7	2009	WD 	Normal	345000
345	0527105070	060	RL	88	10179	Pave	NA	IR1	Lvl	AllPub	Corner	Gtl	Gilbert	Norm	Norm	1Fam	2Story	6	5	1997	1997	Gable	CompShg	VinylSd	VinylSd	None	0	TA	TA	PConc	Gd	TA	No	ALQ	847	Unf	0	98	945	GasA	Ex	Y	SBrkr	945	663	0	1608	0	0	2	1	3	1	TA	7	Typ	1	TA	Attchd	1997	Fin	2	470	TA	TA	Y	252	30	0	0	0	0	NA	NA	NA	0	7	2009	WD 	Normal	189500
346	0527105130	060	RL		11792	Pave	NA	IR1	Lvl	AllPub	Inside	Gtl	Gilbert	Norm	Norm	1Fam	2Story	8	5	2003	2003	Gable	CompShg	VinylSd	VinylSd	BrkFace	188	Gd	TA	PConc	Gd	TA	Gd	GLQ	850	Unf	0	158	1008	GasA	Ex	Y	SBrkr	1008	1275	0	2283	0	0	2	1	4	1	Gd	9	Typ	1	Gd	BuiltIn	2003	Fin	3	632	TA	TA	Y	120	46	0	0	0	0	NA	NA	NA	0	8	2009	WD 	Normal	270000
347	0527107130	080	RL	60	8400	Pave	NA	Reg	Lvl	AllPub	Inside	Gtl	Gilbert	Norm	Norm	1Fam	SLvl	7	5	1996	1997	Gable	CompShg	HdBoard	HdBoard	BrkFace	32	TA	TA	PConc	Gd	TA	No	GLQ	284	Unf	0	100	384	GasA	Gd	Y	SBrkr	958	670	0	1628	0	0	2	1	3	1	TA	7	Typ	1	TA	BuiltIn	1996	Fin	2	390	TA	TA	Y	48	72	0	0	0	0	NA	NA	Shed	490	6	2009	WD 	Normal	189000
348	0527108070	020	RL	42	14892	Pave	NA	IR1	HLS	AllPub	CulDSac	Gtl	Gilbert	Norm	Norm	1Fam	1Story	9	5	2006	2007	Gable	CompShg	VinylSd	VinylSd	Stone	160	Ex	TA	PConc	Ex	TA	Gd	GLQ	1320	Unf	0	426	1746	GasA	Ex	Y	SBrkr	1746	0	0	1746	1	0	2	0	3	1	Ex	7	Typ	2	Gd	Attchd	2006	Fin	3	758	TA	TA	Y	201	39	0	0	0	0	NA	NA	NA	0	10	2009	WD 	Normal	377500
349	0527110020	080	RL		8530	Pave	NA	IR1	Lvl	AllPub	Inside	Gtl	Gilbert	Norm	Norm	1Fam	SLvl	7	5	1995	1996	Gable	CompShg	HdBoard	HdBoard	BrkFace	22	TA	TA	PConc	Gd	TA	No	Unf	0	Unf	0	384	384	GasA	Gd	Y	SBrkr	804	670	0	1474	0	0	2	1	3	1	TA	7	Typ	1	TA	BuiltIn	1995	Fin	2	400	TA	TA	Y	120	72	0	0	0	0	NA	NA	Shed	700	5	2009	WD 	Normal	168500
350	0527127100	120	RL	28	7296	Pave	NA	IR1	Lvl	AllPub	CulDSac	Gtl	StoneBr	Norm	Norm	TwnhsE	1Story	8	5	2004	2005	Gable	CompShg	CemntBd	CmentBd	None	0	Gd	TA	PConc	Ex	TA	Av	GLQ	1965	Unf	0	243	2208	GasA	Ex	Y	SBrkr	2522	0	0	2522	1	0	2	0	1	1	Gd	8	Typ	1	Gd	Attchd	2004	Fin	2	564	TA	TA	Y	182	57	0	0	0	0	NA	NA	NA	0	11	2009	WD 	Normal	375000
351	0527131030	120	RL	40	5664	Pave	NA	IR1	Lvl	AllPub	Inside	Gtl	StoneBr	Norm	Norm	TwnhsE	1Story	8	5	2000	2000	Gable	CompShg	CemntBd	CmentBd	None	0	Gd	TA	PConc	Gd	TA	No	GLQ	1158	Unf	0	343	1501	GasA	Ex	Y	SBrkr	1659	0	0	1659	1	0	2	0	2	1	Ex	5	Typ	1	Ex	Attchd	2000	Fin	2	499	TA	TA	Y	212	59	0	0	0	0	NA	NA	NA	0	10	2009	WD 	Normal	278000
352	0527132090	120	RL	61	7380	Pave	NA	IR1	Lvl	AllPub	Corner	Gtl	StoneBr	Norm	Norm	1Fam	1Story	8	5	1998	1998	Gable	CompShg	CemntBd	CmentBd	None	0	TA	TA	PConc	Gd	TA	Av	GLQ	341	Unf	0	1077	1418	GasA	Ex	Y	SBrkr	1478	0	0	1478	1	0	2	0	2	1	TA	5	Typ	0	NA	Attchd	1998	Fin	2	495	TA	TA	Y	168	43	0	0	0	0	NA	NA	NA	0	7	2009	WD 	Normal	240000
353	0527146010	120	RL	57	8013	Pave	NA	IR1	Lvl	AllPub	Corner	Gtl	StoneBr	Norm	Norm	TwnhsE	1Story	8	5	1995	1996	Gable	CompShg	CemntBd	CmentBd	None	0	Gd	TA	PConc	Gd	TA	No	GLQ	741	Unf	0	846	1587	GasA	Ex	Y	SBrkr	1734	0	0	1734	1	0	2	0	2	1	Gd	6	Typ	0	NA	Attchd	1995	RFn	2	528	TA	TA	Y	52	50	0	0	0	0	NA	NA	NA	0	9	2009	WD 	Normal	239500
354	0527161040	080	RL	57	8923	Pave	NA	IR1	Lvl	AllPub	Inside	Gtl	Gilbert	Norm	Norm	1Fam	SLvl	7	5	1998	1998	Gable	CompShg	VinylSd	VinylSd	None	0	Gd	TA	PConc	Gd	TA	No	GLQ	189	Unf	0	195	384	GasA	Gd	Y	SBrkr	751	631	0	1382	0	0	2	1	3	1	TA	7	Typ	1	TA	BuiltIn	1998	Fin	2	396	TA	TA	Y	256	0	0	0	0	0	NA	NA	NA	0	2	2009	WD 	Normal	177500
355	0527162110	060	RL	74	10141	Pave	NA	IR1	Lvl	AllPub	Corner	Gtl	Gilbert	Norm	Norm	1Fam	2Story	7	5	1998	1998	Gable	CompShg	VinylSd	VinylSd	BrkFace	40	TA	TA	PConc	Gd	TA	No	Unf	0	Unf	0	832	832	GasA	Gd	Y	SBrkr	885	833	0	1718	0	0	2	1	3	1	TA	7	Typ	1	TA	Attchd	1998	Fin	2	427	TA	TA	Y	0	94	0	0	291	0	NA	NA	NA	0	12	2009	WD 	Normal	185000
356	0527162120	060	RL	60	7500	Pave	NA	Reg	Lvl	AllPub	Inside	Gtl	Gilbert	Norm	Norm	1Fam	2Story	6	5	1998	1999	Gable	CompShg	VinylSd	VinylSd	None	0	Gd	TA	PConc	Gd	TA	No	GLQ	476	Unf	0	476	952	GasA	Gd	Y	SBrkr	952	684	0	1636	1	0	2	1	3	1	TA	7	Typ	1	TA	Attchd	1998	Fin	2	440	TA	TA	Y	0	84	0	0	0	0	NA	NA	NA	0	10	2009	WD 	Normal	191000
357	0527163040	060	RL	59	7837	Pave	NA	IR1	Lvl	AllPub	Inside	Gtl	Gilbert	Norm	Norm	1Fam	2Story	6	7	1993	1994	Gable	CompShg	VinylSd	VinylSd	None	0	Gd	TA	PConc	Gd	TA	No	Unf	0	Unf	0	799	799	GasA	Gd	Y	SBrkr	799	772	0	1571	0	0	2	1	3	1	TA	7	Typ	1	TA	Attchd	1993	RFn	2	380	TA	TA	Y	0	40	0	0	0	0	NA	NA	NA	0	5	2009	WD 	Normal	178000
358	0527163070	060	RL		9765	Pave	NA	IR2	Lvl	AllPub	Corner	Gtl	Gilbert	Norm	Norm	1Fam	2Story	6	8	1993	1993	Gable	CompShg	VinylSd	VinylSd	BrkFace	68	Ex	Gd	PConc	Gd	Gd	No	ALQ	310	Unf	0	370	680	GasA	Gd	Y	SBrkr	680	790	0	1470	0	0	2	1	3	1	TA	6	Typ	1	TA	BuiltIn	1993	Fin	2	420	TA	TA	Y	232	63	0	0	0	0	NA	NA	Shed	480	4	2009	WD 	Normal	185000
359	0527163130	060	RL		8803	Pave	NA	IR1	Lvl	AllPub	Inside	Gtl	Gilbert	Norm	Norm	1Fam	2Story	6	5	1994	1995	Gable	CompShg	HdBoard	HdBoard	None	0	TA	TA	PConc	Gd	TA	No	GLQ	600	Unf	0	107	707	GasA	Gd	Y	SBrkr	707	809	0	1516	1	0	2	1	3	1	Gd	7	Typ	1	TA	Attchd	1994	Fin	2	409	TA	TA	Y	0	46	0	0	0	0	NA	NA	NA	0	7	2009	WD 	Normal	181316
360	0527164020	020	RL	58	7250	Pave	NA	Reg	Lvl	AllPub	Inside	Gtl	Gilbert	Norm	Norm	1Fam	1Story	6	5	1993	1993	Gable	CompShg	HdBoard	HdBoard	BrkFace	45	TA	TA	PConc	Gd	TA	No	Unf	0	Unf	0	1181	1181	GasA	Ex	Y	SBrkr	1190	0	0	1190	0	0	2	0	3	1	Gd	6	Typ	1	TA	Attchd	1993	Unf	2	430	TA	TA	Y	0	21	0	0	0	0	NA	NA	NA	0	11	2009	WD 	Normal	166000
361	0527164060	060	RL		9636	Pave	NA	IR1	Lvl	AllPub	Corner	Gtl	Gilbert	Norm	Norm	1Fam	2Story	6	5	1992	1993	Gable	CompShg	VinylSd	VinylSd	None	0	TA	TA	PConc	Gd	TA	No	Unf	0	Unf	0	808	808	GasA	Gd	Y	SBrkr	808	785	0	1593	0	0	2	1	3	1	TA	7	Typ	1	TA	BuiltIn	1993	RFn	2	389	TA	TA	Y	342	40	0	0	0	0	NA	MnPrv	NA	0	12	2009	WD 	Normal	178000
362	0527164090	060	RL	65	8125	Pave	NA	Reg	Lvl	AllPub	Inside	Gtl	Gilbert	Norm	Norm	1Fam	2Story	6	5	1994	1995	Gable	CompShg	HdBoard	HdBoard	None	0	TA	TA	PConc	Gd	TA	No	Unf	0	Unf	0	702	702	GasA	Gd	Y	SBrkr	702	779	0	1481	0	0	2	1	3	1	TA	6	Typ	1	TA	Attchd	1994	Fin	2	343	TA	TA	Y	0	36	0	0	0	0	NA	NA	NA	0	3	2009	WD 	Normal	174000
363	0527165130	020	RL		9248	Pave	NA	IR1	Lvl	AllPub	Inside	Gtl	Gilbert	Norm	Norm	1Fam	1Story	6	6	1992	1992	Gable	CompShg	HdBoard	HdBoard	BrkFace	106	TA	TA	PConc	Gd	TA	No	GLQ	560	Unf	0	598	1158	GasA	Gd	Y	SBrkr	1167	0	0	1167	1	0	2	0	3	1	Gd	6	Typ	0	NA	Attchd	1992	RFn	2	400	TA	TA	Y	120	26	0	0	0	0	NA	NA	NA	0	7	2009	WD 	Normal	173000
364	0527166010	060	RL		10762	Pave	NA	IR1	Lvl	AllPub	CulDSac	Gtl	Gilbert	Norm	Norm	1Fam	2Story	7	5	1999	1999	Gable	CompShg	VinylSd	VinylSd	None	344	Gd	TA	PConc	Gd	TA	No	GLQ	694	Unf	0	284	978	GasA	Ex	Y	SBrkr	1005	978	0	1983	0	0	2	1	3	1	Gd	9	Typ	1	TA	Attchd	1999	Fin	2	490	TA	TA	Y	0	0	0	0	0	0	NA	NA	NA	0	5	2009	WD 	Normal	225000
365	0527180100	020	RL	99	11851	Pave	NA	Reg	Lvl	AllPub	Corner	Gtl	Gilbert	Norm	Norm	1Fam	1Story	7	5	1990	1990	Gable	CompShg	HdBoard	HdBoard	None	0	TA	TA	PConc	Gd	TA	No	Unf	0	Unf	0	1424	1424	GasA	Ex	Y	SBrkr	1442	0	0	1442	0	0	2	0	3	1	TA	5	Typ	0	NA	Attchd	1990	RFn	2	500	TA	TA	Y	0	34	0	508	0	0	NA	NA	NA	0	5	2009	WD 	Normal	180500
366	0527182110	120	RL		5814	Pave	NA	IR1	Lvl	AllPub	CulDSac	Gtl	StoneBr	Norm	Norm	TwnhsE	1Story	8	5	1984	1984	Gable	CompShg	HdBoard	HdBoard	None	0	Gd	TA	CBlock	Gd	TA	Av	GLQ	1036	Unf	0	184	1220	GasA	Gd	Y	SBrkr	1360	0	0	1360	1	0	1	0	1	1	Gd	4	Typ	1	Ex	Attchd	1984	RFn	2	565	TA	TA	Y	63	0	0	0	0	0	NA	NA	NA	0	8	2009	COD	Abnorml	187500
367	0527214050	020	RL	63	17423	Pave	NA	IR1	Lvl	AllPub	CulDSac	Gtl	StoneBr	Norm	Norm	1Fam	1Story	9	5	2008	2009	Hip	CompShg	VinylSd	VinylSd	Stone	748	Ex	TA	PConc	Ex	TA	No	GLQ	1904	Unf	0	312	2216	GasA	Ex	Y	SBrkr	2234	0	0	2234	1	0	2	0	1	1	Ex	9	Typ	1	Gd	Attchd	2009	Fin	3	1166	TA	TA	Y	0	60	0	0	0	0	NA	NA	NA	0	7	2009	New	Partial	501837
368	0527254020	020	RL	80	11844	Pave	NA	IR1	Lvl	AllPub	Inside	Gtl	StoneBr	Norm	Norm	1Fam	1Story	8	5	2008	2008	Hip	CompShg	VinylSd	VinylSd	Stone	464	Gd	TA	PConc	Ex	TA	Mn	Unf	0	Unf	0	2046	2046	GasA	Ex	Y	SBrkr	2046	0	0	2046	0	0	2	1	3	1	Gd	7	Typ	1	Gd	Attchd	2008	Fin	3	834	TA	TA	Y	322	82	0	0	0	0	NA	NA	NA	0	7	2009	New	Partial	372500
369	0527258020	020	RL	124	16158	Pave	NA	IR1	Low	AllPub	Inside	Mod	StoneBr	Norm	Norm	1Fam	1Story	7	5	2005	2005	Hip	CompShg	VinylSd	VinylSd	Stone	16	Gd	TA	PConc	Ex	TA	Av	ALQ	1274	Unf	0	256	1530	GasA	Ex	Y	SBrkr	1530	0	0	1530	1	0	2	0	3	1	Gd	7	Typ	1	Gd	Attchd	2005	Fin	2	430	TA	TA	Y	168	36	0	0	0	0	NA	NA	NA	0	6	2009	WD 	Normal	260000
370	0527276160	060	RL	85	11900	Pave	NA	Reg	Lvl	AllPub	Inside	Gtl	Gilbert	Norm	Norm	1Fam	2Story	5	6	1977	1977	Gable	CompShg	HdBoard	Wd Sdng	BrkFace	157	TA	TA	PConc	Gd	TA	No	ALQ	400	Unf	0	722	1122	GasA	Ex	Y	SBrkr	946	988	0	1934	1	0	2	1	3	1	TA	6	Typ	1	TA	Attchd	1977	Unf	2	567	TA	TA	P	0	176	0	0	200	0	NA	NA	NA	0	7	2009	WD 	Normal	185000
371	0527301320	060	RL	94	13005	Pave	NA	IR1	Lvl	AllPub	Corner	Gtl	NWAmes	Norm	Norm	1Fam	2Story	7	7	1980	1980	Gable	CompShg	CemntBd	CmentBd	BrkFace	278	Gd	TA	CBlock	Gd	TA	No	GLQ	692	Unf	0	153	845	GasA	TA	Y	SBrkr	1153	1200	0	2353	1	0	2	1	4	1	Ex	10	Typ	1	TA	Attchd	1983	RFn	2	484	TA	TA	Y	288	195	0	0	0	0	NA	GdPrv	NA	0	8	2009	WD 	Normal	260000
372	0527302175	020	RL	48	17043	Pave	NA	IR1	Lvl	AllPub	CulDSac	Gtl	NWAmes	Norm	Norm	1Fam	1Story	6	5	1979	1998	Gable	CompShg	HdBoard	HdBoard	None	0	TA	Gd	CBlock	Gd	Fa	No	Unf	0	Unf	0	1362	1362	GasA	TA	Y	SBrkr	1586	0	0	1586	0	0	2	0	3	1	TA	7	Typ	1	TA	Attchd	1979	Unf	2	435	TA	TA	Y	192	0	0	0	0	0	NA	NA	NA	0	1	2009	WD 	Normal	181000
373	0527326040	020	RL	85	11900	Pave	NA	Reg	Lvl	AllPub	Inside	Gtl	NWAmes	Norm	Norm	1Fam	1Story	7	5	1977	1977	Hip	CompShg	Plywood	Plywood	BrkFace	209	TA	Gd	CBlock	TA	TA	No	ALQ	822	Unf	0	564	1386	GasA	TA	Y	SBrkr	1411	0	0	1411	0	0	2	0	3	1	TA	6	Typ	1	TA	Attchd	1977	Fin	2	544	TA	TA	Y	192	0	0	0	0	0	NA	NA	NA	0	4	2009	WD 	Family	82500
374	0527326150	020	RL		16635	Pave	NA	IR1	Lvl	AllPub	FR2	Gtl	NWAmes	Norm	Norm	1Fam	1Story	6	7	1977	2000	Gable	CompShg	CemntBd	CmentBd	Stone	126	Gd	TA	CBlock	Gd	TA	No	ALQ	1246	Unf	0	356	1602	GasA	Gd	Y	SBrkr	1602	0	0	1602	0	1	2	0	3	1	Gd	8	Typ	1	TA	Attchd	1977	Fin	2	529	TA	TA	Y	240	0	0	0	0	0	NA	NA	NA	0	6	2009	WD 	Normal	215000
375	0527352150	060	RL		13250	Pave	NA	IR1	Lvl	AllPub	Inside	Gtl	NWAmes	RRNn	Norm	1Fam	2Story	7	6	1978	1978	Gable	CompShg	HdBoard	HdBoard	BrkFace	256	TA	TA	CBlock	Gd	TA	No	Unf	0	Unf	0	832	832	GasA	TA	Y	SBrkr	1154	896	0	2050	0	0	2	1	4	1	Gd	8	Typ	1	TA	Attchd	1978	RFn	2	529	TA	TA	Y	192	192	0	0	0	0	NA	NA	NA	0	5	2009	WD 	Abnorml	154000
376	0527353020	020	RL	80	10928	Pave	NA	Reg	Lvl	AllPub	Inside	Gtl	NWAmes	Norm	Norm	1Fam	1Story	6	6	1978	1986	Gable	CompShg	VinylSd	VinylSd	BrkFace	101	TA	TA	PConc	TA	TA	No	LwQ	363	Unf	0	1064	1427	GasA	TA	Y	SBrkr	1671	0	0	1671	0	0	2	0	3	1	TA	7	Typ	1	TA	Attchd	1978	RFn	2	484	TA	TA	Y	252	55	0	0	0	0	NA	NA	NA	0	8	2009	WD 	Normal	200000
377	0527353060	060	RL		12388	Pave	NA	IR1	Lvl	AllPub	Inside	Gtl	NWAmes	Norm	Norm	1Fam	2Story	7	7	1980	1991	Gable	CompShg	Plywood	Plywood	BrkFace	229	TA	TA	CBlock	Gd	TA	No	ALQ	602	Unf	0	441	1043	GasA	TA	Y	SBrkr	1539	1134	0	2673	0	0	2	1	4	1	Gd	9	Typ	1	TA	BuiltIn	1980	RFn	2	441	TA	TA	Y	178	84	0	0	0	0	NA	NA	NA	0	8	2009	WD 	Normal	249000
378	0527354100	080	RL		14115	Pave	NA	Reg	Lvl	AllPub	Inside	Gtl	NWAmes	Norm	Norm	1Fam	SLvl	7	5	1980	1980	Gable	CompShg	Plywood	Plywood	BrkFace	225	TA	TA	CBlock	Gd	TA	Av	GLQ	1036	Unf	0	336	1372	GasA	TA	Y	SBrkr	1472	0	0	1472	1	0	2	0	3	1	TA	6	Typ	2	TA	Attchd	1980	Unf	2	588	TA	TA	Y	233	48	0	0	0	0	NA	NA	NA	0	6	2009	WD 	Normal	187500
379	0527354200	020	RL	80	11088	Pave	NA	Reg	Lvl	AllPub	Inside	Gtl	NWAmes	Norm	Norm	1Fam	1Story	6	5	1978	1998	Gable	CompShg	HdBoard	HdBoard	BrkFace	144	TA	TA	PConc	TA	TA	No	ALQ	832	Unf	0	308	1140	GasA	Gd	Y	SBrkr	1707	0	0	1707	0	0	2	0	3	1	TA	7	Typ	1	TA	Attchd	1978	Fin	2	479	TA	TA	Y	0	0	0	0	0	0	NA	NA	NA	0	5	2009	WD 	Normal	184000
380	0527355150	020	RL	80	9600	Pave	NA	Reg	Lvl	AllPub	Inside	Gtl	NWAmes	PosN	Norm	1Fam	1Story	8	5	1981	1981	Hip	WdShngl	BrkFace	BrkFace	None	0	Gd	TA	PConc	Gd	TA	No	ALQ	1104	Unf	0	1420	2524	GasA	TA	Y	SBrkr	2524	0	0	2524	1	0	2	1	4	1	Gd	9	Typ	1	Gd	Attchd	1981	Fin	2	542	TA	TA	Y	474	120	0	0	0	0	NA	MnPrv	NA	0	7	2009	WD 	Normal	278000
381	0527356040	020	RL	82	11880	Pave	NA	IR1	Lvl	AllPub	Inside	Gtl	NWAmes	RRAn	Norm	1Fam	1Story	7	5	1978	1978	Gable	CompShg	Plywood	Plywood	BrkFace	206	TA	TA	CBlock	Gd	TA	No	ALQ	704	Unf	0	567	1271	GasA	TA	Y	SBrkr	1601	0	0	1601	0	0	2	0	3	1	TA	7	Typ	1	TA	Attchd	1978	RFn	2	478	TA	TA	Y	0	0	0	0	0	0	NA	NA	NA	0	4	2009	COD	Abnorml	157000
382	0527359050	020	RL	80	10400	Pave	NA	Reg	Lvl	AllPub	Inside	Gtl	NWAmes	Norm	Norm	1Fam	1Story	7	5	1976	1976	Gable	CompShg	HdBoard	HdBoard	BrkFace	189	TA	TA	CBlock	Gd	TA	No	Unf	0	Unf	0	1090	1090	GasA	TA	Y	SBrkr	1370	0	0	1370	0	0	2	0	3	1	TA	6	Typ	1	TA	Attchd	1976	RFn	2	479	TA	TA	Y	0	0	0	0	0	0	NA	MnPrv	NA	0	6	2009	WD 	Family	152000
383	0527359180	060	RL		10304	Pave	NA	IR1	Lvl	AllPub	CulDSac	Gtl	NWAmes	PosN	Norm	1Fam	2Story	5	7	1976	1976	Gable	CompShg	Plywood	Plywood	BrkFace	44	TA	Gd	CBlock	TA	TA	No	ALQ	381	Unf	0	399	780	GasA	Ex	Y	SBrkr	1088	780	0	1868	1	0	2	1	4	1	Gd	9	Typ	1	TA	Attchd	1976	Unf	2	484	TA	TA	Y	448	96	0	0	0	0	NA	NA	NA	0	10	2009	WD 	Normal	197500
384	0527364030	060	FV	70	7000	Pave	NA	Reg	Lvl	AllPub	Inside	Gtl	Somerst	Norm	Norm	1Fam	2Story	7	5	2003	2003	Gable	CompShg	CemntBd	CmentBd	None	0	Gd	TA	PConc	Gd	TA	Mn	GLQ	622	Unf	0	304	926	GasA	Ex	Y	SBrkr	1016	868	0	1884	1	0	2	1	3	1	Ex	7	Typ	1	Ex	Attchd	2003	RFn	2	581	TA	TA	Y	0	35	0	0	0	0	NA	NA	NA	0	6	2009	WD 	Normal	240900
385	0527365030	060	FV	75	8004	Pave	NA	IR1	Lvl	AllPub	Inside	Gtl	Somerst	RRAn	Norm	1Fam	2Story	8	5	2009	2009	Gable	CompShg	VinylSd	VinylSd	Stone	110	Gd	TA	PConc	Gd	TA	No	GLQ	544	Unf	0	288	832	GasA	Ex	Y	SBrkr	832	1103	0	1935	1	0	2	1	3	1	TA	8	Typ	0	NA	BuiltIn	2009	Fin	2	552	TA	TA	Y	0	150	0	0	0	0	NA	NA	NA	0	12	2009	New	Partial	263435
386	0527366030	060	FV		7500	Pave	NA	Reg	Lvl	AllPub	Inside	Gtl	Somerst	RRNn	Norm	1Fam	2Story	8	5	2000	2001	Gable	CompShg	VinylSd	VinylSd	None	0	Gd	TA	PConc	Gd	TA	No	Unf	0	Unf	0	1058	1058	GasA	Ex	Y	SBrkr	1058	816	0	1874	0	0	2	1	3	1	Gd	7	Typ	1	TA	Attchd	2000	Fin	2	588	TA	TA	Y	0	134	0	0	0	0	NA	NA	NA	0	3	2009	WD 	Normal	220000
387	0527368010	060	FV		8470	Pave	NA	Reg	Lvl	AllPub	Corner	Gtl	Somerst	Norm	Norm	1Fam	2Story	8	5	2002	2002	Gable	CompShg	VinylSd	VinylSd	None	0	Gd	TA	PConc	Gd	TA	No	GLQ	225	ALQ	276	471	972	GasA	Ex	Y	SBrkr	972	839	0	1811	0	0	2	1	3	1	Gd	7	Typ	1	Gd	Attchd	2002	RFn	2	565	TA	TA	Y	225	48	0	0	0	0	NA	NA	NA	0	10	2009	WD 	Normal	235000
388	0527375100	020	RL		9373	Pave	NA	IR1	Lvl	AllPub	CulDSac	Gtl	NWAmes	PosN	Norm	1Fam	1Story	5	7	1975	1975	Gable	CompShg	HdBoard	HdBoard	BrkFace	161	TA	TA	CBlock	Gd	TA	Av	ALQ	1333	LwQ	168	120	1621	GasA	TA	Y	SBrkr	1621	0	0	1621	1	0	2	0	3	1	TA	7	Typ	2	Fa	Attchd	1975	RFn	2	478	TA	TA	Y	0	0	0	0	490	0	NA	NA	NA	0	6	2009	WD 	Normal	213000
389	0527375180	020	RL	78	10140	Pave	NA	Reg	Lvl	AllPub	Inside	Gtl	NWAmes	Norm	Norm	1Fam	1Story	6	6	1974	1974	Hip	CompShg	Plywood	Plywood	BrkFace	196	TA	TA	CBlock	TA	TA	No	ALQ	888	Unf	0	228	1116	GasA	Ex	Y	SBrkr	1116	0	0	1116	1	0	2	0	3	1	TA	6	Typ	1	TA	Attchd	1974	RFn	2	528	TA	TA	Y	0	0	0	0	0	0	NA	GdWo	NA	0	4	2009	WD 	Normal	167900
390	0527375210	020	RL	85	11050	Pave	NA	IR1	Lvl	AllPub	Corner	Gtl	NWAmes	Norm	Norm	1Fam	1Story	7	5	1975	1975	Gable	CompShg	Plywood	Plywood	None	0	TA	TA	CBlock	TA	TA	No	ALQ	636	Unf	0	540	1176	GasA	Fa	Y	SBrkr	1193	0	0	1193	0	0	2	0	3	1	TA	5	Typ	1	TA	Attchd	1975	Unf	2	506	TA	TA	Y	40	0	0	0	0	0	NA	NA	NA	0	8	2009	WD 	Normal	158000
391	0527376100	020	RL	78	10140	Pave	NA	Reg	Lvl	AllPub	Inside	Gtl	NWAmes	Norm	Norm	1Fam	1Story	6	5	1974	1974	Hip	CompShg	HdBoard	HdBoard	BrkFace	174	TA	TA	CBlock	Gd	TA	No	Unf	0	Unf	0	1064	1064	GasA	TA	Y	SBrkr	1350	0	0	1350	0	0	2	0	3	1	TA	7	Typ	1	TA	Attchd	1974	RFn	2	478	TA	TA	Y	0	0	0	0	0	0	NA	MnPrv	NA	0	8	2009	WD 	Normal	165000
392	0527378140	080	RL		10448	Pave	NA	IR1	Lvl	AllPub	Corner	Gtl	NWAmes	Norm	Norm	1Fam	SLvl	6	6	1972	1972	Gable	CompShg	HdBoard	HdBoard	BrkFace	333	TA	TA	CBlock	TA	TA	No	Unf	0	Unf	0	689	689	GasA	TA	Y	SBrkr	1378	741	0	2119	0	0	2	1	3	1	TA	7	Typ	1	TA	Attchd	1972	RFn	2	583	TA	TA	Y	0	104	0	0	0	0	NA	GdPrv	NA	0	8	2009	COD	Abnorml	158000
393	0527401160	090	RL	60	9000	Pave	NA	Reg	Lvl	AllPub	FR2	Gtl	NAmes	Norm	Norm	Duplex	2Story	5	5	1974	1974	Gable	CompShg	VinylSd	VinylSd	None	0	TA	TA	CBlock	Gd	TA	No	Unf	0	Unf	0	896	896	GasA	TA	Y	SBrkr	896	896	0	1792	0	0	2	2	4	2	TA	8	Typ	0	NA	NA		NA	0	0	NA	NA	Y	32	45	0	0	0	0	NA	NA	NA	0	9	2009	WD 	Normal	136000
394	0527402220	020	RL		8750	Pave	NA	IR1	Lvl	AllPub	Inside	Gtl	NAmes	Norm	Norm	1Fam	1Story	5	6	1970	1970	Gable	CompShg	MetalSd	MetalSd	BrkFace	76	TA	TA	CBlock	TA	TA	No	BLQ	828	Unf	0	174	1002	GasA	TA	Y	SBrkr	1002	0	0	1002	1	0	1	0	3	1	TA	5	Typ	0	NA	Detchd	1973	Unf	2	902	TA	TA	Y	0	0	0	0	0	0	NA	MnPrv	NA	0	8	2009	WD 	Normal	148500
395	0527403040	020	RL	61	7930	Pave	NA	Reg	Lvl	AllPub	Inside	Gtl	NAmes	Norm	Norm	1Fam	1Story	6	8	1969	2005	Gable	CompShg	Plywood	Plywood	None	0	TA	TA	CBlock	TA	TA	No	GLQ	439	LwQ	472	115	1026	GasA	Gd	Y	SBrkr	1026	0	0	1026	1	0	1	0	3	1	Gd	5	Typ	0	NA	Detchd	1969	RFn	2	440	TA	TA	Y	171	48	0	0	0	0	NA	NA	NA	0	7	2009	WD 	Normal	156000
396	0527404020	020	RL		7830	Pave	NA	IR1	Lvl	AllPub	Inside	Gtl	NAmes	Norm	Norm	1Fam	1Story	5	5	1970	1970	Gable	CompShg	HdBoard	HdBoard	None	0	TA	TA	CBlock	TA	TA	No	Unf	0	Unf	0	1180	1180	GasA	TA	Y	SBrkr	1180	0	0	1180	0	0	1	1	2	1	TA	6	Typ	0	NA	Attchd	1970	RFn	2	477	TA	TA	Y	0	45	0	0	0	0	NA	NA	NA	0	3	2009	COD	Normal	128000
397	0527404030	020	RL		8510	Pave	NA	IR1	Lvl	AllPub	Inside	Gtl	NAmes	Norm	Norm	1Fam	1Story	5	7	1971	1971	Gable	CompShg	Plywood	Plywood	BrkFace	178	TA	TA	CBlock	Gd	TA	No	ALQ	500	Unf	0	543	1043	GasA	Ex	Y	SBrkr	1050	0	0	1050	1	0	1	1	3	1	TA	6	Typ	0	NA	Attchd	1971	Unf	1	336	TA	TA	Y	0	0	0	0	0	0	NA	NA	NA	0	7	2009	WD 	Normal	143000
398	0527405130	020	RL	60	7038	Pave	NA	Reg	Lvl	AllPub	Inside	Gtl	NAmes	Norm	Norm	1Fam	1Story	4	6	1970	1970	Gable	CompShg	VinylSd	VinylSd	None	0	TA	TA	CBlock	TA	TA	No	ALQ	726	Unf	0	138	864	GasA	TA	Y	SBrkr	864	0	0	864	1	0	1	0	3	1	TA	5	Typ	0	NA	Detchd	2001	Unf	2	576	TA	TA	Y	210	0	0	0	0	0	NA	GdPrv	NA	0	9	2009	WD 	Abnorml	76500
399	0527405160	020	RL	60	6960	Pave	NA	Reg	Lvl	AllPub	Inside	Gtl	NAmes	Norm	Norm	1Fam	1Story	4	6	1970	1970	Gable	CompShg	HdBoard	Plywood	None	0	TA	TA	CBlock	TA	TA	No	ALQ	375	BLQ	239	250	864	GasA	TA	Y	SBrkr	864	0	0	864	0	0	1	0	3	1	Gd	5	Typ	0	NA	Detchd	1989	Unf	2	660	TA	TA	Y	96	0	0	0	0	0	NA	NA	Shed	500	11	2009	WD 	Normal	120500
400	0527405180	020	RL	70	8120	Pave	NA	Reg	Lvl	AllPub	Inside	Gtl	NAmes	Norm	Norm	1Fam	1Story	4	7	1970	1970	Gable	CompShg	MetalSd	MetalSd	None	0	TA	Gd	CBlock	TA	TA	No	ALQ	191	Unf	0	673	864	GasA	Ex	Y	SBrkr	864	0	0	864	0	0	1	0	3	1	TA	5	Typ	0	NA	Detchd	1994	Unf	2	463	TA	TA	Y	0	0	0	0	0	0	NA	NA	NA	0	7	2009	WD 	Normal	124500
401	0527425060	020	RL	70	10500	Pave	NA	Reg	Lvl	AllPub	FR2	Gtl	NAmes	Norm	Norm	1Fam	1Story	4	6	1971	1971	Gable	CompShg	HdBoard	HdBoard	None	0	TA	TA	CBlock	TA	TA	No	ALQ	524	LwQ	180	160	864	GasA	Gd	Y	SBrkr	864	0	0	864	0	0	1	0	2	1	TA	4	Typ	0	NA	Detchd	1989	Unf	2	576	TA	TA	Y	216	0	0	0	0	0	NA	NA	NA	0	3	2009	WD 	Abnorml	97000
402	0527425110	020	RL	60	9000	Pave	NA	Reg	Lvl	AllPub	FR2	Gtl	NAmes	Norm	Norm	1Fam	1Story	4	7	1971	2006	Gable	CompShg	VinylSd	VinylSd	None	0	TA	Gd	CBlock	TA	TA	No	ALQ	240	Unf	0	624	864	GasA	Gd	Y	SBrkr	864	0	0	864	0	0	1	0	3	1	TA	5	Typ	0	NA	Detchd	1986	Unf	2	576	TA	TA	Y	200	0	0	0	0	0	NA	GdWo	NA	0	7	2009	WD 	Normal	130000
403	0527450280	160	RM	21	1680	Pave	NA	Reg	Lvl	AllPub	Inside	Gtl	BrDale	Norm	Norm	Twnhs	2Story	6	5	1973	1973	Gable	CompShg	HdBoard	HdBoard	BrkFace	504	TA	TA	CBlock	TA	TA	No	BLQ	254	Unf	0	229	483	GasA	TA	Y	SBrkr	483	504	0	987	1	0	1	1	2	1	TA	5	Typ	0	NA	Detchd	1973	Unf	1	264	TA	TA	Y	0	0	0	0	0	0	NA	NA	NA	0	7	2009	WD 	Normal	111000
404	0527451110	160	RM	24	2368	Pave	NA	Reg	Lvl	AllPub	Inside	Gtl	BrDale	Norm	Norm	TwnhsE	2Story	5	6	1970	1970	Gable	CompShg	HdBoard	HdBoard	None	312	TA	TA	CBlock	TA	TA	No	LwQ	765	Unf	0	0	765	GasA	TA	Y	SBrkr	765	600	0	1365	0	0	1	1	3	1	TA	7	Min1	0	NA	Attchd	1970	Unf	2	440	TA	TA	Y	0	36	0	0	0	0	NA	NA	NA	0	5	2009	WD 	Normal	125000
405	0527451320	160	RM	21	1680	Pave	NA	Reg	Lvl	AllPub	Inside	Gtl	BrDale	Norm	Norm	Twnhs	2Story	5	5	1971	1971	Gable	CompShg	HdBoard	HdBoard	BrkFace	142	TA	TA	CBlock	TA	TA	No	Unf	0	Unf	0	630	630	GasA	TA	Y	SBrkr	630	672	0	1302	0	0	2	1	3	1	TA	6	Typ	0	NA	Detchd	1991	Unf	1	280	TA	TA	Y	0	0	0	0	0	0	NA	NA	NA	0	5	2009	COD	Abnorml	112000
406	0527451540	160	RM	21	1680	Pave	NA	Reg	Lvl	AllPub	Inside	Gtl	BrDale	Norm	Norm	Twnhs	2Story	6	6	1972	1972	Gable	CompShg	HdBoard	HdBoard	BrkFace	425	TA	TA	CBlock	TA	TA	No	Rec	110	LwQ	294	79	483	GasA	TA	Y	SBrkr	483	504	0	987	1	0	1	1	2	1	TA	5	Typ	0	NA	Detchd	1972	Unf	1	288	TA	TA	Y	0	0	0	0	0	0	NA	NA	NA	0	7	2009	WD 	Normal	97000
407	0527451640	160	RM	21	1680	Pave	NA	Reg	Lvl	AllPub	Inside	Gtl	BrDale	Norm	Norm	Twnhs	2Story	6	8	1972	2007	Gable	CompShg	HdBoard	HdBoard	BrkFace	510	TA	TA	CBlock	TA	TA	No	ALQ	162	Unf	0	321	483	GasA	Gd	Y	SBrkr	483	504	0	987	0	0	1	1	2	1	Gd	5	Typ	0	NA	Detchd	1972	Unf	1	264	TA	TA	Y	250	0	0	0	0	0	NA	NA	NA	0	5	2009	WD 	Normal	118000
408	0527451650	160	RM	21	1680	Pave	NA	Reg	Lvl	AllPub	Inside	Gtl	BrDale	Norm	Norm	Twnhs	2Story	5	7	1972	1972	Gable	CompShg	CemntBd	CmentBd	BrkFace	268	TA	TA	CBlock	TA	TA	No	ALQ	231	Unf	0	399	630	GasA	TA	Y	SBrkr	630	672	0	1302	0	0	2	1	3	1	TA	6	Typ	0	NA	Detchd	1972	Unf	1	264	TA	TA	Y	185	0	0	0	0	0	NA	NA	NA	0	2	2009	WD 	Normal	119500
409	0527452060	120	RL		4928	Pave	NA	IR1	Lvl	AllPub	Inside	Gtl	NPkVill	Norm	Norm	TwnhsE	1Story	6	6	1976	1976	Gable	CompShg	Plywood	Plywood	None	0	TA	TA	CBlock	Gd	TA	No	LwQ	958	Unf	0	0	958	GasA	TA	Y	SBrkr	958	0	0	958	0	0	2	0	2	1	TA	5	Typ	0	NA	Attchd	1976	RFn	2	440	TA	TA	Y	0	60	0	0	0	0	NA	NA	NA	0	10	2009	WD 	Normal	143750
410	0527453050	160	RL	24	2308	Pave	NA	Reg	Lvl	AllPub	FR2	Gtl	NPkVill	Norm	Norm	TwnhsE	2Story	6	5	1976	1976	Gable	CompShg	Plywood	Brk Cmn	None	0	TA	TA	CBlock	Gd	TA	No	ALQ	306	Unf	0	498	804	GasA	TA	Y	SBrkr	804	744	0	1548	0	0	2	1	3	1	TA	7	Typ	1	TA	Detchd	1976	RFn	2	440	TA	TA	Y	108	0	0	0	0	0	NA	NA	NA	0	9	2009	WD 	Normal	146000
411	0527453060	160	RL	24	2280	Pave	NA	Reg	Lvl	AllPub	FR2	Gtl	NPkVill	Norm	Norm	Twnhs	2Story	6	6	1976	1976	Gable	CompShg	Plywood	Brk Cmn	None	0	TA	TA	CBlock	Gd	TA	No	ALQ	566	Unf	0	289	855	GasA	TA	Y	SBrkr	855	601	0	1456	0	0	2	1	3	1	TA	7	Typ	1	TA	Attchd	1976	Unf	2	440	TA	TA	Y	87	0	0	0	0	0	NA	NA	NA	0	7	2009	WD 	Normal	148500
412	0527453140	120	RL	24	2280	Pave	NA	Reg	Lvl	AllPub	FR2	Gtl	NPkVill	Norm	Norm	Twnhs	1Story	7	5	1975	1975	Gable	CompShg	Plywood	Brk Cmn	None	0	TA	TA	CBlock	Gd	TA	No	ALQ	435	LwQ	622	0	1057	GasA	TA	Y	SBrkr	1055	0	0	1055	0	1	2	0	2	1	TA	4	Typ	1	Fa	Attchd	1975	RFn	2	440	TA	TA	Y	0	27	0	0	0	0	NA	NA	NA	0	8	2009	WD 	Normal	123000
413	0527454050	160	RL	24	2308	Pave	NA	Reg	Lvl	AllPub	Inside	Gtl	NPkVill	Norm	Norm	TwnhsE	2Story	6	5	1974	1974	Gable	CompShg	Plywood	Brk Cmn	None	0	TA	TA	CBlock	TA	TA	No	ALQ	257	Rec	495	103	855	GasA	TA	Y	SBrkr	855	467	0	1322	0	1	2	1	3	1	TA	6	Typ	1	Fa	Attchd	1974	Unf	2	440	TA	TA	Y	260	0	0	0	0	0	NA	NA	NA	0	6	2009	WD 	Normal	147000
414	0527454130	160	RL	24	2349	Pave	NA	Reg	Lvl	AllPub	Inside	Gtl	NPkVill	Norm	Norm	Twnhs	2Story	6	5	1977	1977	Gable	CompShg	Plywood	Brk Cmn	None	0	TA	TA	CBlock	Gd	TA	No	ALQ	389	Unf	0	466	855	GasA	TA	Y	SBrkr	855	601	0	1456	0	0	2	1	3	1	TA	6	Typ	1	TA	Attchd	1977	Unf	2	440	TA	TA	Y	0	28	0	0	0	0	NA	NA	NA	0	5	2009	WD 	Normal	137900
415	0527455050	160	RL	24	2364	Pave	NA	Reg	Lvl	AllPub	Inside	Gtl	NPkVill	Norm	Norm	TwnhsE	2Story	6	5	1978	1978	Gable	CompShg	Plywood	Brk Cmn	None	0	TA	TA	CBlock	Gd	TA	No	ALQ	320	Unf	0	484	804	GasA	TA	Y	SBrkr	804	744	0	1548	0	1	2	1	3	1	TA	7	Typ	1	TA	Detchd	1978	Unf	2	440	TA	TA	Y	108	0	0	0	0	0	NA	NA	NA	0	7	2009	WD 	Normal	147000
416	0527455060	160	RL	24	2289	Pave	NA	Reg	Lvl	AllPub	Inside	Gtl	NPkVill	Norm	Norm	Twnhs	2Story	6	6	1978	1978	Gable	CompShg	Plywood	Brk Cmn	None	0	TA	TA	CBlock	TA	TA	No	ALQ	311	Unf	0	544	855	GasA	TA	Y	SBrkr	855	586	0	1441	0	0	2	1	3	1	TA	7	Typ	1	TA	Attchd	1978	Unf	2	440	TA	TA	Y	28	0	0	0	0	0	NA	NA	NA	0	4	2009	WD 	Normal	148500
417	0527455080	160	RL	24	2364	Pave	NA	Reg	Lvl	AllPub	Inside	Gtl	NPkVill	Norm	Norm	TwnhsE	2Story	6	5	1978	1978	Gable	CompShg	Plywood	Brk Cmn	None	0	Gd	TA	CBlock	Gd	TA	No	ALQ	279	Unf	0	576	855	GasA	TA	Y	SBrkr	855	601	0	1456	0	0	2	1	3	1	TA	6	Typ	1	TA	Attchd	1978	Fin	2	440	TA	TA	Y	147	0	0	0	0	0	NA	NA	NA	0	4	2009	WD 	Normal	138000
418	0527455090	120	RL	24	2104	Pave	NA	Reg	Lvl	AllPub	Inside	Gtl	NPkVill	Norm	Norm	TwnhsE	1Story	7	6	1976	1976	Gable	CompShg	Plywood	Brk Cmn	None	0	TA	TA	CBlock	TA	TA	No	ALQ	536	Unf	0	300	836	GasA	TA	Y	SBrkr	836	0	0	836	0	1	1	0	2	1	TA	5	Typ	0	NA	Attchd	1976	Unf	1	345	TA	TA	Y	150	20	0	0	0	0	NA	NA	NA	0	10	2009	WD 	Normal	128500
419	0527455240	020	RL	65	7150	Pave	NA	Reg	Lvl	AllPub	Inside	Gtl	NAmes	Norm	Norm	1Fam	1Story	5	5	1967	1967	Gable	CompShg	HdBoard	HdBoard	BrkFace	60	TA	TA	CBlock	TA	TA	No	BLQ	432	Unf	0	460	892	GasA	TA	Y	SBrkr	892	0	0	892	0	0	1	0	3	1	TA	5	Typ	0	NA	Attchd	1967	RFn	1	288	TA	TA	Y	0	0	0	0	0	0	NA	GdWo	NA	0	7	2009	WD 	Normal	100000
420	0527455280	020	RL		10710	Pave	NA	Reg	Lvl	AllPub	Inside	Gtl	NAmes	Norm	Norm	1Fam	1Story	5	7	1966	2004	Hip	CompShg	HdBoard	HdBoard	BrkFace	165	Gd	TA	PConc	TA	TA	No	BLQ	644	Unf	0	220	864	GasA	Ex	Y	SBrkr	1120	0	0	1120	0	1	1	0	3	1	TA	5	Typ	1	TA	Attchd	1966	RFn	2	656	TA	TA	Y	0	162	0	0	0	0	NA	NA	Shed	1200	7	2009	WD 	Normal	148800
421	0528102040	020	RL	96	12456	Pave	NA	Reg	Lvl	AllPub	FR2	Gtl	NridgHt	Norm	Norm	1Fam	1Story	10	5	2006	2007	Hip	CompShg	CemntBd	CmentBd	Stone	230	Ex	TA	PConc	Ex	TA	Gd	GLQ	1172	Unf	0	528	1700	GasA	Ex	Y	SBrkr	1718	0	0	1718	1	0	2	0	3	1	Ex	7	Typ	1	Gd	Attchd	2008	Fin	3	786	TA	TA	Y	216	48	0	0	0	0	NA	NA	NA	0	7	2009	WD 	Normal	337500
422	0528102140	060	RL	110	14257	Pave	NA	Reg	Lvl	AllPub	Inside	Gtl	NridgHt	PosN	Norm	1Fam	2Story	9	5	2007	2007	Hip	CompShg	VinylSd	VinylSd	Stone	726	Ex	TA	PConc	Ex	TA	No	GLQ	1360	Unf	0	416	1776	GasA	Ex	Y	SBrkr	1794	978	0	2772	1	0	3	1	4	1	Ex	10	Typ	3	Gd	BuiltIn	2007	Fin	3	754	TA	TA	Y	135	64	0	0	0	0	NA	NA	NA	0	6	2009	WD 	Normal	462000
423	0528104070	060	RL	104	13518	Pave	NA	Reg	Lvl	AllPub	Inside	Gtl	NridgHt	Norm	Norm	1Fam	2Story	9	5	2008	2009	Hip	CompShg	VinylSd	VinylSd	Stone	860	Ex	TA	PConc	Ex	TA	No	Unf	0	Unf	0	1926	1926	GasA	Ex	Y	SBrkr	1966	1174	0	3140	0	0	3	1	4	1	Ex	11	Typ	2	Gd	BuiltIn	2009	Fin	3	820	TA	TA	Y	144	78	0	0	0	0	NA	NA	NA	0	7	2009	New	Partial	485000
424	0528106020	020	RL	105	15431	Pave	NA	Reg	Lvl	AllPub	Inside	Gtl	NridgHt	Norm	Norm	1Fam	1Story	10	5	2008	2008	Hip	CompShg	VinylSd	VinylSd	Stone	200	Ex	TA	PConc	Ex	TA	Gd	GLQ	1767	ALQ	539	788	3094	GasA	Ex	Y	SBrkr	2402	0	0	2402	1	0	2	0	2	1	Ex	10	Typ	2	Gd	Attchd	2008	Fin	3	672	TA	TA	Y	0	72	0	0	170	0	NA	NA	NA	0	4	2009	WD 	Normal	555000
425	0528106070	020	RL	108	13173	Pave	NA	IR1	Lvl	AllPub	Corner	Gtl	NridgHt	Norm	Norm	1Fam	1Story	9	5	2006	2007	Hip	CompShg	VinylSd	VinylSd	Stone	300	Gd	TA	PConc	Ex	TA	No	GLQ	1572	Unf	0	80	1652	GasA	Ex	Y	SBrkr	1652	0	0	1652	1	0	2	0	2	1	Ex	6	Typ	2	Ex	Attchd	2006	Fin	2	840	TA	TA	Y	404	102	0	0	0	0	NA	NA	NA	0	11	2009	WD 	Normal	325000
426	0528108010	020	RL	110	14230	Pave	NA	Reg	Lvl	AllPub	Corner	Gtl	NridgHt	Norm	Norm	1Fam	1Story	8	5	2007	2007	Gable	CompShg	VinylSd	VinylSd	Stone	640	Gd	TA	PConc	Gd	TA	No	Unf	0	Unf	0	1566	1566	GasA	Ex	Y	SBrkr	1600	0	0	1600	0	0	2	0	3	1	Gd	7	Typ	1	Gd	Attchd	2007	RFn	3	890	TA	TA	Y	0	56	0	0	0	0	NA	NA	NA	0	7	2009	WD 	Normal	256300
427	0528108020	020	RL	98	12704	Pave	NA	Reg	Lvl	AllPub	Inside	Gtl	NridgHt	Norm	Norm	1Fam	1Story	8	5	2008	2009	Hip	CompShg	VinylSd	VinylSd	BrkFace	306	Ex	TA	PConc	Ex	TA	No	Unf	0	Unf	0	2042	2042	GasA	Ex	Y	SBrkr	2042	0	0	2042	0	0	2	1	3	1	Ex	8	Typ	1	Gd	Attchd	2009	RFn	3	1390	TA	TA	Y	0	90	0	0	0	0	NA	NA	NA	0	8	2009	New	Partial	253293
428	0528108040	060	RL	95	12350	Pave	NA	Reg	Lvl	AllPub	Inside	Gtl	NridgHt	Norm	Norm	1Fam	2Story	9	5	2009	2009	Gable	CompShg	VinylSd	VinylSd	None	0	Gd	TA	PConc	Ex	TA	No	GLQ	986	Unf	0	379	1365	GasA	Ex	Y	SBrkr	1365	1325	0	2690	1	0	2	1	3	1	Ex	8	Typ	1	Gd	Attchd	2009	RFn	3	864	TA	TA	Y	0	197	0	0	0	0	NA	NA	NA	0	7	2009	New	Partial	398800
429	0528108070	060	RL	96	11308	Pave	NA	IR1	Lvl	AllPub	Inside	Gtl	NridgHt	Norm	Norm	1Fam	2Story	9	5	2008	2008	Gable	CompShg	VinylSd	VinylSd	Stone	154	Ex	TA	PConc	Ex	TA	Av	GLQ	936	Unf	0	168	1104	GasA	Ex	Y	SBrkr	1130	1054	0	2184	1	0	2	1	3	1	Ex	10	Typ	1	Gd	Attchd	2008	Fin	3	836	TA	TA	Y	0	102	0	0	0	0	NA	NA	NA	0	7	2009	WD 	Normal	335000
430	0528108130	020	RL	95	12350	Pave	NA	Reg	Lvl	AllPub	Inside	Gtl	NridgHt	Norm	Norm	1Fam	1Story	9	5	2008	2008	Hip	CompShg	VinylSd	VinylSd	Stone	450	Ex	TA	PConc	Ex	TA	Av	GLQ	1232	Unf	0	788	2020	GasA	Ex	Y	SBrkr	2020	0	0	2020	1	0	2	0	3	1	Ex	7	Typ	1	Gd	Attchd	2008	RFn	3	896	TA	TA	Y	192	98	0	0	0	0	NA	NA	NA	0	5	2009	WD 	Normal	404000
431	0528108140	020	RL	94	12220	Pave	NA	Reg	Lvl	AllPub	Inside	Gtl	NridgHt	Norm	Norm	1Fam	1Story	10	5	2009	2009	Hip	CompShg	CemntBd	CmentBd	BrkFace	305	Ex	TA	CBlock	Ex	TA	No	GLQ	1436	Unf	0	570	2006	GasA	Ex	Y	SBrkr	2020	0	0	2020	1	0	2	1	3	1	Ex	9	Typ	1	Gd	Attchd	2009	Fin	3	900	TA	TA	Y	156	54	0	0	0	0	NA	NA	NA	0	9	2009	New	Partial	402861
432	0528110010	060	RL	97	13478	Pave	NA	IR1	Lvl	AllPub	Corner	Gtl	NridgHt	Norm	Norm	1Fam	2Story	10	5	2008	2008	Gable	CompShg	CemntBd	CmentBd	Stone	420	Ex	TA	PConc	Ex	TA	Gd	GLQ	1338	Unf	0	384	1722	GasA	Ex	Y	SBrkr	1728	568	0	2296	1	0	2	1	3	1	Ex	10	Typ	1	Gd	BuiltIn	2008	RFn	3	842	TA	TA	Y	382	274	0	0	0	0	NA	NA	NA	0	6	2009	ConLI	Normal	451950
433	0528110020	020	RL	105	13693	Pave	NA	Reg	Lvl	AllPub	Inside	Gtl	NridgHt	PosA	PosA	1Fam	1Story	10	5	2007	2007	Hip	CompShg	VinylSd	VinylSd	Stone	472	Ex	TA	PConc	Ex	TA	Gd	GLQ	2288	Unf	0	342	2630	GasA	Ex	Y	SBrkr	2674	0	0	2674	2	0	2	1	2	1	Ex	8	Typ	2	Gd	Attchd	2007	Fin	3	762	TA	TA	Y	360	50	0	0	0	0	NA	NA	NA	0	3	2009	WD 	Normal	610000
434	0528110090	060	RL	107	13891	Pave	NA	Reg	Lvl	AllPub	Inside	Gtl	NridgHt	Norm	Norm	1Fam	2Story	9	5	2008	2009	Hip	CompShg	VinylSd	VinylSd	Stone	424	Ex	TA	PConc	Ex	TA	Gd	Unf	0	Unf	0	1734	1734	GasA	Ex	Y	SBrkr	1734	1088	0	2822	0	0	3	1	4	1	Ex	12	Typ	1	Gd	BuiltIn	2009	RFn	3	1020	TA	TA	Y	52	170	0	0	192	0	NA	NA	NA	0	1	2009	New	Partial	582933
435	0528112040	020	RL	95	11578	Pave	NA	Reg	Lvl	AllPub	Inside	Gtl	NridgHt	Norm	Norm	1Fam	1Story	9	5	2008	2008	Gable	CompShg	VinylSd	VinylSd	Stone	302	Ex	TA	PConc	Ex	TA	No	Unf	0	Unf	0	1736	1736	GasA	Ex	Y	SBrkr	1736	0	0	1736	0	0	2	0	3	1	Ex	7	Typ	1	Gd	Attchd	2008	RFn	3	834	TA	TA	Y	319	90	0	0	0	0	NA	NA	NA	0	7	2009	WD 	Normal	360000
436	0528116010	020	RL	129	16870	Pave	NA	IR1	Lvl	AllPub	FR3	Gtl	NridgHt	Norm	Norm	1Fam	1Story	8	5	2004	2005	Hip	CompShg	VinylSd	VinylSd	BrkFace	238	Gd	TA	PConc	Ex	TA	Gd	GLQ	1531	Unf	0	251	1782	GasA	Ex	Y	SBrkr	1782	0	0	1782	1	0	2	0	3	1	Gd	7	Typ	2	Gd	Attchd	2004	Fin	3	932	TA	TA	Y	99	82	0	0	0	0	NA	NA	NA	0	4	2009	WD 	Normal	296000
437	0528118060	060	RL	59	23303	Pave	NA	IR3	Lvl	AllPub	CulDSac	Gtl	NridgHt	Norm	Norm	1Fam	2Story	8	5	2007	2007	Gable	CompShg	VinylSd	VinylSd	Stone	20	Gd	TA	PConc	Ex	TA	Av	GLQ	1230	Unf	0	278	1508	GasA	Ex	Y	SBrkr	1508	1012	0	2520	1	0	2	1	5	1	Ex	10	Typ	1	Gd	BuiltIn	2007	Fin	3	640	TA	TA	Y	192	273	0	0	0	0	NA	NA	NA	0	6	2009	WD 	Family	409900
438	0528120020	020	RL	87	11146	Pave	NA	IR1	Lvl	AllPub	Inside	Gtl	NridgHt	Norm	Norm	1Fam	1Story	8	5	2006	2006	Gable	CompShg	VinylSd	VinylSd	Stone	250	Gd	TA	PConc	Ex	TA	Av	Unf	0	Unf	0	1709	1709	GasA	Ex	Y	SBrkr	1717	0	0	1717	0	0	2	0	3	1	Gd	7	Typ	1	Gd	Attchd	2006	RFn	3	908	TA	TA	Y	169	39	0	0	0	0	NA	NA	NA	0	7	2009	WD 	Normal	255500
439	0528120030	020	RL	87	10367	Pave	NA	IR1	Lvl	AllPub	Inside	Gtl	NridgHt	Norm	Norm	1Fam	1Story	9	5	2008	2008	Hip	CompShg	VinylSd	VinylSd	Stone	284	Ex	TA	PConc	Ex	TA	Mn	GLQ	1015	Unf	0	724	1739	GasA	Ex	Y	SBrkr	1743	0	0	1743	1	0	2	0	3	1	Ex	8	Typ	1	Gd	Attchd	2008	RFn	3	927	TA	TA	Y	168	45	0	0	0	0	NA	NA	NA	0	6	2009	ConLI	Normal	335000
440	0528120160	020	RL	76	9591	Pave	NA	Reg	Lvl	AllPub	Inside	Gtl	NridgHt	Norm	Norm	1Fam	1Story	8	5	2004	2005	Hip	CompShg	VinylSd	VinylSd	BrkFace	262	Gd	TA	PConc	Ex	TA	Av	GLQ	1088	Unf	0	625	1713	GasA	Ex	Y	SBrkr	1713	0	0	1713	1	0	2	0	3	1	Ex	7	Typ	1	Gd	Attchd	2004	Fin	3	856	TA	TA	Y	0	26	0	0	170	0	NA	NA	NA	0	1	2009	WD 	Normal	274900
441	0528120170	020	RL	77	10872	Pave	NA	IR1	Lvl	AllPub	Inside	Gtl	NridgHt	Norm	Norm	1Fam	1Story	9	5	2006	2006	Gable	CompShg	VinylSd	VinylSd	Stone	122	Gd	TA	PConc	Ex	Gd	Av	GLQ	1037	Unf	0	467	1504	GasA	Ex	Y	SBrkr	1531	0	0	1531	1	0	2	0	2	1	Ex	6	Typ	1	Gd	Attchd	2006	Fin	3	700	TA	TA	Y	184	52	0	0	0	0	NA	NA	NA	0	2	2009	WD 	Normal	300000
442	0528138010	020	RL	102	13514	Pave	NA	IR1	Lvl	AllPub	Corner	Gtl	NridgHt	Norm	Norm	1Fam	1Story	9	5	2008	2008	Hip	CompShg	VinylSd	VinylSd	None	285	Ex	TA	PConc	Ex	TA	No	GLQ	1142	Unf	0	632	1774	GasA	Ex	Y	SBrkr	1808	0	0	1808	1	0	2	0	3	1	Ex	7	Typ	1	Gd	Attchd	2008	Fin	3	850	TA	TA	Y	200	26	0	0	0	0	NA	NA	NA	0	3	2009	WD 	Normal	324000
443	0528142040	060	RL	74	8834	Pave	NA	Reg	Lvl	AllPub	Inside	Gtl	NridgHt	Norm	Norm	1Fam	2Story	9	5	2004	2005	Hip	CompShg	VinylSd	VinylSd	Stone	216	Gd	TA	PConc	Ex	TA	No	GLQ	1170	Unf	0	292	1462	GasA	Ex	Y	SBrkr	1462	762	0	2224	1	0	2	1	4	1	Ex	10	Typ	1	Gd	Attchd	2004	Fin	3	738	TA	TA	Y	184	0	0	0	0	0	NA	NA	NA	0	6	2009	WD 	Normal	350000
444	0528142090	020	RL	107	11362	Pave	NA	IR1	Lvl	AllPub	Inside	Gtl	NridgHt	Norm	Norm	1Fam	1Story	8	5	2004	2005	Gable	CompShg	MetalSd	MetalSd	Stone	42	Gd	TA	PConc	Ex	TA	Mn	GLQ	1039	Unf	0	797	1836	GasA	Ex	Y	SBrkr	1836	0	0	1836	1	0	2	0	3	1	Gd	7	Typ	1	Gd	Attchd	2004	Fin	3	862	TA	TA	Y	125	185	0	0	0	0	NA	NA	NA	0	3	2009	WD 	Normal	280000
445	0528142130	020	RL	85	10655	Pave	NA	IR1	Lvl	AllPub	Inside	Gtl	NridgHt	Norm	Norm	1Fam	1Story	8	5	2003	2004	Gable	CompShg	VinylSd	VinylSd	BrkFace	296	Gd	TA	PConc	Gd	TA	No	GLQ	1124		479	1603	3206	GasA	Ex	Y	SBrkr	1629	0	0	1629	1	0	2	0	3	1	Gd	7	Typ	1	Gd	Attchd	2003	RFn	3	880	TA	TA	Y	0	0	0	0	0	0	NA	NA	NA	0	10	2009	WD 	Normal	284000
446	0528142150	020	RL	90	12878	Pave	NA	IR1	Lvl	AllPub	Corner	Gtl	NridgHt	Norm	Norm	1Fam	1Story	7	5	2003	2004	Hip	CompShg	VinylSd	VinylSd	BrkFace	418	Gd	TA	PConc	Gd	TA	No	ALQ	1262	Unf	0	498	1760	GasA	Ex	Y	SBrkr	1760	0	0	1760	1	0	2	0	3	1	Gd	8	Typ	1	Gd	Attchd	2003	Fin	2	583	TA	TA	Y	165	190	0	0	0	0	NA	NA	NA	0	6	2009	WD 	Normal	269500
447	0528144020	020	RL	79	9541	Pave	NA	IR1	Lvl	AllPub	Inside	Gtl	NridgHt	Norm	Norm	1Fam	1Story	7	5	2009	2009	Gable	CompShg	VinylSd	VinylSd	Stone	268	Gd	TA	PConc	Gd	TA	No	Unf	0	Unf	0	1502	1502	GasA	Ex	Y	SBrkr	1502	0	0	1502	0	0	2	0	3	1	Gd	7	Typ	0	NA	Attchd	2009	RFn	2	644	TA	TA	Y	0	114	0	0	0	0	NA	NA	NA	0	9	2009	New	Partial	233170
448	0528166060	020	RL	103	13472	Pave	NA	Reg	Lvl	AllPub	Inside	Gtl	NridgHt	Norm	Norm	1Fam	1Story	10	5	2003	2003	Hip	CompShg	VinylSd	VinylSd	BrkFace	922	Ex	TA	PConc	Ex	TA	Gd	GLQ	56	Unf	0	2336	2392	GasA	Ex	Y	SBrkr	2392	0	0	2392	0	0	2	0	3	1	Ex	8	Typ	1	Ex	Attchd	2003	Fin	3	968	TA	TA	Y	248	105	0	0	0	0	NA	NA	NA	0	6	2009	WD 	Normal	386250
449	0528166090	020	RL	110	15274	Pave	NA	IR1	Lvl	AllPub	Corner	Gtl	NridgHt	Norm	Norm	1Fam	1Story	9	5	2003	2003	Hip	CompShg	VinylSd	VinylSd	BrkFace	724	Gd	TA	PConc	Ex	TA	No	GLQ	1972	Unf	0	480	2452	GasA	Ex	Y	SBrkr	2452	0	0	2452	2	0	2	0	3	1	Ex	10	Typ	1	Gd	Attchd	2003	Fin	3	886	TA	TA	Y	0	116	0	0	0	0	NA	MnPrv	NA	0	7	2009	WD 	Normal	445000
450	0528168030	060	RL	96	13262	Pave	NA	IR1	Lvl	AllPub	Inside	Gtl	NridgHt	Norm	Norm	1Fam	2Story	8	5	2003	2004	Gable	CompShg	VinylSd	VinylSd	Stone	186	Gd	TA	PConc	Gd	TA	No	Unf	0	Unf	0	1082	1082	GasA	Ex	Y	SBrkr	1105	1295	0	2400	0	0	3	1	4	1	Gd	10	Typ	1	Gd	BuiltIn	2003	Fin	3	730	TA	TA	Y	114	40	0	0	0	0	NA	NA	NA	0	6	2009	WD 	Normal	290000
451	0528172060	020	RL	70	9658	Pave	NA	IR1	Lvl	AllPub	Inside	Gtl	NridgHt	Norm	Norm	1Fam	1Story	8	5	2006	2006	Gable	CompShg	VinylSd	VinylSd	Stone	383	Gd	TA	PConc	Gd	TA	No	Unf	0	Unf	0	1598	1598	GasA	Gd	Y	SBrkr	1606	0	0	1606	0	0	2	0	3	1	Gd	6	Typ	1	Gd	Attchd	2006	RFn	3	871	TA	TA	Y	230	60	0	0	0	0	NA	NA	NA	0	7	2009	WD 	Normal	255900
452	0528174050	120	RL	47	6904	Pave	NA	IR1	Lvl	AllPub	Inside	Gtl	NridgHt	Norm	Norm	TwnhsE	1Story	6	5	2005	2005	Gable	CompShg	VinylSd	VinylSd	Stone	240	Gd	TA	PConc	Gd	TA	Av	ALQ	836	Unf	0	522	1358	GasA	Ex	Y	SBrkr	1358	0	0	1358	0	0	2	0	2	1	Gd	6	Typ	1	Gd	Attchd	2005	RFn	2	484	TA	TA	Y	192	36	0	0	0	0	NA	NA	NA	0	8	2009	WD 	Normal	213000
453	0528174060	120	RL	34	5381	Pave	NA	IR1	Lvl	AllPub	Inside	Gtl	NridgHt	Norm	Norm	Twnhs	1Story	6	5	2005	2005	Gable	CompShg	VinylSd	VinylSd	Stone	135	Gd	TA	PConc	Gd	TA	Av	ALQ	900	Unf	0	406	1306	GasA	Ex	Y	SBrkr	1306	0	0	1306	1	0	2	0	1	1	Gd	5	Typ	1	Gd	Attchd	2005	RFn	2	624	TA	TA	Y	170	63	0	0	0	0	NA	NA	NA	0	8	2009	WD 	Normal	196000
454	0528174070	120	RL	34	5122	Pave	NA	IR1	Lvl	AllPub	Inside	Gtl	NridgHt	Norm	Norm	Twnhs	1Story	6	5	2005	2005	Gable	CompShg	VinylSd	VinylSd	Stone	135	Gd	TA	PConc	Gd	TA	Av	GLQ	881	Unf	0	425	1306	GasA	Ex	Y	SBrkr	1306	0	0	1306	1	0	2	0	1	1	Gd	5	Typ	1	Gd	Attchd	2005	RFn	2	624	TA	TA	Y	170	63	0	0	0	0	NA	NA	NA	0	3	2009	WD 	Normal	184500
455	0528175050	120	RL	80	10307	Pave	NA	IR1	Lvl	AllPub	Inside	Gtl	NridgHt	Norm	Norm	TwnhsE	1Story	7	5	2007	2008	Gable	CompShg	VinylSd	VinylSd	Stone	176	Gd	TA	PConc	Gd	TA	No	GLQ	876	Unf	0	474	1350	GasA	Ex	Y	SBrkr	1358	0	0	1358	1	0	2	0	2	1	Gd	6	Typ	1	Gd	Attchd	2008	RFn	2	484	TA	TA	Y	192	26	0	0	0	0	NA	NA	NA	0	5	2009	WD 	Normal	212500
456	0528175060	120	RL	34	5001	Pave	NA	IR1	Lvl	AllPub	Inside	Gtl	NridgHt	Norm	Norm	Twnhs	1Story	7	5	2007	2008	Gable	CompShg	VinylSd	VinylSd	Stone	166	Gd	TA	PConc	Gd	TA	No	GLQ	904	Unf	0	410	1314	GasA	Ex	Y	SBrkr	1314	0	0	1314	1	0	2	0	2	1	Gd	6	Typ	1	Gd	Attchd	2008	RFn	2	626	TA	TA	Y	172	62	0	0	0	0	NA	NA	NA	0	7	2009	WD 	Normal	230000
457	0528176030	020	RL	100	14836	Pave	NA	IR1	HLS	AllPub	Inside	Mod	NridgHt	Norm	Norm	1Fam	1Story	10	5	2004	2005	Hip	CompShg	CemntBd	CmentBd	Stone	730	Ex	TA	PConc	Ex	TA	Gd	GLQ	2146	Unf	0	346	2492	GasA	Ex	Y	SBrkr	2492	0	0	2492	1	0	2	1	2	1	Ex	8	Typ	1	Ex	Attchd	2004	Fin	3	949	TA	TA	Y	226	235	0	0	0	0	NA	NA	NA	0	2	2009	WD 	Abnorml	552000
458	0528178010	020	RL	117	15262	Pave	NA	IR1	Lvl	AllPub	Corner	Gtl	NridgHt	Norm	Norm	1Fam	1Story	8	5	2003	2004	Hip	CompShg	VinylSd	VinylSd	BrkFace	470	Gd	TA	PConc	Ex	TA	Gd	GLQ	1557	Unf	0	643	2200	GasA	Ex	Y	SBrkr	2200	0	0	2200	1	0	2	1	3	1	Ex	8	Typ	1	Gd	Attchd	2003	Fin	3	685	TA	TA	Y	208	55	0	0	0	0	NA	NA	NA	0	7	2009	WD 	Normal	382500
459	0528180120	120	RL	44	7390	Pave	NA	IR1	Lvl	AllPub	Inside	Gtl	NridgHt	Norm	Norm	TwnhsE	1Story	9	5	2008	2009	Hip	CompShg	MetalSd	MetalSd	BrkFace	308	Ex	TA	PConc	Ex	TA	No	GLQ	800	Unf	0	1084	1884	GasA	Ex	Y	SBrkr	1884	0	0	1884	1	0	2	0	2	1	Ex	6	Typ	1	Gd	Attchd	2008	Fin	2	649	TA	TA	Y	231	90	0	0	0	0	NA	NA	NA	0	5	2009	New	Partial	320000
460	0528180130	120	RL	48	6472	Pave	NA	Reg	Lvl	AllPub	Inside	Gtl	NridgHt	Norm	Norm	TwnhsE	1Story	9	5	2008	2008	Hip	CompShg	VinylSd	VinylSd	BrkFace	500	Ex	TA	PConc	Ex	TA	No	Unf	0	Unf	0	1451	1451	GasA	Ex	Y	SBrkr	1456	0	0	1456	0	0	2	0	2	1	Ex	6	Typ	1	Gd	Attchd	2008	RFn	2	539	TA	TA	Y	192	42	0	0	0	0	NA	NA	NA	0	4	2009	WD 	Normal	248500
461	0528186010	020	RL	129	16770	Pave	NA	Reg	Lvl	AllPub	Corner	Gtl	NridgHt	Norm	Norm	1Fam	1Story	8	5	2002	2003	Hip	CompShg	VinylSd	VinylSd	BrkFace	270	Gd	TA	PConc	Ex	TA	Gd	GLQ	1196	Unf	0	516	1712	GasA	Ex	Y	SBrkr	1712	0	0	1712	1	0	2	0	3	1	Gd	8	Typ	1	Gd	Attchd	2002	RFn	3	701	TA	TA	Y	218	183	0	0	0	0	NA	NA	NA	0	9	2009	WD 	Normal	286500
462	0528186180	120	RL	48	6240	Pave	NA	Reg	Lvl	AllPub	Inside	Gtl	NridgHt	Norm	Norm	TwnhsE	1Story	8	5	2006	2006	Hip	CompShg	MetalSd	MetalSd	BrkFace	176	Gd	TA	PConc	Gd	TA	No	GLQ	863	Unf	0	461	1324	GasA	Ex	Y	SBrkr	1324	0	0	1324	1	0	2	0	2	1	Gd	6	Typ	1	Gd	Attchd	2006	Fin	2	550	TA	TA	Y	192	38	0	0	0	0	NA	NA	NA	0	12	2009	WD 	Normal	254000
463	0528188020	120	RL	48	3480	Pave	NA	Reg	Lvl	AllPub	Inside	Gtl	NridgHt	Norm	Norm	TwnhsE	1Story	7	5	2003	2003	Gable	CompShg	VinylSd	VinylSd	Stone	163	Gd	TA	PConc	Gd	TA	No	Unf	0	Unf	0	1405	1405	GasA	Ex	Y	SBrkr	1405	0	0	1405	0	0	2	0	2	1	Gd	6	Typ	1	TA	Attchd	2003	RFn	2	478	TA	TA	Y	148	36	0	0	0	0	NA	NA	NA	0	11	2009	WD 	Normal	173000
464	0528188060	160	RL	36	2268	Pave	NA	Reg	Lvl	AllPub	Inside	Gtl	NridgHt	Norm	Norm	Twnhs	2Story	7	5	2003	2004	Gable	CompShg	VinylSd	Wd Shng	Stone	106	Gd	TA	PConc	Gd	TA	No	GLQ	567	Unf	0	197	764	GasA	Ex	Y	SBrkr	764	862	0	1626	0	0	2	0	2	1	Gd	6	Typ	0	NA	BuiltIn	2003	RFn	2	474	TA	TA	Y	0	27	0	0	0	0	NA	NA	NA	0	7	2009	WD 	Normal	173000
465	0528218090	060	RL	63	10928	Pave	NA	Reg	Lvl	AllPub	Inside	Gtl	Gilbert	RRAn	Norm	1Fam	2Story	7	5	2005	2005	Gable	CompShg	VinylSd	VinylSd	None	0	Gd	TA	PConc	Gd	Gd	No	Unf	0	Unf	0	728	728	GasA	Ex	Y	SBrkr	728	728	0	1456	0	0	2	1	3	1	Gd	8	Typ	1	Gd	Attchd	2005	Fin	2	390	TA	TA	Y	100	0	0	0	0	0	NA	NA	NA	0	6	2009	WD 	Normal	184000
466	0528220040	060	RL	57	8918	Pave	NA	IR1	Lvl	AllPub	Inside	Gtl	Gilbert	Norm	Norm	1Fam	2Story	6	5	2005	2006	Gable	CompShg	VinylSd	VinylSd	None	0	Gd	TA	PConc	Gd	TA	Av	Unf	0	Unf	0	745	745	GasA	Ex	Y	SBrkr	745	745	0	1490	0	0	2	1	3	1	Gd	7	Typ	1	Gd	Attchd	2005	Fin	2	392	TA	TA	Y	36	20	0	0	0	0	NA	NA	NA	0	7	2009	WD 	Normal	167800
467	0528221060	060	RL	149	12589	Pave	NA	IR2	Lvl	AllPub	Inside	Gtl	Gilbert	Norm	Norm	1Fam	2Story	6	5	2005	2005	Gable	CompShg	VinylSd	VinylSd	None	0	Gd	TA	PConc	Gd	TA	No	Unf	0	Unf	0	742	742	GasA	Ex	Y	SBrkr	742	742	0	1484	0	0	2	1	3	1	Gd	8	Typ	1	Gd	Attchd	2005	Fin	2	390	TA	TA	Y	36	24	0	0	0	0	NA	NA	NA	0	6	2009	WD 	Normal	174000
468	0528221070	060	RL	122	11911	Pave	NA	IR2	Lvl	AllPub	Inside	Gtl	Gilbert	Norm	Norm	1Fam	2Story	6	5	2005	2005	Gable	CompShg	VinylSd	VinylSd	None	0	Gd	TA	PConc	Gd	TA	Av	Unf	0	Unf	0	684	684	GasA	Ex	Y	SBrkr	684	876	0	1560	0	0	2	1	3	1	Gd	6	Typ	1	Gd	BuiltIn	2005	Fin	2	400	TA	TA	Y	100	38	0	0	0	0	NA	NA	NA	0	3	2009	WD 	Normal	174000
469	0528228290	120	RL	53	3684	Pave	NA	Reg	Lvl	AllPub	Inside	Gtl	Blmngtn	Norm	Norm	TwnhsE	1Story	7	5	2007	2007	Hip	CompShg	VinylSd	VinylSd	BrkFace	130	Gd	TA	PConc	Gd	TA	No	Unf	0	Unf	0	1373	1373	GasA	Ex	Y	SBrkr	1555	0	0	1555	0	0	2	0	2	1	Gd	7	Typ	1	TA	Attchd	2007	Fin	3	660	TA	TA	Y	143	20	0	0	0	0	NA	NA	NA	0	6	2009	WD 	Normal	174000
470	0528228295	120	RL	51	3635	Pave	NA	Reg	Lvl	AllPub	Inside	Gtl	Blmngtn	Norm	Norm	TwnhsE	1Story	7	5	2007	2007	Hip	CompShg	VinylSd	VinylSd	BrkFace	130	Gd	TA	PConc	Gd	TA	No	ALQ	988	Unf	0	398	1386	GasA	Ex	Y	SBrkr	1569	0	0	1569	0	1	2	0	1	1	Gd	7	Typ	1	TA	Attchd	2007	RFn	3	660	TA	TA	Y	143	20	0	0	0	0	NA	NA	NA	0	5	2009	WD 	Normal	175900
471	0528228435	120	RL	43	3182	Pave	NA	Reg	Lvl	AllPub	Inside	Gtl	Blmngtn	Norm	Norm	TwnhsE	1Story	7	5	2005	2006	Gable	CompShg	VinylSd	VinylSd	BrkFace	16	Gd	TA	PConc	Gd	TA	Av	GLQ	16	Unf	0	1357	1373	GasA	Ex	Y	SBrkr	1555	0	0	1555	0	0	2	0	2	1	Gd	7	Typ	1	TA	Attchd	2005	Fin	2	430	TA	TA	Y	143	20	0	0	0	0	NA	NA	NA	0	5	2009	WD 	Normal	192500
472	0528228450	120	RL	43	3182	Pave	NA	Reg	Lvl	AllPub	Inside	Gtl	Blmngtn	Norm	Norm	TwnhsE	1Story	7	5	2005	2006	Gable	CompShg	VinylSd	VinylSd	BrkFace	16	Gd	TA	PConc	Gd	TA	No	GLQ	16	Unf	0	1330	1346	GasA	Ex	Y	SBrkr	1504	0	0	1504	0	0	2	0	1	1	Gd	7	Typ	1	Gd	Attchd	2005	Fin	2	457	TA	TA	Y	156	0	0	0	0	0	NA	NA	NA	0	5	2009	WD 	Normal	181000
473	0528228455	120	RL	43	3182	Pave	NA	Reg	Lvl	AllPub	Inside	Gtl	Blmngtn	Norm	Norm	TwnhsE	1Story	7	5	2005	2006	Gable	CompShg	VinylSd	VinylSd	BrkFace	16	Gd	TA	PConc	Gd	TA	Av	GLQ	16	Unf	0	1204	1220	GasA	Ex	Y	SBrkr	1220	0	0	1220	0	0	2	0	2	1	Gd	5	Typ	1	Gd	Attchd	2005	Fin	2	397	TA	TA	Y	100	16	0	0	0	0	NA	NA	NA	0	8	2009	WD 	Normal	180000
474	0528228460	120	RL	43	3182	Pave	NA	Reg	Lvl	AllPub	Inside	Gtl	Blmngtn	Norm	Norm	TwnhsE	1Story	7	5	2005	2006	Gable	CompShg	VinylSd	VinylSd	BrkFace	11	Gd	TA	PConc	Gd	TA	No	GLQ	16	Unf	0	1129	1145	GasA	Ex	Y	SBrkr	1145	0	0	1145	0	0	2	0	2	1	Gd	5	Typ	1	Gd	Attchd	2005	Fin	2	397	TA	TA	Y	100	16	0	0	0	0	NA	NA	NA	0	9	2009	WD 	Normal	160200
475	0528235010	060	RL	71	7795	Pave	NA	IR1	Lvl	AllPub	Inside	Gtl	Gilbert	Norm	Norm	1Fam	2Story	7	5	2004	2005	Gable	CompShg	VinylSd	VinylSd	None	0	Gd	TA	PConc	Gd	TA	No	GLQ	425	Unf	0	291	716	GasA	Ex	Y	SBrkr	716	716	0	1432	1	0	2	1	3	1	Gd	6	Typ	1	Gd	Attchd	2004	Fin	2	432	TA	TA	Y	100	51	0	0	0	0	NA	NA	NA	0	7	2009	WD 	Normal	188500
476	0528235090	060	RL		8068	Pave	NA	IR1	Lvl	AllPub	Inside	Gtl	Gilbert	Norm	Norm	1Fam	2Story	6	5	2002	2002	Gable	CompShg	VinylSd	VinylSd	None	0	Gd	TA	PConc	Gd	TA	No	Unf	0	Unf	0	1010	1010	GasA	Ex	Y	SBrkr	1010	1257	0	2267	0	0	2	1	4	1	Gd	8	Typ	1	TA	BuiltIn	2002	RFn	2	390	TA	TA	Y	120	46	0	0	0	0	NA	NA	NA	0	12	2009	ConLI	Normal	200000
477	0528235200	080	RL	59	9434	Pave	NA	IR1	Lvl	AllPub	Inside	Gtl	Gilbert	Norm	Norm	1Fam	SLvl	7	5	2004	2005	Gable	CompShg	WdShing	Wd Shng	None	0	Gd	TA	PConc	Gd	TA	Mn	Unf	0	Unf	0	384	384	GasA	Ex	Y	SBrkr	744	630	0	1374	0	0	2	1	3	1	Gd	6	Typ	1	Gd	BuiltIn	2004	Fin	2	400	TA	TA	Y	100	0	0	0	0	0	NA	NA	NA	0	8	2009	WD 	Normal	170000
478	0528240030	060	RL	62	7984	Pave	NA	IR1	Lvl	AllPub	Inside	Gtl	Gilbert	Norm	Norm	1Fam	2Story	7	5	2004	2005	Gable	CompShg	VinylSd	VinylSd	BrkFace	200	Gd	TA	PConc	Gd	TA	No	Unf	0	Unf	0	868	868	GasA	Ex	Y	SBrkr	868	762	0	1630	0	0	2	1	3	1	Gd	7	Typ	1	Gd	BuiltIn	2004	Fin	2	436	TA	TA	Y	120	48	0	0	0	0	NA	NA	NA	0	9	2009	WD 	Normal	189500
479	0528240060	080	RL		7750	Pave	NA	Reg	Lvl	AllPub	Inside	Gtl	Gilbert	Norm	Norm	1Fam	SLvl	8	5	2002	2002	Hip	CompShg	VinylSd	VinylSd	None	0	Gd	TA	PConc	Gd	TA	No	GLQ	353	Unf	0	55	408	GasA	Ex	Y	SBrkr	779	640	0	1419	1	0	2	1	3	1	Gd	7	Typ	1	TA	BuiltIn	2002	Fin	2	527	TA	TA	Y	120	0	0	0	0	0	NA	NA	NA	0	3	2009	WD 	Normal	184100
480	0528240150	060	RL	61	10125	Pave	NA	IR1	Lvl	AllPub	Inside	Gtl	Gilbert	Norm	Norm	1Fam	2Story	7	5	2004	2004	Gable	CompShg	VinylSd	VinylSd	None	0	Gd	TA	PConc	Gd	TA	Mn	Unf	0	Unf	0	846	846	GasA	Ex	Y	SBrkr	846	748	0	1594	0	0	2	1	3	1	Gd	7	Typ	1	Gd	Attchd	2004	Fin	2	434	TA	TA	Y	300	48	0	0	0	0	NA	MnPrv	NA	0	7	2009	WD 	Normal	195500
481	0528250020	060	RL		8965	Pave	NA	IR1	Lvl	AllPub	Inside	Gtl	Gilbert	Norm	Norm	1Fam	2Story	7	5	2003	2003	Gable	CompShg	VinylSd	VinylSd	None	0	Gd	TA	PConc	Gd	TA	No	GLQ	652	Unf	0	130	782	GasA	Ex	Y	SBrkr	806	683	0	1489	1	0	2	1	3	1	Gd	8	Typ	1	Gd	Attchd	2003	Fin	2	400	TA	TA	Y	0	75	0	0	0	0	NA	NA	NA	0	6	2009	WD 	Normal	192000
482	0528250040	060	RL		8174	Pave	NA	IR1	Lvl	AllPub	Inside	Gtl	Gilbert	Norm	Norm	1Fam	2Story	7	5	2003	2003	Gable	CompShg	VinylSd	VinylSd	None	0	Gd	TA	PConc	Gd	TA	No	GLQ	494	Unf	0	204	698	GasA	Ex	Y	SBrkr	698	644	0	1342	1	0	2	1	3	1	Gd	7	Typ	1	TA	Attchd	2003	Fin	2	393	TA	TA	Y	100	56	0	0	0	0	NA	NA	NA	0	5	2009	WD 	Normal	178000
483	0528253010	120	RL	34	5063	Pave	NA	Reg	Lvl	AllPub	Inside	Gtl	NridgHt	Norm	Norm	Twnhs	1Story	7	5	2007	2008	Gable	CompShg	VinylSd	VinylSd	Stone	166	Gd	TA	PConc	Gd	TA	No	GLQ	904	Unf	0	410	1314	GasA	Ex	Y	SBrkr	1314	0	0	1314	1	0	2	0	2	1	Gd	6	Typ	1	Gd	Attchd	2008	RFn	2	626	TA	TA	Y	172	62	0	0	0	0	NA	NA	NA	0	4	2009	ConLw	Normal	207500
484	0528275070	060	RL		8795	Pave	NA	IR1	Lvl	AllPub	Inside	Gtl	Gilbert	Norm	Norm	1Fam	2Story	7	5	2000	2000	Gable	CompShg	VinylSd	VinylSd	None	0	Gd	TA	PConc	Gd	TA	No	GLQ	300	Unf	0	652	952	GasA	Ex	Y	SBrkr	980	1276	0	2256	0	0	2	1	4	1	Gd	8	Typ	1	TA	BuiltIn	2000	Fin	2	554	TA	TA	Y	224	54	0	0	0	0	NA	NA	NA	0	4	2009	WD 	Normal	236000
485	0528275160	060	RL		12891	Pave	NA	IR1	Lvl	AllPub	Corner	Gtl	Gilbert	Norm	Norm	1Fam	2Story	8	5	2002	2002	Gable	CompShg	VinylSd	VinylSd			Gd	TA	PConc	Ex	TA	No	GLQ	651	Unf	0	219	870	GasA	Ex	Y	SBrkr	878	1126	0	2004	1	0	2	1	4	1	Gd	8	Typ	1	Gd	BuiltIn	2002	Fin	3	644	TA	TA	Y	0	48	0	0	0	0	NA	NA	NA	0	7	2009	WD 	Normal	257500
486	0528280230	060	RL		12224	Pave	NA	IR1	Lvl	AllPub	Corner	Gtl	Gilbert	Norm	Norm	1Fam	2Story	6	5	2000	2000	Gable	CompShg	VinylSd	VinylSd	BrkFace	40	Gd	TA	PConc	Gd	TA	No	GLQ	695	Unf	0	297	992	GasA	Ex	Y	SBrkr	1022	1032	0	2054	1	0	2	1	3	1	Gd	7	Typ	1	TA	BuiltIn	2000	RFn	2	390	TA	TA	Y	24	48	0	0	0	0	NA	NA	NA	0	7	2009	WD 	Normal	244000
487	0528290030	080	RL	61	9734	Pave	NA	IR1	Lvl	AllPub	Inside	Gtl	Gilbert	RRAn	Norm	1Fam	SLvl	7	5	2004	2004	Gable	CompShg	VinylSd	VinylSd	None	0	Gd	TA	PConc	Gd	TA	Mn	GLQ	241	Rec	113	30	384	GasA	Ex	Y	SBrkr	744	630	0	1374	0	0	2	1	3	1	Gd	7	Typ	0	NA	BuiltIn	2004	Fin	2	400	TA	TA	Y	0	0	0	0	0	0	NA	NA	NA	0	5	2009	WD 	Normal	167000
488	0528290120	060	RL	60	8123	Pave	NA	IR1	Lvl	AllPub	Inside	Gtl	Gilbert	RRAn	Norm	1Fam	2Story	6	5	2000	2000	Gable	CompShg	VinylSd	VinylSd	BrkFace	16	TA	TA	PConc	Gd	TA	No	Unf	0	Unf	0	982	982	GasA	Ex	Y	SBrkr	1007	793	0	1800	0	0	2	1	3	1	TA	7	Typ	1	TA	Attchd	2000	Fin	2	463	TA	TA	Y	100	63	0	0	0	0	NA	NA	NA	0	6	2009	WD 	Normal	179000
489	0528290180	060	RL	42	8433	Pave	NA	IR1	Lvl	AllPub	Inside	Gtl	Gilbert	Norm	Norm	1Fam	2Story	6	5	2000	2000	Gable	CompShg	VinylSd	VinylSd	None	0	TA	TA	PConc	Gd	TA	No	GLQ	683	Unf	0	111	794	GasA	Ex	Y	SBrkr	819	695	0	1514	1	0	2	1	3	1	TA	7	Typ	1	TA	Attchd	2000	Fin	2	394	TA	TA	Y	0	72	0	0	0	0	NA	NA	NA	0	6	2009	WD 	Normal	190000
490	0528290190	080	RL	62	7750	Pave	NA	Reg	Lvl	AllPub	Inside	Gtl	Gilbert	Norm	Norm	1Fam	SLvl	7	5	1999	2000	Gable	CompShg	VinylSd	VinylSd	None	0	TA	TA	PConc	Gd	TA	No	Unf	0	Unf	0	384	384	GasA	Ex	Y	SBrkr	774	656	0	1430	0	0	2	1	3	1	TA	7	Typ	1	TA	BuiltIn	1999	RFn	2	400	TA	TA	Y	0	0	0	0	0	0	NA	NA	NA	0	3	2009	WD 	Normal	156000
491	0528292030	060	RL		15896	Pave	NA	IR2	Lvl	AllPub	CulDSac	Gtl	Gilbert	RRNn	Norm	1Fam	2Story	7	5	1999	1999	Gable	CompShg	VinylSd	VinylSd	BrkFace	210	Gd	TA	PConc	Gd	TA	No	ALQ	913	Unf	0	264	1177	GasA	Ex	Y	SBrkr	1223	1089	0	2312	1	0	2	1	4	1	Gd	8	Typ	1	TA	BuiltIn	1999	Fin	3	658	TA	TA	Y	298	0	0	0	0	0	NA	NA	NA	0	5	2009	WD 	Normal	245000
492	0528292040	060	RL		24682	Pave	NA	IR3	Lvl	AllPub	CulDSac	Gtl	Gilbert	RRAn	Norm	1Fam	2Story	6	5	1999	1999	Gable	CompShg	VinylSd	VinylSd	None	0	TA	TA	PConc	Gd	TA	No	Unf	0	Unf	0	841	841	GasA	Ex	Y	SBrkr	892	783	0	1675	0	0	2	1	3	1	TA	7	Typ	1	TA	BuiltIn	1999	Fin	2	502	TA	TA	Y	0	103	0	0	0	0	NA	NA	NA	0	6	2009	WD 	Normal	181000
493	0528292070	060	RL		8755	Pave	NA	IR1	Lvl	AllPub	FR2	Gtl	Gilbert	RRNn	Norm	1Fam	2Story	7	5	1999	1999	Gable	CompShg	VinylSd	VinylSd	BrkFace	298	Gd	TA	PConc	Gd	TA	No	ALQ	772	Unf	0	220	992	GasA	Ex	Y	SBrkr	1022	1038	0	2060	1	0	2	1	3	1	Gd	8	Typ	1	TA	BuiltIn	1999	RFn	2	390	TA	TA	Y	0	0	0	168	0	0	NA	GdPrv	NA	0	6	2009	WD 	Normal	214000
494	0528294050	080	RL	64	7848	Pave	NA	IR1	Lvl	AllPub	Inside	Gtl	Gilbert	Norm	Norm	1Fam	SLvl	7	6	1999	1999	Gable	CompShg	VinylSd	VinylSd	None	0	TA	TA	PConc	TA	TA	No	Unf	0	Unf	0	384	384	GasA	Ex	Y	SBrkr	774	656	0	1430	0	0	2	1	3	1	TA	7	Typ	1	TA	BuiltIn	1999	Fin	2	410	TA	TA	Y	0	0	0	0	0	0	NA	NA	NA	0	6	2009	WD 	Normal	168000
495	0528315090	060	RL	82	9430	Pave	NA	Reg	Lvl	AllPub	Inside	Gtl	NoRidge	Norm	Norm	1Fam	2Story	8	5	1999	1999	Gable	CompShg	VinylSd	VinylSd	BrkFace	673	Gd	TA	PConc	Gd	TA	Mn	GLQ	1163	Unf	0	89	1252	GasA	Ex	Y	SBrkr	1268	1097	0	2365	1	0	2	1	3	1	Gd	8	Typ	1	Gd	Attchd	1999	RFn	3	856	TA	TA	Y	0	128	0	0	180	0	NA	NA	NA	0	7	2009	WD 	Normal	337000
496	0528321010	060	RL	174	15138	Pave	NA	IR1	Lvl	AllPub	Inside	Gtl	NoRidge	Norm	Norm	1Fam	2Story	8	5	1995	1996	Gable	CompShg	VinylSd	VinylSd	BrkFace	506	Gd	TA	PConc	Gd	TA	No	GLQ	689	Unf	0	773	1462	GasA	Ex	Y	SBrkr	1490	1304	0	2794	1	0	2	1	4	1	Ex	9	Typ	1	TA	Attchd	1995	Fin	3	810	TA	TA	Y	0	146	202	0	0	0	NA	NA	NA	0	7	2009	WD 	Normal	403000
497	0528327070	060	RL	106	12720	Pave	NA	Reg	Lvl	AllPub	Inside	Gtl	NoRidge	Norm	Norm	1Fam	2Story	8	5	2000	2000	Gable	CompShg	VinylSd	VinylSd	BrkFace	150	Gd	TA	PConc	Gd	TA	Mn	GLQ	1173	Unf	0	282	1455	GasA	Ex	Y	SBrkr	1466	1221	0	2687	1	0	2	1	4	1	Gd	10	Typ	2	TA	BuiltIn	2000	RFn	3	810	TA	TA	Y	252	30	0	0	0	0	NA	NA	NA	0	9	2009	WD 	Normal	327000
498	0528344040	060	RL		16545	Pave	NA	IR1	Lvl	AllPub	Inside	Gtl	NoRidge	Norm	Norm	1Fam	2Story	8	5	1998	1998	Gable	CompShg	VinylSd	VinylSd	BrkFace	731	Gd	TA	PConc	Gd	TA	Mn	GLQ	781	Unf	0	503	1284	GasA	Ex	Y	SBrkr	1310	1140	0	2450	1	0	2	1	3	1	Gd	7	Typ	1	TA	Attchd	1998	Fin	3	1069	TA	TA	Y	0	126	0	0	0	0	NA	NA	NA	0	5	2009	WD 	Normal	340000
499	0528344100	060	RL	98	12203	Pave	NA	IR1	Lvl	AllPub	Corner	Gtl	NoRidge	Norm	Norm	1Fam	2Story	8	5	1998	1999	Hip	CompShg	VinylSd	VinylSd	BrkFace	975	Gd	TA	PConc	Gd	TA	No	GLQ	854	Unf	0	371	1225	GasA	Ex	Y	SBrkr	1276	1336	0	2612	1	0	2	1	4	1	Gd	8	Typ	1	TA	Attchd	1998	Fin	3	676	TA	TA	Y	250	0	0	0	0	0	NA	NA	NA	0	7	2009	WD 	Normal	336000
500	0528354050	060	RL	79	10208	Pave	NA	IR1	Lvl	AllPub	Inside	Gtl	NoRidge	Norm	Norm	1Fam	2Story	7	5	1996	1997	Gable	CompShg	VinylSd	VinylSd	BrkFace	921	Gd	TA	PConc	Gd	TA	No	Unf	0	Unf	0	1264	1264	GasA	Ex	Y	SBrkr	1277	1067	0	2344	0	0	2	1	3	1	Gd	7	Typ	1	TA	Attchd	1996	RFn	3	889	TA	TA	Y	220	0	0	0	0	0	NA	NA	NA	0	7	2009	WD 	Normal	265000
501	0528363050	020	RL		10750	Pave	NA	IR1	Lvl	AllPub	CulDSac	Gtl	NoRidge	Norm	Norm	1Fam	1Story	8	5	1994	1995	Hip	CompShg	Wd Sdng	Wd Sdng	BrkFace	634	Gd	TA	PConc	Gd	TA	Av	BLQ	236	GLQ	1526	262	2024	GasA	Ex	Y	SBrkr	2063	0	0	2063	1	0	2	0	3	1	Gd	7	Typ	2	Gd	Attchd	1994	Fin	3	815	TA	TA	Y	182	56	0	0	0	0	NA	NA	NA	0	6	2009	WD 	Normal	315000
502	0528365070	060	RL	90	9900	Pave	NA	Reg	Low	AllPub	Inside	Mod	NoRidge	Norm	Norm	1Fam	2Story	7	5	1993	1993	Gable	CompShg	HdBoard	HdBoard	BrkFace	256	Gd	TA	PConc	Gd	TA	Gd	GLQ	987	Unf	0	360	1347	GasA	Ex	Y	SBrkr	1372	1274	0	2646	1	0	2	1	4	1	Gd	9	Typ	1	TA	Attchd	1993	RFn	3	656	TA	TA	Y	340	60	144	0	0	0	NA	NA	NA	0	4	2009	WD 	Normal	260000
503	0528385050	060	RL	79	9085	Pave	NA	Reg	Lvl	AllPub	Inside	Gtl	NoRidge	Norm	Norm	1Fam	2Story	7	5	1995	1996	Gable	CompShg	VinylSd	VinylSd	BrkFace	286	Gd	TA	PConc	Gd	TA	No	GLQ	816	Unf	0	254	1070	GasA	Ex	Y	SBrkr	1094	967	0	2061	1	0	2	1	3	1	Gd	7	Typ	1	TA	Attchd	1995	Fin	2	647	TA	TA	Y	296	102	209	0	0	0	NA	NA	NA	0	11	2009	WD 	Normal	260000
504	0528387030	060	RL		11692	Pave	NA	IR1	Lvl	AllPub	Inside	Gtl	NoRidge	Norm	Norm	1Fam	2Story	8	5	1993	1994	Gable	CompShg	HdBoard	HdBoard	BrkFace	372	Gd	TA	PConc	Gd	TA	No	GLQ	624	Unf	0	549	1173	GasA	Ex	Y	SBrkr	1215	1017	0	2232	1	0	2	1	3	1	Gd	8	Typ	1	TA	Attchd	1993	RFn	2	623	TA	TA	Y	173	165	0	0	0	0	NA	NA	NA	0	10	2009	WD 	Normal	263550
505	0528390100	060	RL	52	46589	Pave	NA	IR2	Lvl	AllPub	CulDSac	Gtl	NoRidge	Norm	Norm	1Fam	2Story	8	7	1994	2005	Hip	CompShg	VinylSd	VinylSd	BrkFace	528	Gd	TA	PConc	Gd	Gd	No	GLQ	1361	Rec	180	88	1629	GasA	Ex	Y	SBrkr	1686	762	0	2448	1	0	2	1	4	1	Gd	8	Typ	1	TA	Attchd	1994	RFn	3	711	TA	TA	Y	517	76	0	0	0	0	NA	NA	NA	0	7	2009	WD 	Normal	402000
506	0528390210	060	RL		29959	Pave	NA	IR2	Lvl	AllPub	FR2	Gtl	NoRidge	Norm	Norm	1Fam	2Story	7	6	1994	1994	Gable	CompShg	HdBoard	HdBoard	None	0	Gd	TA	PConc	Gd	TA	No	GLQ	595	Unf	0	378	973	GasA	Ex	Y	SBrkr	979	871	0	1850	0	0	2	1	3	1	Gd	7	Typ	1	Gd	BuiltIn	1994	Fin	2	467	TA	TA	Y	168	98	0	0	0	0	NA	NA	NA	0	1	2009	WD 	Normal	248000
507	0528427020	020	RL	74	9612	Pave	NA	Reg	Lvl	AllPub	Inside	Gtl	Somerst	Feedr	Norm	1Fam	1Story	8	5	2008	2009	Gable	CompShg	VinylSd	VinylSd	Stone	72	Gd	TA	PConc	Gd	TA	No	Unf	0	Unf	0	1468	1468	GasA	Ex	Y	SBrkr	1468	0	0	1468	0	0	2	0	3	1	Gd	6	Typ	1	Gd	Attchd	2008	Fin	3	898	TA	TA	Y	210	150	0	0	0	0	NA	NA	NA	0	12	2009	New	Partial	244600
508	0528431020	020	RL	86	11194	Pave	NA	IR1	Lvl	AllPub	Inside	Gtl	Somerst	PosN	Norm	1Fam	1Story	8	5	2008	2008	Gable	CompShg	VinylSd	VinylSd	Stone	240	Gd	TA	PConc	Gd	TA	Mn	Unf	0	Unf	0	1696	1696	GasA	Ex	Y	SBrkr	1696	0	0	1696	0	0	2	0	3	1	Gd	7	Typ	0	NA	Attchd	2008	RFn	3	972	TA	TA	Y	120	56	0	0	0	0	NA	NA	NA	0	9	2009	WD 	Normal	275000
509	0528431070	020	RL	78	10206	Pave	NA	Reg	Lvl	AllPub	Inside	Gtl	Somerst	PosN	Norm	1Fam	1Story	8	5	2008	2008	Gable	CompShg	VinylSd	VinylSd	BrkFace	294	Gd	TA	PConc	Gd	TA	No	Unf	0	Unf	0	1614	1614	GasA	Ex	Y	SBrkr	1658	0	0	1658	0	0	2	1	3	1	Gd	7	Typ	1	Gd	Attchd	2008	Fin	3	726	TA	TA	Y	144	44	0	0	0	0	NA	NA	NA	0	9	2009	WD 	Normal	257500
510	0528435030	020	RL	78	9262	Pave	NA	Reg	Lvl	AllPub	Inside	Gtl	Somerst	Norm	Norm	1Fam	1Story	8	5	2008	2009	Gable	CompShg	CemntBd	CmentBd	Stone	194	Gd	TA	PConc	Gd	TA	No	Unf	0	Unf	0	1573	1573	GasA	Ex	Y	SBrkr	1578	0	0	1578	0	0	2	0	3	1	Ex	7	Typ	1	Gd	Attchd	2008	Fin	3	840	TA	TA	Y	0	36	0	0	0	0	NA	NA	NA	0	5	2009	New	Partial	287090
511	0528435050	020	RL	85	10130	Pave	NA	Reg	Lvl	AllPub	Inside	Gtl	Somerst	Norm	Norm	1Fam	1Story	8	5	2007	2007	Gable	CompShg	VinylSd	VinylSd	Stone	260	Gd	TA	PConc	Gd	TA	Av	GLQ	1294	Unf	0	408	1702	GasA	Ex	Y	SBrkr	1702	0	0	1702	1	0	2	0	3	1	Gd	7	Typ	1	Gd	Attchd	2007	RFn	3	844	TA	TA	Y	0	69	0	0	0	0	NA	NA	NA	0	3	2009	WD 	Normal	275500
512	0528439060	020	RL	76	9139	Pave	NA	IR1	Lvl	AllPub	Inside	Gtl	Somerst	Norm	Norm	1Fam	1Story	8	5	2006	2006	Hip	CompShg	VinylSd	VinylSd	Stone	206	Gd	TA	PConc	Ex	TA	Av	GLQ	379	Unf	0	1043	1422	GasA	Ex	Y	SBrkr	1432	0	0	1432	0	0	2	0	3	1	Gd	7	Typ	1	Gd	Attchd	2006	Fin	2	492	TA	TA	Y	297	50	0	0	0	0	NA	NA	NA	0	9	2009	WD 	Normal	245000
513	0528441020	060	RL	75	9675	Pave	NA	Reg	Lvl	AllPub	Inside	Gtl	Somerst	Norm	Norm	1Fam	2Story	7	5	2005	2005	Gable	CompShg	VinylSd	VinylSd	None	0	Gd	TA	PConc	Gd	TA	Mn	GLQ	341	Unf	0	772	1113	GasA	Ex	Y	SBrkr	1113	858	0	1971	0	0	2	1	3	1	Gd	8	Typ	1	Gd	Attchd	2005	RFn	2	689	TA	TA	Y	0	48	0	0	0	0	NA	NA	NA	0	2	2009	WD 	Normal	253000
514	0528441090	020	RL	85	11128	Pave	NA	Reg	Lvl	AllPub	Corner	Gtl	Somerst	PosN	PosN	1Fam	1Story	9	5	2005	2006	Hip	CompShg	VinylSd	VinylSd	Stone	198	Ex	TA	PConc	Ex	TA	Gd	GLQ	2158	Unf	0	300	2458	GasA	Ex	Y	SBrkr	2490	0	0	2490	1	0	2	0	2	1	Ex	9	Typ	2	Gd	Attchd	2005	Fin	3	795	TA	TA	Y	70	226	0	0	0	0	NA	GdPrv	NA	0	10	2009	WD 	Normal	468000
515	0528456180	060	FV	72	8640	Pave	NA	Reg	Lvl	AllPub	Inside	Gtl	Somerst	Norm	Norm	1Fam	2Story	7	5	2009	2009	Gable	CompShg	VinylSd	VinylSd	None	0	TA	TA	PConc	Gd	TA	No	GLQ	822	Unf	0	78	900	GasA	Ex	Y	SBrkr	932	920	0	1852	1	0	2	1	3	1	Gd	7	Typ	1	TA	Attchd	2009	RFn	2	644	TA	TA	Y	168	108	0	0	0	0	NA	NA	NA	0	7	2009	New	Partial	252678
516	0528456220	060	FV	75	9000	Pave	NA	Reg	Lvl	AllPub	Inside	Gtl	Somerst	Norm	Norm	1Fam	2Story	8	5	2008	2008	Gable	CompShg	VinylSd	VinylSd	None	0	Gd	TA	PConc	Gd	TA	No	Unf	0	Unf	0	768	768	GasA	Ex	Y	SBrkr	786	804	0	1590	0	0	2	1	3	1	Gd	6	Typ	0	NA	Attchd	2008	RFn	2	676	TA	TA	Y	0	30	0	0	0	0	NA	NA	NA	0	6	2009	WD 	Normal	210000
517	0528456240	020	FV	75	7862	Pave	NA	IR1	Lvl	AllPub	Inside	Gtl	Somerst	Norm	Norm	1Fam	1Story	6	5	2009	2009	Gable	CompShg	VinylSd	VinylSd	None	0	Gd	TA	PConc	Gd	TA	No	GLQ	27	Unf	0	1191	1218	GasA	Ex	Y	SBrkr	1218	0	0	1218	0	0	2	0	2	1	Gd	4	Typ	0	NA	Attchd	2009	Fin	2	676	TA	TA	Y	0	102	0	0	0	0	NA	NA	NA	0	9	2009	New	Partial	208300
518	0528458020	020	FV	90	7993	Pave	NA	IR1	Lvl	AllPub	Inside	Gtl	Somerst	Norm	Norm	1Fam	1Story	7	5	2008	2009	Gable	CompShg	VinylSd	VinylSd			Gd	TA	PConc	Ex	TA	No	Unf	0	Unf	0	1436	1436	GasA	Ex	Y	SBrkr	1436	0	0	1436	0	0	2	0	3	1	Gd	6	Typ	0	NA	Attchd	2008	Fin	2	529	TA	TA	Y	0	121	0	0	0	0	NA	NA	NA	0	10	2009	New	Partial	225000
519	0528458040	020	FV	72	8640	Pave	NA	Reg	Lvl	AllPub	Inside	Gtl	Somerst	Norm	Norm	1Fam	1Story	8	5	2009	2009	Gable	CompShg	CemntBd	CmentBd	Stone	72	Gd	TA	PConc	Gd	TA	Mn	GLQ	936	Unf	0	364	1300	GasA	Ex	Y	SBrkr	1314	0	0	1314	1	0	2	0	3	1	Gd	6	Typ	0	NA	Attchd	2009	RFn	2	552	TA	TA	Y	135	112	0	0	0	0	NA	NA	NA	0	9	2009	New	Partial	229456
520	0528458060	020	FV	72	8640	Pave	NA	Reg	Lvl	AllPub	Inside	Gtl	Somerst	Norm	Norm	1Fam	1Story	7	5	2008	2008	Hip	CompShg	VinylSd	VinylSd	None	0	Gd	TA	PConc	Gd	TA	No	Unf	0	Unf	0	1402	1402	GasA	Ex	Y	SBrkr	1402	0	0	1402	0	0	2	0	3	1	Gd	7	Typ	0	NA	Attchd	2008	RFn	2	625	TA	TA	Y	205	126	0	0	0	0	NA	NA	NA	0	5	2009	WD 	Normal	229800
521	0528458140	020	FV	112	12606	Pave	NA	IR1	Lvl	AllPub	Inside	Gtl	Somerst	Norm	Norm	1Fam	1Story	9	5	2007	2008	Gable	CompShg	VinylSd	VinylSd	Stone	120	Gd	TA	PConc	Gd	TA	Av	Unf	0	Unf	0	1530	1530	GasA	Ex	Y	SBrkr	1530	0	0	1530	0	0	2	0	3	1	Gd	7	Typ	1	Gd	Attchd	2008	RFn	3	984	TA	TA	Y	212	136	0	0	0	0	NA	NA	NA	0	5	2009	WD 	Normal	250000
522	0528458160	020	FV	85	9187	Pave	NA	Reg	Lvl	AllPub	Inside	Gtl	Somerst	Norm	Norm	1Fam	1Story	9	5	2009	2009	Gable	CompShg	CemntBd	CmentBd	Stone	162	Ex	TA	PConc	Ex	TA	Mn	GLQ	1121	Unf	0	645	1766	GasA	Ex	Y	SBrkr	1766	0	0	1766	1	0	2	1	2	1	Ex	7	Typ	1	Gd	Attchd	2009	Fin	3	478	TA	TA	Y	195	130	0	0	0	0	NA	NA	NA	0	10	2009	New	Partial	370878
523	0528458180	020	FV	75	7500	Pave	NA	Reg	Lvl	AllPub	Inside	Gtl	Somerst	Norm	Norm	1Fam	1Story	8	5	2006	2007	Gable	CompShg	VinylSd	VinylSd	Stone	238	Gd	TA	PConc	Gd	TA	No	GLQ	24	Unf	0	1348	1372	GasA	Ex	Y	SBrkr	1448	0	0	1448	0	0	2	0	2	1	Gd	6	Typ	1	Gd	Attchd	2006	RFn	2	692	TA	TA	Y	0	140	0	0	0	0	NA	NA	NA	0	6	2009	WD 	Normal	238500
524	0528477050	060	FV	85	11003	Pave	NA	Reg	Lvl	AllPub	Inside	Gtl	Somerst	Norm	Norm	1Fam	2Story	10	5	2008	2008	Gable	CompShg	VinylSd	VinylSd	Stone	160	Ex	TA	PConc	Ex	TA	Av	GLQ	765	Unf	0	252	1017	GasA	Ex	Y	SBrkr	1026	981	0	2007	1	0	2	1	3	1	Ex	10	Typ	1	Ex	Attchd	2008	Fin	3	812	TA	TA	Y	168	52	0	0	0	0	NA	NA	NA	0	4	2009	WD 	Normal	310000
525	0528477070	060	FV	84	10603	Pave	NA	Reg	Lvl	AllPub	Inside	Gtl	Somerst	Norm	Norm	1Fam	2Story	8	5	2006	2006	Hip	CompShg	VinylSd	VinylSd	Stone	121	Gd	TA	PConc	Ex	Gd	No	GLQ	682	Unf	0	218	900	GasA	Ex	Y	SBrkr	909	886	0	1795	1	0	2	1	3	1	Gd	8	Typ	1	Gd	Attchd	2006	Fin	3	782	TA	TA	Y	168	45	0	0	0	0	NA	NA	NA	0	7	2009	WD 	Normal	270000
526	0528480040	060	FV	85	10574	Pave	NA	Reg	Lvl	AllPub	Inside	Gtl	Somerst	Norm	Norm	1Fam	2Story	8	5	2005	2006	Gable	CompShg	VinylSd	VinylSd	None	0	Gd	TA	PConc	Gd	TA	Mn	Unf	0	Unf	0	1082	1082	GasA	Ex	Y	SBrkr	1082	871	0	1953	0	0	2	1	3	1	Gd	9	Typ	1	Gd	Attchd	2005	RFn	3	1043	TA	TA	Y	160	50	0	0	0	0	NA	NA	NA	0	5	2009	WD 	Normal	252000
527	0528480130	060	FV	65	8125	Pave	NA	Reg	Lvl	AllPub	Inside	Gtl	Somerst	Norm	Norm	1Fam	2Story	7	5	2006	2007	Gable	CompShg	CemntBd	CmentBd	Stone	100	Gd	TA	PConc	Gd	TA	No	GLQ	812	Unf	0	280	1092	GasA	Ex	Y	SBrkr	1112	438	0	1550	1	0	2	0	2	1	Gd	7	Typ	0	NA	Attchd	2007	Fin	2	438	TA	TA	Y	0	168	0	0	0	0	NA	NA	NA	0	10	2009	WD 	Normal	241000
528	0528480170	020	FV	65	8125	Pave	NA	Reg	Lvl	AllPub	Corner	Gtl	Somerst	Norm	Norm	1Fam	1Story	8	5	2008	2009	Hip	CompShg	VinylSd	VinylSd	BrkFace	288	Gd	TA	PConc	Gd	TA	No	Unf	0	Unf	0	1836	1836	GasA	Ex	Y	SBrkr	1836	0	0	1836	0	0	2	0	3	1	Gd	8	Typ	1	Gd	Attchd	2009	Fin	2	517	TA	TA	Y	0	175	0	0	0	0	NA	NA	NA	0	10	2009	New	Partial	264500
529	0528482040	020	FV	85	10625	Pave	NA	Reg	Lvl	AllPub	Inside	Gtl	Somerst	Norm	Norm	1Fam	1Story	7	5	2006	2007	Gable	CompShg	VinylSd	VinylSd	None	0	Gd	TA	PConc	Gd	TA	No	GLQ	1430	Unf	0	222	1652	GasA	Ex	Y	SBrkr	1662	0	0	1662	1	0	2	0	3	1	Ex	8	Typ	1	Gd	Attchd	2006	RFn	3	711	TA	TA	Y	168	120	0	0	0	0	NA	NA	NA	0	3	2009	WD 	Normal	291000
530	0528482130	060	FV	75	9375	Pave	NA	Reg	Lvl	AllPub	Inside	Gtl	Somerst	Norm	Norm	1Fam	2Story	7	5	2003	2004	Gable	CompShg	VinylSd	VinylSd	None	0	Gd	TA	PConc	Gd	TA	No	Unf	0	Unf	0	912	912	GasA	Ex	Y	SBrkr	912	1182	0	2094	0	0	2	1	4	1	Gd	8	Typ	1	Gd	BuiltIn	2003	Fin	2	615	TA	TA	Y	182	182	0	0	0	0	NA	NA	NA	0	11	2009	WD 	Normal	263000
531	0528488100	020	FV	62	7500	Pave	Pave	Reg	Lvl	AllPub	Inside	Gtl	Somerst	Norm	Norm	1Fam	1Story	7	5	2004	2005	Gable	CompShg	VinylSd	VinylSd	None	0	Gd	TA	PConc	Gd	TA	No	GLQ	410	Unf	0	811	1221	GasA	Ex	Y	SBrkr	1221	0	0	1221	1	0	2	0	2	1	Gd	6	Typ	0	NA	Attchd	2004	RFn	2	400	TA	TA	Y	0	113	0	0	0	0	NA	NA	NA	0	10	2009	WD 	Normal	185000
532	0528490040	020	FV	68	8736	Pave	NA	IR1	Lvl	AllPub	Inside	Gtl	Somerst	Norm	Norm	1Fam	1Story	7	5	2003	2004	Gable	CompShg	VinylSd	Wd Shng	None	0	Gd	TA	PConc	Gd	TA	No	GLQ	771	ALQ	360	422	1553	GasA	Ex	Y	SBrkr	1553	0	0	1553	1	0	2	0	3	1	Gd	6	Typ	0	NA	Attchd	2003	RFn	2	588	TA	TA	Y	192	88	0	0	0	0	NA	NA	NA	0	8	2009	WD 	Normal	234500
533	0528490070	060	FV	65	8127	Pave	NA	IR1	Lvl	AllPub	Inside	Gtl	Somerst	Norm	Norm	1Fam	2Story	7	5	2003	2003	Gable	CompShg	VinylSd	VinylSd	None	0	Gd	TA	PConc	Gd	TA	No	GLQ	410	Unf	0	402	812	GasA	Ex	Y	SBrkr	812	841	0	1653	1	0	2	1	3	1	Gd	6	Typ	0	NA	Attchd	2003	RFn	2	628	TA	TA	Y	0	45	0	0	0	0	NA	NA	NA	0	3	2009	WD 	Normal	209000
534	0531363010	020	RL	80	9605	Pave	NA	Reg	Lvl	AllPub	Corner	Gtl	SawyerW	Norm	Norm	1Fam	1Story	7	6	2007	2007	Gable	CompShg	VinylSd	VinylSd	None	0	Gd	TA	PConc	Gd	TA	No	Unf	0	Unf	0	1218	1218	GasA	Ex	Y	SBrkr	1218	0	0	1218	0	0	1	1	3	1	Gd	6	Typ	0	NA	Detchd	2007	RFn	2	576	TA	TA	Y	0	178	0	0	0	0	NA	NA	NA	0	4	2009	WD 	Normal	159000
535	0531363030	020	RL	63	7500	Pave	NA	Reg	Lvl	AllPub	Inside	Gtl	SawyerW	Norm	Norm	1Fam	1Story	7	5	2006	2006	Gable	CompShg	VinylSd	VinylSd	None	0	Gd	TA	PConc	Gd	Gd	No	GLQ	54	Unf	0	1087	1141	GasA	Ex	Y	SBrkr	1141	0	0	1141	1	0	1	1	3	1	Gd	6	Typ	0	NA	Detchd	2006	RFn	2	484	TA	TA	Y	182	0	0	0	0	0	NA	NA	NA	0	6	2009	WD 	Normal	152000
536	0531363050	020	RL	63	7500	Pave	NA	Reg	Lvl	AllPub	Inside	Gtl	SawyerW	Norm	Norm	1Fam	1Story	6	5	2004	2004	Gable	CompShg	VinylSd	VinylSd	None	0	TA	TA	PConc	Gd	TA	No	Unf	0	Unf	0	1158	1158	GasA	Ex	Y	SBrkr	1158	0	0	1158	0	0	1	1	3	1	Gd	5	Typ	0	NA	NA		NA	0	0	NA	NA	Y	0	50	0	0	0	0	NA	NA	NA	0	8	2009	WD 	Normal	143500
537	0531369010	060	RL	96	10628	Pave	NA	IR1	Lvl	AllPub	Corner	Gtl	SawyerW	Norm	Norm	1Fam	2Story	7	5	2004	2004	Gable	CompShg	VinylSd	VinylSd	None	0	Gd	TA	PConc	Gd	TA	Gd	Unf	0	Unf	0	835	835	GasA	Ex	Y	SBrkr	871	941	0	1812	0	0	2	1	3	1	Gd	8	Typ	0	NA	BuiltIn	2004	RFn	2	478	TA	TA	Y	146	91	0	0	0	0	NA	NA	NA	0	1	2009	WD 	Normal	193000
538	0531369020	020	RL	76	10141	Pave	NA	IR1	Lvl	AllPub	Inside	Gtl	SawyerW	Norm	Norm	1Fam	1Story	8	5	2004	2004	Gable	Tar&Grv	VinylSd	VinylSd	BrkFace	264	Gd	TA	PConc	Gd	TA	Gd	BLQ	516	Rec	774	222	1512	GasA	Ex	Y	SBrkr	1512	0	0	1512	0	0	2	0	3	1	Gd	6	Typ	0	NA	Attchd	2004	RFn	3	845	TA	TA	Y	210	36	0	0	0	0	NA	NA	NA	0	1	2009	WD 	Normal	203000
539	0531371050	020	RL	67	10083	Pave	NA	Reg	Lvl	AllPub	Inside	Gtl	SawyerW	Norm	Norm	1Fam	1Story	7	5	2003	2003	Gable	CompShg	VinylSd	VinylSd			Gd	TA	PConc	Gd	TA	No	GLQ	833	Unf	0	343	1176	GasA	Ex	Y	SBrkr	1200	0	0	1200	1	0	2	0	2	1	Gd	5	Typ	0	NA	Attchd	2003	RFn	2	555	TA	TA	Y	0	41	0	0	0	0	NA	NA	NA	0	8	2009	WD 	Normal	184900
540	0531375040	020	RL	63	13072	Pave	NA	Reg	Lvl	AllPub	Inside	Gtl	SawyerW	RRAe	Norm	1Fam	1Story	7	5	2004	2005	Gable	CompShg	VinylSd	VinylSd	None	0	Gd	TA	PConc	Gd	TA	No	Unf	0	Unf	0	1114	1114	GasA	Ex	Y	SBrkr	1114	0	0	1114	0	0	1	1	3	1	Gd	6	Typ	0	NA	Detchd	2005	Unf	2	576	TA	TA	Y	248	102	0	0	0	0	NA	NA	NA	0	5	2009	WD 	Normal	159000
541	0531375090	020	RL	63	13072	Pave	NA	Reg	Lvl	AllPub	Inside	Gtl	SawyerW	RRAe	Norm	1Fam	1Story	5	5	2004	2004	Gable	CompShg	VinylSd	VinylSd	None	0	TA	TA	PConc	Gd	TA	No	Unf	0	Unf	0	1114	1114	GasA	Ex	Y	SBrkr	1114	0	0	1114	0	0	1	1	3	1	Gd	6	Typ	0	NA	NA		NA	0	0	NA	NA	Y	0	39	0	0	0	0	NA	NA	NA	0	8	2009	WD 	Normal	142000
542	0531375130	020	RL	60	12450	Pave	NA	Reg	Lvl	AllPub	Inside	Gtl	SawyerW	RRAe	Norm	1Fam	1Story	5	5	2003	2004	Gable	CompShg	VinylSd	VinylSd	None	0	TA	TA	PConc	Gd	TA	No	GLQ	836	Unf	0	278	1114	GasA	Ex	Y	SBrkr	1114	0	0	1114	1	0	2	0	3	1	Gd	6	Typ	0	NA	Detchd	2004	Unf	2	576	TA	TA	Y	0	42	0	0	0	0	NA	NA	NA	0	6	2009	WD 	Normal	153000
543	0531376090	020	RL	61	7328	Pave	NA	Reg	Lvl	AllPub	Inside	Gtl	SawyerW	Norm	Norm	1Fam	1Story	7	5	2008	2009	Gable	CompShg	VinylSd	VinylSd	BrkFace	140	Gd	TA	PConc	Gd	TA	No	Unf	0	Unf	0	1450	1450	GasA	Ex	Y	SBrkr	1450	0	0	1450	0	0	2	0	2	1	Gd	6	Typ	0	NA	Attchd	2008	RFn	3	788	TA	TA	Y	0	93	0	0	0	0	NA	NA	NA	0	2	2009	New	Partial	224243
544	0531379050	060	RL	43	11492	Pave	NA	IR1	Lvl	AllPub	CulDSac	Gtl	SawyerW	Norm	Norm	1Fam	2Story	7	5	1996	1997	Gable	CompShg	VinylSd	VinylSd	BrkFace	132	Gd	TA	PConc	Gd	TA	No	GLQ	637	Unf	0	276	913	GasA	Ex	Y	SBrkr	913	1209	0	2122	1	0	2	1	4	1	Gd	8	Typ	1	TA	Attchd	1997	RFn	2	559	TA	TA	Y	0	74	0	0	0	0	NA	NA	NA	0	4	2009	WD 	Normal	220000
545	0531382070	020	RL	88	10994	Pave	NA	IR1	Lvl	AllPub	Corner	Gtl	SawyerW	Norm	Norm	1Fam	1Story	8	5	2005	2006	Gable	CompShg	VinylSd	VinylSd	Stone	366	Gd	TA	PConc	Gd	Gd	No	GLQ	976	Unf	0	868	1844	GasA	Ex	Y	SBrkr	1844	0	0	1844	1	0	2	0	2	1	Gd	7	Typ	1	Gd	Attchd	2005	Fin	2	620	TA	TA	Y	165	44	0	0	0	0	NA	NA	NA	0	9	2009	COD	Abnorml	257000
546	0531385020	020	RL	65	8529	Pave	NA	IR1	Lvl	AllPub	Inside	Gtl	SawyerW	Norm	Norm	1Fam	1Story	7	5	2001	2001	Gable	CompShg	VinylSd	VinylSd	None	0	Gd	TA	PConc	Gd	TA	No	GLQ	20	Unf	0	1434	1454	GasA	Ex	Y	SBrkr	1434	0	0	1434	0	0	2	0	3	1	Gd	6	Typ	1	TA	Attchd	2001	RFn	2	527	TA	TA	Y	290	39	0	0	0	0	NA	NA	NA	0	4	2009	WD 	Normal	189000
547	0531450120	060	RL	70	7703	Pave	NA	Reg	Lvl	AllPub	Inside	Gtl	SawyerW	Norm	Norm	1Fam	2Story	6	6	1992	1992	Gable	CompShg	HdBoard	HdBoard	None	0	Gd	Gd	PConc	Gd	Gd	No	GLQ	52	Rec	364	400	816	GasA	Ex	Y	SBrkr	833	897	0	1730	0	0	2	1	3	1	Gd	6	Typ	0	NA	Attchd	1992	RFn	2	528	TA	TA	Y	0	91	0	0	168	0	NA	NA	NA	0	11	2009	WD 	Normal	171500
548	0531452010	160	RL	75	10762	Pave	NA	Reg	Lvl	AllPub	Corner	Gtl	SawyerW	Norm	Norm	TwnhsE	2Story	6	6	1980	1980	Gable	CompShg	Plywood	Plywood	None	0	TA	TA	CBlock	Gd	TA	No	Unf	0	Unf	0	626	626	GasA	TA	Y	SBrkr	626	591	0	1217	0	0	1	1	3	1	TA	6	Typ	1	TA	Attchd	1980	RFn	1	288	TA	TA	Y	0	28	0	0	0	0	NA	NA	NA	0	4	2009	WD 	Normal	120000
549	0531452070	120	RL	50	7175	Pave	NA	Reg	Lvl	AllPub	Inside	Gtl	SawyerW	Norm	Norm	TwnhsE	1Story	6	5	1990	1991	Gable	CompShg	Plywood	ImStucc	None	0	Gd	TA	PConc	Gd	TA	No	Unf	0	Unf	0	1332	1332	GasA	Gd	Y	SBrkr	1332	0	0	1332	0	0	2	0	2	1	Gd	5	Typ	0	NA	Attchd	1990	RFn	2	542	TA	TA	Y	0	60	0	0	0	0	NA	NA	NA	0	2	2009	WD 	Normal	145000
550	0531452260	060	RL	70	9109	Pave	NA	Reg	Lvl	AllPub	Inside	Gtl	SawyerW	RRAe	Norm	1Fam	2Story	7	5	1994	1994	Gable	CompShg	VinylSd	VinylSd	None	0	Gd	TA	PConc	Gd	TA	No	LwQ	36	GLQ	596	122	754	GasA	Ex	Y	SBrkr	754	786	0	1540	1	0	2	1	3	1	Gd	6	Typ	0	NA	Attchd	1994	RFn	2	495	TA	TA	Y	140	32	0	0	0	0	NA	NA	NA	0	10	2009	WD 	Normal	184000
551	0531453100	060	RL		10274	Pave	NA	IR1	Lvl	AllPub	CulDSac	Gtl	SawyerW	Norm	Norm	1Fam	2Story	6	7	1986	1986	Gable	CompShg	VinylSd	VinylSd	BrkFace	141	TA	Gd	CBlock	Gd	TA	No	Rec	331	Unf	0	345	676	GasA	TA	Y	SBrkr	698	702	0	1400	0	0	2	1	3	1	TA	6	Typ	0	NA	Attchd	1986	RFn	2	465	TA	TA	Y	0	48	0	0	0	0	NA	NA	NA	0	7	2009	WD 	Normal	162000
552	0531475220	090	RL	75	8250	Pave	NA	Reg	Lvl	AllPub	Inside	Gtl	SawyerW	Norm	Norm	Duplex	2Story	6	7	1981	1981	Gable	CompShg	Wd Sdng	Wd Shng	None	0	TA	TA	Slab	NA	NA	NA	NA	0	NA	0	0	0	GasA	TA	Y	SBrkr	964	918	0	1882	0	0	2	0	4	2	TA	8	Typ	2	TA	Attchd	1981	Unf	2	612	TA	TA	Y	0	0	0	0	0	0	NA	NA	NA	0	5	2009	WD 	Normal	160000
553	0531477020	020	RH	60	8400	Pave	NA	Reg	Lvl	AllPub	Inside	Gtl	SawyerW	Feedr	Norm	1Fam	1Story	4	4	1950	1950	Gable	CompShg	Wd Sdng	AsbShng	None	0	Fa	Fa	CBlock	TA	Fa	No	Unf	0	Unf	0	721	721	GasA	Gd	Y	SBrkr	841	0	0	841	0	0	1	0	2	1	TA	4	Typ	0	NA	CarPort	1950	Unf	1	294	TA	TA	N	250	0	24	0	0	0	NA	NA	NA	0	9	2009	WD 	Normal	82000
554	0531479020	045	RH	60	9000	Pave	NA	Reg	Lvl	AllPub	Corner	Gtl	SawyerW	Norm	Norm	1Fam	1.5Unf	6	3	1928	1950	Gable	CompShg	Wd Sdng	Wd Sdng	None	0	TA	TA	BrkTil	Fa	Fa	No	Unf	0	Unf	0	784	784	GasA	TA	N	FuseA	784	0	0	784	0	0	1	0	2	1	TA	5	Typ	0	NA	Detchd	1950	Unf	2	360	Fa	Fa	N	0	0	91	0	0	0	NA	NA	NA	0	10	2009	WD 	Normal	76000
555	0532353020	020	RL	63	9750	Pave	NA	IR1	Lvl	AllPub	Inside	Gtl	Sawyer	Norm	Norm	1Fam	1Story	5	5	1962	1962	Hip	CompShg	HdBoard	Plywood	None	0	TA	TA	CBlock	TA	TA	No	LwQ	68	BLQ	884	28	980	GasA	Gd	Y	SBrkr	980	0	0	980	1	0	1	0	3	1	TA	5	Typ	0	NA	Detchd	1969	Unf	2	400	TA	TA	Y	0	28	0	0	0	0	NA	MnPrv	NA	0	11	2009	WD 	Normal	110000
556	0532353130	020	RL	71	7064	Pave	NA	Reg	Lvl	AllPub	Inside	Gtl	Sawyer	Norm	Norm	1Fam	1Story	5	6	1977	1977	Gable	CompShg	Plywood	Plywood	BrkFace	153	TA	TA	CBlock	TA	TA	No	BLQ	560	Unf	0	420	980	GasA	TA	Y	SBrkr	980	0	0	980	0	0	1	0	3	1	TA	6	Typ	0	NA	Detchd	1986	Unf	2	484	TA	TA	Y	192	0	0	0	0	0	NA	NA	NA	0	7	2009	WD 	Normal	135000
557	0532354160	020	RL		8499	Pave	NA	IR1	Lvl	AllPub	Corner	Gtl	Sawyer	Feedr	Norm	1Fam	1Story	5	6	1961	1961	Gable	CompShg	MetalSd	MetalSd	None	0	TA	TA	CBlock	TA	TA	No	GLQ	660	Unf	0	204	864	GasA	Ex	Y	SBrkr	864	0	0	864	1	0	1	0	3	1	TA	5	Typ	0	NA	Detchd	1982	Unf	2	732	TA	TA	Y	0	312	0	0	0	0	NA	NA	NA	0	6	2009	WD 	Normal	141000
558	0532354230	020	RL		9079	Pave	NA	IR1	Lvl	AllPub	Inside	Gtl	Sawyer	Norm	Norm	1Fam	1Story	5	5	1961	1961	Gable	CompShg	Wd Sdng	Plywood	None	0	TA	TA	CBlock	TA	TA	No	BLQ	864	Unf	0	0	864	GasA	TA	Y	SBrkr	864	0	0	864	0	0	1	0	2	1	TA	5	Typ	0	NA	Attchd	1961	Unf	1	440	TA	TA	Y	158	0	0	0	0	0	NA	NA	NA	0	7	2009	WD 	Normal	122000
559	0532376070	020	RL		9316	Pave	NA	IR1	Lvl	AllPub	Inside	Gtl	Sawyer	Norm	Norm	1Fam	1Story	5	5	1965	1965	Gable	CompShg	HdBoard	Plywood	None	0	TA	TA	CBlock	TA	TA	No	Rec	544	Unf	0	480	1024	GasA	Gd	Y	SBrkr	1020	0	0	1020	0	0	2	0	3	1	TA	5	Typ	0	NA	Attchd	1965	Unf	1	288	TA	TA	Y	171	0	0	0	0	0	NA	MnPrv	NA	0	5	2009	Oth	Family	124100
560	0532376110	020	RL		7791	Pave	NA	IR1	Lvl	AllPub	Inside	Gtl	Sawyer	RRAe	Norm	1Fam	1Story	5	8	1963	1995	Gable	CompShg	Plywood	Plywood	None	0	Gd	Gd	CBlock	TA	TA	No	ALQ	624	Unf	0	288	912	GasA	Ex	Y	SBrkr	912	0	0	912	1	0	1	0	3	1	Gd	6	Typ	0	NA	Attchd	1963	RFn	1	300	TA	TA	Y	0	0	0	0	0	0	NA	GdWo	NA	0	10	2009	WD 	Normal	129000
561	0532377130	020	RL	80	10000	Pave	NA	Reg	Lvl	AllPub	Corner	Gtl	Sawyer	Feedr	Norm	1Fam	1Story	5	6	1961	1983	Hip	CompShg	HdBoard	HdBoard	None	0	TA	TA	CBlock	TA	TA	No	BLQ	594	Unf	0	270	864	GasA	Ex	Y	SBrkr	1144	0	0	1144	1	0	1	0	3	1	TA	6	Typ	1	TA	Attchd	1961	RFn	1	264	TA	TA	Y	165	0	0	0	0	0	NA	GdWo	Shed	400	3	2009	WD 	Normal	131400
562	0532378120	020	RL	60	8281	Pave	NA	IR1	Lvl	AllPub	Inside	Gtl	Sawyer	Norm	Norm	1Fam	1Story	5	5	1965	1965	Gable	CompShg	MetalSd	MetalSd	None	0	TA	TA	CBlock	TA	TA	No	Rec	553	BLQ	311	0	864	GasA	Gd	Y	SBrkr	864	0	0	864	0	0	1	0	3	1	TA	5	Typ	1	Po	Detchd	1965	Unf	1	360	TA	TA	Y	0	0	236	0	0	0	NA	GdWo	NA	0	12	2009	WD 	Normal	62383
563	0532378180	020	RL	65	7150	Pave	NA	Reg	Lvl	AllPub	Inside	Gtl	Sawyer	Feedr	Norm	1Fam	1Story	5	6	1962	1962	Gable	CompShg	VinylSd	VinylSd	BrkFace	60	TA	TA	CBlock	TA	TA	No	LwQ	140	BLQ	590	182	912	GasA	Gd	Y	SBrkr	912	0	0	912	0	1	1	0	3	1	TA	6	Typ	0	NA	Attchd	1962	Unf	1	252	TA	TA	Y	0	0	0	0	0	0	NA	NA	NA	0	10	2009	WD 	Normal	123000
564	0532478020	020	RL		15676	Pave	NA	IR1	Low	AllPub	Inside	Gtl	Veenker	Norm	Norm	1Fam	1Story	8	8	1980	1980	Gable	CompShg	VinylSd	VinylSd	BrkFace	115	Gd	Gd	CBlock	Gd	Gd	Gd	ALQ	1733	Rec	92	189	2014	GasA	Gd	Y	SBrkr	2014	0	0	2014	1	0	2	0	2	1	Gd	6	Maj1	2	Gd	Attchd	1980	RFn	3	864	TA	TA	Y	462	0	0	255	0	0	NA	MnPrv	NA	0	4	2009	WD 	Normal	275000
565	0533135020	060	RL		11949	Pave	NA	Reg	Lvl	AllPub	Inside	Gtl	NoRidge	Norm	Norm	1Fam	2Story	7	8	1991	2008	Gable	CompShg	VinylSd	VinylSd	BrkFace	196	Gd	Gd	PConc	Gd	TA	No	GLQ	601	ALQ	216	158	975	GasA	Ex	Y	SBrkr	975	780	0	1755	0	1	2	1	3	1	Gd	7	Typ	1	TA	Attchd	1991	Unf	2	524	TA	TA	Y	502	60	0	0	0	0	NA	GdPrv	NA	0	7	2009	WD 	Normal	235000
566	0533206020	160	FV	32	2880	Pave	Pave	Reg	Lvl	AllPub	Inside	Gtl	Somerst	Norm	Norm	Twnhs	2Story	7	5	2004	2005	Gable	CompShg	MetalSd	MetalSd	None	0	Gd	TA	PConc	Gd	TA	No	Unf	0	Unf	0	1376	1376	GasA	Ex	Y	SBrkr	1376	1629	0	3005	0	0	2	1	3	1	Gd	9	Mod	1	TA	BuiltIn	2004	Fin	3	704	TA	TA	Y	0	177	0	0	0	0	NA	NA	NA	0	7	2009	WD 	Normal	280750
567	0533210010	160	FV	40	3951	Pave	Pave	Reg	Lvl	AllPub	Corner	Gtl	Somerst	Norm	Norm	TwnhsE	2Story	6	5	2009	2009	Gable	CompShg	VinylSd	VinylSd	Stone	76	Gd	TA	PConc	Gd	TA	Av	Unf	0	Unf	0	612	612	GasA	Ex	Y	SBrkr	612	612	0	1224	0	0	2	1	2	1	Gd	4	Typ	0	NA	Detchd	2009	RFn	2	528	TA	TA	Y	0	234	0	0	0	0	NA	NA	NA	0	6	2009	New	Partial	164500
568	0533210020	160	FV	30	3000	Pave	Pave	Reg	Lvl	AllPub	Inside	Gtl	Somerst	Norm	Norm	TwnhsE	2Story	6	5	2009	2009	Gable	CompShg	VinylSd	VinylSd	Stone	76	Gd	TA	PConc	Gd	TA	Av	GLQ	294	Unf	0	318	612	GasA	Ex	Y	SBrkr	612	612	0	1224	0	0	2	1	2	1	Gd	4	Typ	0	NA	Detchd	2009	RFn	2	528	TA	TA	Y	0	234	0	0	0	0	NA	NA	NA	0	6	2009	New	Partial	173733
569	0533213010	120	FV		3830	Pave	Pave	IR1	Lvl	AllPub	Inside	Gtl	Somerst	Norm	Norm	TwnhsE	1Story	6	5	2008	2008	Gable	CompShg	VinylSd	VinylSd	Stone	280	Gd	TA	PConc	Gd	TA	No	Unf	0	Unf	0	1726	1726	GasA	Ex	Y	SBrkr	1726	0	0	1726	0	0	2	1	2	1	Gd	6	Typ	1	Gd	Attchd	2008	Fin	2	561	TA	TA	Y	0	254	0	0	0	0	NA	NA	NA	0	1	2009	New	Partial	222000
570	0533213020	120	FV		4217	Pave	Pave	IR1	Lvl	AllPub	Inside	Gtl	Somerst	Norm	Norm	TwnhsE	1Story	6	5	2008	2008	Gable	CompShg	VinylSd	VinylSd	Stone	252	Gd	TA	PConc	Gd	TA	No	GLQ	962	Unf	0	183	1145	GasA	Ex	Y	SBrkr	1256	0	0	1256	1	0	1	1	1	1	Gd	5	Typ	1	Gd	Attchd	2008	Fin	2	641	TA	TA	Y	0	169	0	0	0	0	NA	NA	NA	0	3	2009	WD 	Normal	195000
571	0533213040	160	FV	34	3230	Pave	Pave	Reg	Lvl	AllPub	Inside	Gtl	Somerst	Norm	Norm	TwnhsE	2Story	6	5	1999	1999	Gable	CompShg	MetalSd	MetalSd	BrkFace	894	TA	TA	PConc	Gd	TA	No	GLQ	381	Unf	0	348	729	GasA	Gd	Y	SBrkr	742	729	0	1471	0	0	2	1	3	1	TA	6	Typ	0	NA	Detchd	1999	Unf	2	440	TA	TA	Y	0	24	0	0	0	0	NA	NA	NA	0	3	2009	WD 	Normal	172500
572	0533221040	160	FV	34	2998	Pave	NA	Reg	Lvl	AllPub	Inside	Gtl	Somerst	Norm	Norm	TwnhsE	2Story	6	5	2000	2000	Gable	CompShg	MetalSd	MetalSd	BrkFace	513	Gd	TA	PConc	Gd	TA	No	GLQ	507	Unf	0	249	756	GasA	Ex	Y	SBrkr	756	756	0	1512	1	0	2	1	2	1	Gd	4	Typ	0	NA	Detchd	2000	Unf	2	440	TA	TA	Y	0	32	0	0	0	0	NA	NA	NA	0	8	2009	WD 	Normal	180000
573	0533223030	160	FV	35	3768	Pave	NA	Reg	Lvl	AllPub	FR2	Gtl	Somerst	Norm	Norm	TwnhsE	2Story	7	5	1999	1999	Hip	CompShg	MetalSd	MetalSd	BrkFace	218	Gd	TA	PConc	Gd	TA	No	GLQ	549	Unf	0	142	691	GasA	Ex	Y	SBrkr	713	739	0	1452	1	0	2	1	3	1	Gd	6	Typ	0	NA	Detchd	1999	Unf	2	506	TA	TA	Y	0	34	0	0	0	0	NA	NA	NA	0	9	2009	WD 	Normal	156000
574	0533236050	160	FV	24	2645	Pave	Pave	Reg	Lvl	AllPub	Inside	Gtl	Somerst	Norm	Norm	Twnhs	2Story	8	5	1999	2000	Gable	CompShg	MetalSd	MetalSd	BrkFace	456	Gd	TA	PConc	Gd	TA	No	GLQ	649	Unf	0	321	970	GasA	Ex	Y	SBrkr	983	756	0	1739	1	0	2	1	3	1	Gd	7	Typ	0	NA	Attchd	1999	Fin	2	480	TA	TA	Y	115	0	0	0	0	0	NA	NA	NA	0	8	2009	WD 	Abnorml	172500
575	0533252040	020	RL		14694	Pave	NA	IR1	Lvl	AllPub	Inside	Gtl	Veenker	Norm	Norm	1Fam	1Story	8	9	1977	2008	Gable	CompShg	MetalSd	MetalSd	BrkFace	450	Ex	Ex	CBlock	Gd	Gd	Gd	GLQ	1252	ALQ	136	306	1694	GasA	Ex	Y	SBrkr	1694	0	0	1694	1	0	2	0	2	1	Ex	5	Typ	1	Gd	Attchd	1977	Fin	2	642	TA	TA	Y	501	120	0	225	0	0	NA	NA	NA	0	6	2009	WD 	Normal	318750
576	0533253070	120	RL	61	3782	Pave	NA	IR1	Lvl	AllPub	CulDSac	Gtl	Greens	Norm	Norm	TwnhsE	1Story	8	5	1981	1981	Gable	CompShg	Wd Sdng	Plywood	None	0	Gd	TA	CBlock	Gd	TA	Gd	GLQ	960	Unf	0	266	1226	GasA	TA	Y	SBrkr	1226	0	0	1226	1	0	1	0	1	1	Gd	4	Typ	2	TA	Attchd	1981	Fin	2	484	TA	TA	Y	133	78	0	0	0	0	NA	NA	NA	0	9	2009	WD 	Normal	211500
577	0533254050	020	RL	110	15417	Pave	NA	Reg	Lvl	AllPub	Inside	Gtl	Veenker	Norm	Norm	1Fam	1Story	7	5	1981	1981	Gable	CompShg	BrkFace	BrkFace	None	0	Gd	TA	CBlock	Gd	TA	Mn	LwQ	121	Unf	0	1619	1740	GasA	TA	Y	SBrkr	1740	0	0	1740	0	0	1	1	2	1	Gd	7	Typ	0	NA	Attchd	1981	RFn	2	540	TA	TA	Y	228	20	218	0	0	0	NA	NA	NA	0	6	2009	WD 	Normal	241600
578	0533254110	080	RL	80	9600	Pave	NA	Reg	Low	AllPub	FR2	Mod	Veenker	Feedr	Norm	1Fam	SLvl	8	5	1976	1976	Gable	CompShg	Plywood	Plywood	BrkFace	200	Gd	Gd	CBlock	TA	TA	No	Unf	0	Unf	0	392	392	GasA	Ex	Y	SBrkr	1487	1012	0	2499	0	0	2	1	4	1	TA	5	Typ	1	Gd	Attchd	1976	Unf	2	527	TA	TA	Y	0	64	0	0	0	0	NA	NA	NA	0	1	2009	WD 	Abnorml	180500
579	0533352150	020	RL		9991	Pave	NA	IR1	Lvl	AllPub	Corner	Gtl	Sawyer	Feedr	Norm	1Fam	1Story	4	4	1976	1993	Gable	CompShg	Plywood	Plywood	None	0	TA	TA	CBlock	TA	TA	No	BLQ	1116	Unf	0	165	1281	GasA	Ex	Y	SBrkr	1620	0	0	1620	1	0	2	0	3	1	TA	8	Min1	1	TA	Attchd	1993	Unf	2	490	TA	TA	Y	120	78	0	0	0	0	NA	GdWo	NA	0	6	2009	WD 	Normal	150000
580	0534125080	060	RL	78	11700	Pave	NA	Reg	Lvl	AllPub	Inside	Gtl	NWAmes	RRAn	Norm	1Fam	2Story	6	6	1968	1968	Gable	CompShg	MetalSd	MetalSd	None	0	TA	TA	CBlock	TA	TA	No	Rec	298	Unf	0	429	727	GasA	Ex	Y	SBrkr	829	727	0	1556	0	0	1	1	4	1	TA	8	Typ	0	NA	Attchd	1968	Unf	2	441	TA	TA	Y	0	0	0	0	0	0	NA	NA	NA	0	5	2009	WD 	Normal	154000
581	0534127130	020	RL		11717	Pave	NA	IR1	Lvl	AllPub	Inside	Gtl	NWAmes	PosA	Norm	1Fam	1Story	6	6	1970	1970	Hip	CompShg	HdBoard	HdBoard	BrkFace	571	TA	TA	CBlock	TA	TA	No	Unf	0	Unf	0	1442	1442	GasA	TA	Y	SBrkr	1442	0	0	1442	0	0	2	0	2	1	TA	6	Typ	1	TA	Attchd	1970	RFn	2	615	TA	TA	Y	371	0	0	0	0	0	NA	NA	NA	0	2	2009	WD 	Normal	185000
582	0534127170	020	RL		9156	Pave	NA	IR1	Lvl	AllPub	Inside	Gtl	NWAmes	PosN	Norm	1Fam	1Story	6	7	1968	1968	Hip	CompShg	BrkFace	BrkFace	None	0	TA	TA	CBlock	TA	TA	No	Unf	0	Unf	0	1489	1489	GasA	Gd	Y	SBrkr	1489	0	0	1489	0	0	2	0	3	1	Gd	7	Typ	1	Gd	Attchd	1968	RFn	2	462	TA	TA	Y	0	0	0	0	0	0	NA	NA	NA	0	8	2009	WD 	Normal	185750
583	0534128010	060	RL		10382	Pave	NA	IR1	Lvl	AllPub	Corner	Gtl	NWAmes	PosN	Norm	1Fam	2Story	7	6	1973	1973	Gable	CompShg	HdBoard	HdBoard	Stone	240	TA	TA	CBlock	Gd	TA	Mn	ALQ	859	BLQ	32	216	1107	GasA	Ex	Y	SBrkr	1107	983	0	2090	1	0	2	1	3	1	TA	7	Typ	2	TA	Attchd	1973	RFn	2	484	TA	TA	Y	235	204	228	0	0	0	NA	NA	Shed	350	11	2009	WD 	Normal	200000
584	0534128020	060	RL		12732	Pave	NA	IR1	Lvl	AllPub	CulDSac	Gtl	NWAmes	PosN	Norm	1Fam	2Story	7	6	1974	1974	Gable	CompShg	VinylSd	VinylSd	None	0	TA	TA	CBlock	TA	TA	Mn	GLQ	560	LwQ	42	150	752	GasA	TA	Y	SBrkr	1285	782	0	2067	0	0	2	1	3	1	Gd	7	Typ	2	TA	Attchd	1974	RFn	2	784	TA	TA	Y	297	40	0	0	0	0	NA	NA	NA	0	6	2009	WD 	Normal	206000
585	0534128100	060	RL		12936	Pave	NA	IR1	Lvl	AllPub	CulDSac	Gtl	NWAmes	Norm	Norm	1Fam	2Story	6	6	1972	1972	Gable	CompShg	HdBoard	Plywood	None	0	TA	TA	CBlock	TA	Gd	No	BLQ	593	Unf	0	130	723	GasA	TA	Y	SBrkr	735	660	0	1395	0	1	1	1	3	1	TA	6	Typ	1	TA	Attchd	1972	Unf	2	497	TA	TA	Y	294	116	0	0	0	0	NA	NA	NA	0	12	2009	WD 	Normal	162000
586	0534128190	060	RL	80	10400	Pave	NA	Reg	Lvl	AllPub	Inside	Gtl	NWAmes	PosA	Norm	1Fam	2Story	6	7	1967	1997	Gable	CompShg	MetalSd	MetalSd	BrkFace	256	TA	TA	PConc	TA	TA	No	Unf	0	Unf	0	932	932	GasA	Gd	Y	SBrkr	1271	1369	0	2640	0	0	2	1	5	1	Gd	8	Typ	1	TA	Attchd	1967	RFn	2	515	TA	TA	Y	0	120	0	0	168	0	NA	NA	NA	0	5	2009	WD 	Normal	256900
587	0534129080	080	RL		17871	Pave	NA	IR1	Lvl	AllPub	CulDSac	Gtl	NWAmes	Norm	Norm	1Fam	SLvl	6	5	1967	1976	Gable	CompShg	HdBoard	HdBoard	BrkFace	359	TA	TA	CBlock	Gd	TA	Av	ALQ	528	Unf	0	1152	1680	GasA	Fa	Y	SBrkr	1724	0	0	1724	1	0	1	1	3	1	TA	7	Typ	1	Gd	Attchd	1967	RFn	2	480	TA	TA	Y	0	0	0	0	0	0	NA	NA	NA	0	6	2009	WD 	Normal	197900
588	0534129370	020	RL	80	9600	Pave	NA	Reg	Lvl	AllPub	Inside	Gtl	NWAmes	Feedr	Norm	1Fam	1Story	5	5	1969	1969	Gable	CompShg	HdBoard	HdBoard	BrkFace	128	TA	TA	CBlock	Gd	TA	Mn	ALQ	553	Rec	147	588	1288	GasA	TA	Y	SBrkr	1336	0	0	1336	0	1	2	0	3	1	TA	6	Typ	1	Fa	Attchd	1969	RFn	2	502	TA	TA	Y	312	11	0	0	0	0	NA	NA	Shed	650	8	2009	WD 	Normal	163000
589	0534129380	020	RL	75	9000	Pave	NA	Reg	Lvl	AllPub	Inside	Gtl	NWAmes	Feedr	Norm	1Fam	1Story	6	5	1969	1969	Gable	CompShg	HdBoard	HdBoard	BrkFace	200	TA	TA	CBlock	TA	TA	Av	BLQ	955	Unf	0	261	1216	GasA	TA	Y	SBrkr	1216	0	0	1216	1	0	1	0	3	1	TA	5	Typ	0	NA	Attchd	1969	Unf	1	336	TA	TA	Y	0	0	0	0	0	0	NA	MnPrv	NA	0	8	2009	WD 	Abnorml	113000
590	0534151120	060	RL		13774	Pave	NA	IR1	Lvl	AllPub	Inside	Gtl	NWAmes	Norm	Norm	1Fam	2Story	7	7	1977	1992	Hip	CompShg	HdBoard	HdBoard	BrkFace	283	TA	Gd	PConc	Gd	TA	No	GLQ	432	Unf	0	476	908	GasA	Ex	Y	SBrkr	1316	972	0	2288	0	0	1	2	4	1	Gd	8	Typ	2	TA	Attchd	1977	RFn	2	520	TA	TA	Y	321	72	0	0	156	0	NA	NA	NA	0	11	2009	WD 	Normal	230000
591	0534152120	020	RL	80	9650	Pave	NA	Reg	Lvl	AllPub	Inside	Gtl	NWAmes	Norm	Norm	1Fam	1Story	6	5	1977	1977	Gable	CompShg	Plywood	Plywood	BrkFace	360	TA	TA	CBlock	Gd	TA	No	ALQ	686	Unf	0	664	1350	GasA	TA	Y	SBrkr	1334	0	0	1334	0	1	2	0	2	1	TA	6	Typ	1	TA	Attchd	1977	RFn	2	630	TA	TA	Y	0	16	0	0	0	0	NA	NA	NA	0	4	2009	WD 	Normal	167900
592	0534175080	020	RL	78	10140	Pave	NA	Reg	Lvl	AllPub	Inside	Gtl	NWAmes	RRAn	Norm	1Fam	1Story	7	5	1998	1999	Hip	CompShg	VinylSd	VinylSd	None	0	Gd	TA	PConc	Ex	TA	No	LwQ	144	GLQ	1127	379	1650	GasA	Ex	Y	SBrkr	1680	0	0	1680	1	0	2	0	3	1	Gd	7	Maj1	1	TA	Attchd	1998	Fin	2	583	TA	TA	Y	78	73	0	0	0	0	NA	NA	NA	0	6	2009	WD 	Normal	213250
593	0534177230	060	RL	70	8400	Pave	NA	Reg	Lvl	AllPub	Inside	Gtl	NWAmes	Norm	Norm	1Fam	2Story	8	6	2001	2001	Gable	CompShg	VinylSd	VinylSd	None	0	Gd	TA	PConc	Gd	TA	No	GLQ	643	Unf	0	167	810	GasA	Ex	Y	SBrkr	810	855	0	1665	1	0	2	1	3	1	Gd	6	Typ	0	NA	Attchd	2001	Fin	2	528	TA	TA	Y	0	45	0	0	0	0	NA	NA	NA	0	11	2009	WD 	Normal	227000
594	0534200030	020	RL	62	7130	Pave	NA	Reg	Lvl	AllPub	Inside	Gtl	NAmes	Norm	Norm	1Fam	1Story	5	6	1967	1967	Gable	CompShg	HdBoard	HdBoard	None	0	TA	TA	PConc	TA	TA	No	BLQ	648	Unf	0	216	864	GasA	TA	Y	SBrkr	864	0	0	864	0	1	1	0	2	1	TA	5	Typ	0	NA	Attchd	1967	Fin	1	312	TA	TA	Y	0	0	0	0	0	0	NA	GdPrv	NA	0	6	2009	WD 	Normal	130000
595	0534202170	020	RL	80	9600	Pave	NA	Reg	Lvl	AllPub	Inside	Gtl	NAmes	Norm	Norm	1Fam	1Story	5	5	1967	1967	Hip	CompShg	HdBoard	HdBoard	None	0	TA	TA	CBlock	TA	TA	No	Unf	0	Unf	0	1568	1568	GasA	TA	Y	SBrkr	1568	0	0	1568	0	0	1	1	3	1	TA	7	Typ	0	NA	Attchd	1967	Unf	2	440	TA	TA	Y	160	40	0	0	0	0	NA	NA	NA	0	3	2009	COD	Normal	143000
596	0534226120	020	RL	70	9100	Pave	NA	Reg	Lvl	AllPub	Inside	Gtl	NAmes	Norm	Norm	1Fam	1Story	5	6	1965	1965	Gable	CompShg	VinylSd	VinylSd	None	0	TA	TA	CBlock	TA	TA	No	BLQ	338	Rec	466	121	925	GasA	Ex	Y	SBrkr	925	0	0	925	0	1	1	0	2	1	TA	5	Typ	0	NA	Detchd	1965	Unf	1	429	TA	TA	Y	0	0	0	0	0	0	NA	GdWo	NA	0	7	2009	WD 	Normal	117500
597	0534250400	060	RL	80	9600	Pave	NA	Reg	Lvl	AllPub	Inside	Gtl	NWAmes	Norm	Norm	1Fam	2Story	7	5	1974	1974	Gable	CompShg	Plywood	Plywood	BrkFace	252	TA	TA	CBlock	TA	TA	No	ALQ	698	Unf	0	467	1165	GasA	Gd	Y	SBrkr	1165	896	0	2061	0	1	2	1	4	1	TA	8	Typ	1	TA	Attchd	1974	RFn	2	498	TA	TA	Y	0	77	0	0	196	0	NA	NA	NA	0	5	2009	COD	Abnorml	168500
598	0534251030	085	RL		16500	Pave	NA	Reg	Lvl	AllPub	Inside	Gtl	NWAmes	Norm	Norm	1Fam	SFoyer	6	5	1971	1971	Hip	CompShg	HdBoard	HdBoard	BrkFace	509	TA	TA	CBlock	Gd	TA	Av	GLQ	962	Unf	0	270	1232	GasA	Fa	Y	SBrkr	1320	0	0	1320	0	1	2	0	3	1	TA	5	Typ	1	Gd	Attchd	1971	RFn	2	495	TA	TA	Y	0	20	0	0	0	0	NA	NA	NA	0	5	2009	WD 	Normal	172500
599	0534252240	020	RL		9790	Pave	NA	Reg	Lvl	AllPub	Inside	Gtl	NWAmes	Feedr	Norm	1Fam	1Story	6	5	1967	1967	Gable	CompShg	BrkFace	Wd Sdng	None	0	TA	TA	CBlock	TA	TA	No	Rec	251	LwQ	630	491	1372	GasA	TA	Y	SBrkr	1342	0	0	1342	0	0	2	0	3	1	TA	7	Typ	1	Gd	Attchd	1967	Unf	2	457	TA	TA	Y	0	0	0	0	197	0	NA	NA	NA	0	9	2009	WD 	Normal	161500
600	0534275060	020	RL	60	7436	Pave	NA	Reg	Lvl	AllPub	Inside	Gtl	NAmes	Norm	Norm	1Fam	1Story	4	7	1960	1960	Gable	CompShg	VinylSd	VinylSd	None	0	TA	TA	CBlock	TA	TA	No	ALQ	734	Unf	0	160	894	GasA	Gd	Y	SBrkr	894	0	0	894	1	0	1	0	2	1	TA	5	Typ	1	Po	Detchd	1988	Unf	2	396	TA	TA	Y	0	0	0	360	0	0	NA	GdWo	NA	0	8	2009	WD 	Normal	141500
601	0534275100	020	RL	65	8125	Pave	NA	Reg	Lvl	AllPub	Inside	Gtl	NAmes	Norm	Norm	1Fam	1Story	5	7	1959	1959	Hip	CompShg	MetalSd	MetalSd	None	0	TA	TA	CBlock	TA	TA	No	BLQ	403	Unf	0	461	864	GasA	Ex	Y	SBrkr	864	0	0	864	0	0	1	0	3	1	TA	5	Typ	0	NA	Detchd	1960	Unf	1	308	TA	TA	Y	0	0	0	0	0	0	NA	NA	NA	0	9	2009	WD 	Normal	118000
602	0534276040	020	RL	70	9100	Pave	NA	Reg	Lvl	AllPub	Inside	Gtl	NAmes	Norm	Norm	1Fam	1Story	6	6	1959	1959	Hip	CompShg	Wd Sdng	Wd Sdng	None	0	TA	TA	CBlock	TA	TA	No	Rec	612	Unf	0	252	864	GasA	Ex	Y	SBrkr	864	0	0	864	0	0	1	0	2	1	TA	5	Typ	0	NA	Detchd	2008	Unf	1	300	Ex	Ex	Y	0	0	0	0	0	0	NA	NA	Shed	450	10	2009	WD 	Normal	127500
603	0534277090	020	RL		9450	Pave	NA	IR1	Lvl	AllPub	Corner	Gtl	NAmes	Norm	Norm	1Fam	1Story	4	5	1957	1957	Gable	CompShg	Wd Sdng	Wd Sdng	BrkFace	160	TA	TA	CBlock	TA	TA	No	BLQ	775	Unf	0	265	1040	GasA	TA	Y	SBrkr	1362	0	0	1362	1	0	1	0	3	1	TA	6	Typ	1	Gd	Attchd	1982	RFn	3	768	TA	TA	Y	0	0	84	0	0	0	NA	MnPrv	NA	0	5	2009	WD 	Normal	140000
604	0534278070	020	RL		13495	Pave	NA	IR1	Lvl	AllPub	Corner	Gtl	NAmes	Norm	Norm	1Fam	1Story	5	6	1956	1956	Gable	CompShg	Wd Sdng	Wd Sdng	BrkFace	70	TA	Gd	CBlock	TA	TA	No	BLQ	625	LwQ	201	222	1048	GasA	Fa	Y	SBrkr	1728	0	0	1728	1	0	2	0	3	1	TA	7	Min1	1	Gd	Detchd	1956	Unf	2	576	TA	TA	Y	0	99	0	0	0	0	NA	NA	NA	0	7	2009	WD 	Normal	177625
605	0534278230	090	RL	85	11475	Pave	NA	Reg	Lvl	AllPub	Corner	Gtl	NAmes	Norm	Norm	Duplex	1Story	5	5	1958	1958	Gable	CompShg	VinylSd	VinylSd	BrkFace	95	TA	TA	CBlock	TA	TA	No	Unf	0	Unf	0	1584	1584	GasA	TA	Y	SBrkr	1776	0	0	1776	1	0	2	0	4	2	TA	9	Typ	0	NA	Detchd	1968	Unf	3	888	TA	TA	Y	0	25	0	0	0	0	NA	NA	NA	0	7	2009	COD	Abnorml	110000
606	0534400050	020	RL	100	10004	Pave	NA	Reg	Lvl	AllPub	Inside	Gtl	NAmes	Norm	Norm	1Fam	1Story	6	6	1964	1964	Gable	CompShg	HdBoard	Plywood	BrkFace	180	TA	TA	CBlock	TA	TA	No	Rec	196	BLQ	345	975	1516	GasA	TA	Y	SBrkr	1516	0	0	1516	0	0	1	1	3	1	TA	6	Typ	0	NA	Attchd	1964	RFn	2	472	TA	TA	Y	0	0	0	0	152	0	NA	NA	NA	0	2	2009	WD 	Normal	167000
607	0534400290	020	RL	85	9350	Pave	NA	Reg	Lvl	AllPub	Inside	Gtl	NAmes	Norm	Norm	1Fam	1Story	5	6	1961	1995	Gable	CompShg	Wd Sdng	Wd Sdng	BrkFace	217	TA	TA	CBlock	TA	TA	No	ALQ	310	BLQ	512	491	1313	GasA	TA	Y	SBrkr	1313	0	0	1313	1	0	1	1	3	1	Gd	6	Typ	1	TA	Attchd	1961	RFn	2	610	TA	TA	Y	172	28	0	0	121	0	NA	MnPrv	NA	0	2	2009	WD 	Normal	153000
608	0534402060	020	RL	115	10500	Pave	NA	IR1	Lvl	AllPub	Inside	Gtl	NAmes	Norm	Norm	1Fam	1Story	5	5	1964	1964	Gable	CompShg	HdBoard	HdBoard	Stone	144	TA	Gd	CBlock	TA	TA	No	LwQ	998	Unf	0	294	1292	GasA	TA	Y	SBrkr	1292	0	0	1292	1	0	1	1	3	1	TA	6	Typ	2	Gd	Detchd	1964	Unf	2	520	TA	TA	Y	0	32	0	0	92	0	NA	NA	NA	0	7	2009	COD	Abnorml	145100
609	0534402140	020	RL		11000	Pave	NA	IR1	Lvl	AllPub	CulDSac	Gtl	NAmes	Norm	Norm	1Fam	1Story	5	6	1966	1966	Gable	CompShg	Plywood	Plywood	BrkFace	200	TA	TA	CBlock	TA	TA	Mn	BLQ	740	Rec	230	184	1154	GasA	Ex	Y	SBrkr	1154	0	0	1154	0	0	1	1	3	1	TA	6	Typ	1	Po	Attchd	1966	RFn	2	480	TA	TA	Y	0	58	0	0	0	0	NA	MnPrv	NA	0	11	2009	WD 	Normal	154000
610	0534402170	060	RL		8970	Pave	NA	IR1	Lvl	AllPub	Corner	Gtl	NAmes	Norm	Norm	1Fam	2Story	5	6	1965	1965	Gable	CompShg	MetalSd	MetalSd	None	0	TA	Gd	CBlock	TA	TA	No	ALQ	388	Unf	0	356	744	GasA	TA	Y	SBrkr	825	1315	0	2140	0	0	2	1	4	1	TA	7	Typ	1	TA	Attchd	1965	Fin	2	549	TA	TA	Y	0	40	264	0	0	0	NA	MnPrv	NA	0	6	2009	WD 	Normal	177500
611	0534403370	080	RL		12095	Pave	NA	IR1	Lvl	AllPub	Corner	Gtl	NAmes	Norm	Norm	1Fam	SLvl	6	6	1964	1964	Gable	CompShg	MetalSd	HdBoard	BrkFace	115	TA	Gd	CBlock	TA	TA	Gd	Rec	564	Unf	0	563	1127	GasA	TA	Y	SBrkr	1445	0	0	1445	0	0	1	1	3	1	TA	7	Typ	1	Fa	Attchd	1964	RFn	2	645	TA	TA	Y	180	0	0	0	0	0	NA	MnPrv	NA	0	8	2009	WD 	Normal	158000
612	0534426110	020	RL	80	9600	Pave	NA	Reg	Lvl	AllPub	Corner	Gtl	NAmes	Norm	Norm	1Fam	1Story	5	6	1959	1959	Gable	CompShg	MetalSd	MetalSd	BrkFace	132	TA	TA	CBlock	TA	TA	No	ALQ	991	Unf	0	50	1041	GasA	Ex	Y	SBrkr	1041	0	0	1041	1	0	1	0	3	1	TA	6	Typ	0	NA	Attchd	1959	RFn	1	270	TA	TA	Y	224	88	0	0	0	0	NA	MnPrv	NA	0	7	2009	WD 	Normal	124500
613	0534429150	080	RL	85	11475	Pave	NA	Reg	Lvl	AllPub	Corner	Gtl	NAmes	Norm	Norm	1Fam	SLvl	6	6	1961	1961	Hip	CompShg	HdBoard	HdBoard	BrkFace	90	TA	TA	CBlock	TA	TA	Gd	ALQ	568	Unf	0	640	1208	GasA	Ex	Y	SBrkr	1576	0	0	1576	1	0	1	0	4	1	Gd	7	Typ	1	Po	BuiltIn	1961	Fin	2	368	TA	TA	Y	85	0	0	0	0	0	NA	NA	NA	0	9	2009	WD 	Normal	174500
614	0534431130	020	RL	68	9768	Pave	NA	Reg	Lvl	AllPub	Inside	Gtl	NAmes	Norm	Norm	1Fam	1Story	5	5	1955	1955	Gable	CompShg	Wd Sdng	Wd Sdng	None	0	TA	TA	CBlock	TA	TA	No	Rec	100	ALQ	247	613	960	GasA	Gd	Y	SBrkr	960	0	0	960	1	0	1	0	2	1	TA	5	Typ	0	NA	Attchd	1955	RFn	1	330	TA	TA	Y	0	70	0	0	0	0	NA	MnPrv	NA	0	2	2009	WD 	Normal	122000
615	0534450150	030	RL	50	5330	Pave	NA	Reg	HLS	AllPub	Inside	Gtl	BrkSide	Norm	Norm	1Fam	1Story	4	7	1940	1950	Hip	CompShg	VinylSd	VinylSd	None	0	Fa	TA	CBlock	TA	TA	No	LwQ	280	Unf	0	140	420	GasA	Gd	Y	SBrkr	708	0	0	708	0	0	1	0	2	1	Fa	5	Typ	0	NA	NA		NA	0	0	NA	NA	Y	164	0	0	0	0	0	NA	NA	NA	0	12	2009	WD 	Normal	82500
616	0534451110	050	RL		7015	Pave	NA	IR1	Bnk	AllPub	Corner	Gtl	BrkSide	Norm	Norm	1Fam	1.5Fin	5	4	1950	1950	Gable	CompShg	MetalSd	MetalSd	BrkCmn	161	TA	TA	CBlock	TA	TA	No	LwQ	185	Unf	0	524	709	GasA	TA	Y	SBrkr	979	224	0	1203	1	0	1	0	3	1	Gd	5	Typ	1	TA	Detchd	1950	Unf	1	352	TA	TA	Y	0	0	248	0	0	0	NA	NA	NA	0	7	2009	WD 	Normal	110000
617	0534475185	020	RL	128	12160	Pave	NA	Reg	Lvl	AllPub	Inside	Gtl	NAmes	Feedr	Norm	1Fam	1Story	6	4	1953	1953	Hip	CompShg	Wd Sdng	Wd Sdng	BrkFace	90	TA	TA	CBlock	TA	TA	No	BLQ	1024	Unf	0	481	1505	GasA	Ex	Y	SBrkr	1505	0	0	1505	1	0	1	0	2	1	TA	6	Typ	1	TA	Attchd	1953	RFn	2	505	TA	TA	Y	0	0	0	162	0	0	NA	NA	NA	0	2	2009	WD 	Normal	149500
618	0534475250	020	RL	90	9900	Pave	NA	Reg	Lvl	AllPub	Inside	Gtl	NAmes	Feedr	Norm	1Fam	1Story	6	5	1967	1967	Gable	CompShg	BrkComm	Brk Cmn	None	0	Gd	TA	CBlock	TA	TA	No	Rec	1173	Unf	0	507	1680	GasA	TA	Y	SBrkr	1691	0	0	1691	1	0	1	0	2	1	TA	5	Typ	0	NA	Attchd	1967	Unf	2	550	Gd	TA	Y	0	67	260	0	0	0	NA	MnPrv	NA	0	4	2009	WD 	Normal	175000
619	0534476150	020	RL	80	9600	Pave	NA	Reg	Lvl	AllPub	Inside	Gtl	NAmes	Norm	Norm	1Fam	1Story	6	5	1953	1953	Hip	CompShg	HdBoard	HdBoard	Stone	238	TA	TA	CBlock	TA	TA	No	GLQ	1285	Unf	0	131	1416	GasA	TA	Y	SBrkr	1644	0	0	1644	1	0	1	0	3	1	TA	7	Typ	2	Gd	Attchd	1953	Fin	2	418	TA	TA	Y	110	0	0	0	0	0	NA	NA	NA	0	10	2009	WD 	Normal	167000
620	0534476320	020	RL	80	9600	Pave	NA	Reg	Lvl	AllPub	Inside	Gtl	NAmes	Norm	Norm	1Fam	1Story	5	6	1956	1956	Hip	CompShg	MetalSd	MetalSd	None	0	TA	TA	CBlock	TA	TA	No	Rec	504	Unf	0	546	1050	GasA	Gd	Y	SBrkr	1050	0	0	1050	0	0	1	0	2	1	TA	5	Typ	0	NA	Attchd	1956	Unf	1	338	TA	TA	Y	0	0	0	0	0	0	NA	NA	NA	0	6	2009	WD 	Normal	128900
621	0534477110	050	RL	80	9600	Pave	NA	Reg	Lvl	AllPub	Inside	Gtl	NAmes	Norm	Norm	1Fam	1.5Fin	6	8	1950	2005	Gable	CompShg	VinylSd	VinylSd	None	0	TA	Gd	CBlock	TA	TA	No	BLQ	120	Unf	0	736	856	GasA	Ex	Y	SBrkr	1112	556	0	1668	0	0	1	1	3	1	TA	6	Min2	0	NA	Attchd	1950	Unf	1	271	TA	TA	Y	0	0	0	0	0	0	NA	MnPrv	NA	0	9	2009	WD 	Normal	140000
622	0534478230	020	RL	80	9600	Pave	NA	Reg	Lvl	AllPub	Inside	Gtl	NAmes	Norm	Norm	1Fam	1Story	5	7	1950	2007	Gable	CompShg	MetalSd	MetalSd	None	0	Gd	TA	CBlock	TA	TA	No	ALQ	607	Unf	0	506	1113	GasA	Gd	Y	SBrkr	1113	0	0	1113	0	0	1	0	3	1	Gd	5	Typ	1	Gd	Attchd	1950	Unf	1	264	TA	TA	Y	0	80	120	0	0	0	NA	NA	NA	0	7	2009	WD 	Normal	147000
623	0535101120	090	RL	65	8944	Pave	NA	Reg	Lvl	AllPub	Inside	Gtl	NAmes	Norm	Norm	Duplex	1Story	5	5	1967	1967	Gable	CompShg	Plywood	Plywood	None	0	TA	TA	CBlock	TA	TA	No	Unf	0	Unf	0	1584	1584	GasA	TA	Y	SBrkr	1584	0	0	1584	0	0	2	0	4	2	TA	8	Mod	0	NA	Detchd	1967	Unf	3	792	TA	TA	Y	0	152	0	0	0	0	NA	NA	NA	0	4	2009	WD 	Normal	124000
624	0535104120	020	RL	92	10573	Pave	NA	IR1	Lvl	AllPub	Corner	Gtl	NAmes	Norm	Norm	1Fam	1Story	6	6	1961	1961	Hip	CompShg	MetalSd	MetalSd	BrkFace	3	TA	TA	CBlock	TA	TA	No	Rec	1312	Unf	0	141	1453	GasA	Ex	Y	SBrkr	1453	0	0	1453	1	0	2	0	3	1	TA	6	Typ	1	TA	Attchd	1961	RFn	2	530	TA	TA	Y	0	49	0	0	288	0	NA	GdPrv	NA	0	4	2009	WD 	Normal	187500
625	0535105100	020	RL		9500	Pave	NA	IR1	Lvl	AllPub	Inside	Gtl	NAmes	Norm	Norm	1Fam	1Story	6	5	1963	1963	Gable	CompShg	Plywood	Plywood	BrkFace	247	TA	TA	CBlock	Gd	TA	No	BLQ	609	Unf	0	785	1394	GasA	Gd	Y	SBrkr	1394	0	0	1394	1	0	1	1	3	1	TA	6	Typ	2	Gd	Attchd	1963	RFn	2	514	TA	TA	Y	0	76	0	0	185	0	NA	NA	NA	0	7	2009	WD 	Normal	159000
626	0535125070	020	RL	80	14695	Pave	NA	IR1	Lvl	AllPub	Inside	Gtl	NAmes	Norm	Norm	1Fam	1Story	6	8	1966	2008	Gable	CompShg	MetalSd	MetalSd	BrkFace	210	TA	Gd	CBlock	TA	TA	No	ALQ	1387	Unf	0	175	1562	GasA	Gd	Y	SBrkr	1567	0	0	1567	1	0	2	0	2	1	Gd	5	Typ	2	Gd	Attchd	1966	Unf	2	542	TA	TA	Y	0	110	0	0	342	0	NA	GdWo	NA	0	7	2009	WD 	Normal	256000
627	0535125090	060	RL	85	13600	Pave	NA	Reg	Lvl	AllPub	Inside	Gtl	NAmes	Norm	Norm	1Fam	2Story	7	6	1965	1990	Gable	CompShg	HdBoard	HdBoard	BrkFace	176	TA	TA	CBlock	TA	TA	No	BLQ	454	Unf	0	314	768	GasA	TA	Y	SBrkr	1186	800	0	1986	0	0	2	1	3	1	TA	7	Typ	3	Fa	Attchd	1965	Unf	2	486	TA	TA	Y	0	42	0	0	189	0	NA	NA	NA	0	10	2009	WD 	Normal	205000
628	0535126010	060	RL	100	13000	Pave	NA	Reg	Lvl	AllPub	Corner	Gtl	NAmes	Norm	Norm	1Fam	2Story	6	6	1968	1968	Gable	CompShg	VinylSd	VinylSd	BrkFace	576	TA	Gd	CBlock	Gd	TA	No	Rec	448	Unf	0	448	896	GasA	TA	Y	SBrkr	1182	960	0	2142	0	0	2	1	4	1	Gd	8	Typ	1	Gd	Attchd	1968	Fin	1	509	TA	TA	Y	0	72	0	0	252	0	NA	NA	NA	0	6	2009	WD 	Normal	193500
629	0535126100	020	RL	120	13560	Pave	NA	Reg	Lvl	AllPub	Corner	Gtl	NAmes	Norm	Norm	1Fam	1Story	6	3	1968	1968	Hip	CompShg	Wd Sdng	Wd Sdng	BrkFace	216	TA	TA	CBlock	Fa	Fa	No	Unf	0	Unf	0	1392	1392	GasA	Gd	Y	SBrkr	1392	0	0	1392	1	0	1	0	2	1	TA	5	Maj2	2	TA	Attchd	1968	RFn	2	576	TA	TA	Y	0	0	240	0	0	0	NA	NA	NA	0	7	2009	WD 	Normal	110000
630	0535150070	050	RL		12513	Pave	NA	IR1	Lvl	AllPub	FR2	Gtl	NAmes	Feedr	Norm	1Fam	1.5Fin	4	4	1920	2007	Gable	CompShg	VinylSd	VinylSd	None	0	TA	Gd	BrkTil	TA	Fa	No	Unf	0	Unf	0	715	715	GasA	Gd	Y	SBrkr	1281	457	0	1738	0	0	2	0	4	1	TA	7	Typ	1	Gd	Attchd	1920	Unf	1	368	TA	TA	Y	55	0	0	0	0	0	NA	NA	NA	0	6	2009	WD 	Normal	104900
631	0535151040	020	RL	73	8760	Pave	NA	Reg	Lvl	AllPub	Inside	Gtl	NAmes	Norm	Norm	1Fam	1Story	5	7	1956	1956	Gable	CompShg	Wd Sdng	Wd Sdng	BrkFace	164	Gd	TA	CBlock	TA	TA	No	ALQ	856	Unf	0	313	1169	GasA	TA	Y	SBrkr	1144	0	0	1144	1	0	1	0	3	1	TA	6	Typ	0	NA	Attchd	1956	RFn	1	286	TA	TA	Y	257	0	0	0	0	0	NA	NA	NA	0	6	2009	WD 	Normal	150000
632	0535152230	020	RL	70	8400	Pave	NA	Reg	Lvl	AllPub	Inside	Gtl	NAmes	Norm	Norm	1Fam	1Story	6	3	1957	1957	Hip	CompShg	BrkFace	BrkFace	None	0	TA	TA	CBlock	TA	TA	No	ALQ	189	Rec	661	628	1478	GasA	Gd	Y	SBrkr	1478	0	0	1478	1	0	1	1	3	1	TA	6	Typ	2	Gd	Attchd	1957	RFn	2	442	TA	TA	Y	114	0	0	0	216	0	NA	NA	NA	0	6	2009	WD 	Normal	156500
633	0535154060	020	RL		12285	Pave	NA	IR1	Lvl	AllPub	Inside	Gtl	NAmes	Norm	Norm	1Fam	1Story	7	6	1960	1960	Gable	CompShg	Plywood	Plywood	BrkFace	128	TA	TA	CBlock	TA	TA	No	BLQ	544	Unf	0	785	1329	GasA	Gd	Y	SBrkr	1329	0	0	1329	0	0	1	1	3	1	TA	5	Typ	2	Gd	Attchd	1960	Unf	2	441	TA	TA	Y	0	0	203	0	0	0	NA	NA	NA	0	8	2009	WD 	Normal	176000
634	0535154130	020	RL	66	9240	Pave	NA	IR1	Lvl	AllPub	Inside	Gtl	NAmes	Norm	Norm	1Fam	1Story	6	8	1959	1998	Hip	CompShg	MetalSd	MetalSd	None	0	Gd	TA	CBlock	TA	TA	No	ALQ	708	Unf	0	280	988	GasA	TA	Y	SBrkr	988	0	0	988	1	0	2	0	3	1	Gd	6	Typ	0	NA	Attchd	1959	Unf	1	297	TA	TA	Y	156	0	0	0	0	0	NA	NA	NA	0	6	2009	WD 	Normal	149500
635	0535175030	020	RL	80	9600	Pave	NA	Reg	Lvl	AllPub	Inside	Gtl	NAmes	Feedr	Norm	1Fam	1Story	6	6	1958	1988	Hip	CompShg	Wd Sdng	Wd Sdng	BrkCmn	183	TA	TA	CBlock	TA	TA	No	Rec	620	LwQ	620	0	1240	GasA	Gd	Y	SBrkr	1632	0	0	1632	1	0	2	0	3	1	TA	6	Min1	1	Gd	Attchd	1958	RFn	1	338	TA	TA	Y	289	0	0	0	0	0	NA	MnPrv	NA	0	4	2009	WD 	Normal	139000
636	0535175050	020	RL	66	12400	Pave	NA	IR1	Lvl	AllPub	Inside	Gtl	NAmes	Feedr	Norm	1Fam	1Story	6	7	1958	1998	Hip	CompShg	Wd Sdng	Wd Sdng	BrkFace	176	TA	TA	CBlock	TA	Fa	No	Rec	585	Unf	0	630	1215	GasA	TA	Y	FuseA	1215	0	0	1215	0	0	1	0	3	1	TA	6	Typ	0	NA	Attchd	1958	Unf	1	297	TA	TA	Y	0	0	0	0	234	0	NA	NA	NA	0	6	2009	WD 	Normal	155000
637	0535178040	020	RL	70	8750	Pave	NA	Reg	Lvl	AllPub	Inside	Gtl	NAmes	Norm	Norm	1Fam	1Story	5	5	1956	1956	Gable	CompShg	BrkFace	BrkFace	None	0	TA	TA	CBlock	TA	TA	No	Rec	435	BLQ	202	565	1202	GasA	TA	Y	SBrkr	1202	0	0	1202	0	1	1	0	3	1	TA	6	Typ	0	NA	Attchd	1956	RFn	1	304	TA	TA	Y	0	35	120	0	0	0	NA	GdWo	NA	0	11	2009	COD	Abnorml	120000
638	0535178120	020	RL	70	8750	Pave	NA	Reg	Lvl	AllPub	Inside	Gtl	NAmes	Norm	Norm	1Fam	1Story	5	5	1955	1955	Gable	CompShg	AsbShng	AsbShng	None	0	TA	TA	CBlock	TA	TA	No	Rec	172	LwQ	483	727	1382	GasA	Gd	Y	FuseA	1382	0	0	1382	0	1	1	0	3	1	Gd	6	Typ	0	NA	Attchd	1955	Unf	1	350	TA	TA	Y	280	0	0	0	0	0	NA	GdWo	NA	0	7	2009	WD 	Normal	153000
639	0535179160	020	RL	80	10400	Pave	NA	Reg	Lvl	AllPub	Corner	Gtl	NAmes	Norm	Norm	1Fam	1Story	4	5	1956	1956	Gable	CompShg	Plywood	Plywood	None	0	TA	TA	CBlock	TA	TA	No	Rec	155	LwQ	750	295	1200	GasA	TA	Y	SBrkr	1200	0	0	1200	1	0	1	0	3	1	TA	6	Typ	2	Gd	Attchd	1956	Unf	1	294	TA	TA	Y	0	189	140	0	0	0	NA	NA	NA	0	11	2009	WD 	Family	144000
640	0535300120	080	RL	120	19296	Pave	NA	Reg	Lvl	AllPub	Corner	Gtl	NAmes	Artery	Norm	1Fam	SLvl	6	5	1962	1962	Gable	CompShg	Wd Sdng	Wd Sdng	BrkFace	399	TA	TA	CBlock	TA	TA	Gd	Rec	672	ALQ	690	0	1362	GasA	TA	Y	SBrkr	1382	0	0	1382	1	0	1	0	3	1	TA	6	Typ	1	TA	Attchd	1991	Unf	2	884	TA	TA	Y	0	0	252	0	0	0	NA	GdWo	NA	0	5	2009	WD 	Normal	176000
641	0535301170	020	RL	74	8532	Pave	NA	Reg	Lvl	AllPub	Inside	Gtl	NAmes	Norm	Norm	1Fam	1Story	5	6	1954	1990	Hip	CompShg	Wd Sdng	Wd Sdng	BrkFace	650	TA	TA	CBlock	TA	TA	No	Rec	1213	Unf	0	84	1297	GasA	Gd	Y	SBrkr	1297	0	0	1297	0	1	1	0	3	1	TA	5	Typ	1	TA	Attchd	1954	Fin	2	498	TA	TA	Y	0	0	0	0	0	0	NA	NA	NA	0	10	2009	WD 	Normal	153000
642	0535302120	090	RL	76	9482	Pave	NA	Reg	Lvl	AllPub	Inside	Gtl	NAmes	Norm	Norm	Duplex	1Story	5	4	1958	1958	Hip	CompShg	Wd Sdng	Wd Sdng	BrkFace	657	TA	TA	PConc	TA	TA	No	Unf	0	Unf	0	1866	1866	GasA	Ex	Y	SBrkr	1866	0	0	1866	0	0	2	0	4	2	TA	8	Typ	0	NA	Detchd	1958	Unf	2	495	TA	Fa	Y	0	0	0	0	0	0	NA	NA	NA	0	12	2009	WD 	Normal	135000
643	0535303110	020	RL	53	8128	Pave	NA	IR1	Lvl	AllPub	CulDSac	Gtl	NAmes	Norm	Norm	1Fam	1Story	6	7	1954	1954	Hip	CompShg	MetalSd	MetalSd	BrkFace	80	TA	TA	CBlock	TA	TA	No	ALQ	490	Unf	0	572	1062	GasA	Gd	Y	SBrkr	1062	0	0	1062	1	0	1	0	3	1	TA	6	Typ	0	NA	Attchd	1954	Unf	1	297	TA	TA	Y	0	0	0	0	0	0	NA	NA	NA	0	2	2009	WD 	Normal	131000
644	0535303150	020	RL	79	10634	Pave	NA	Reg	Lvl	AllPub	Inside	Gtl	NAmes	Norm	Norm	1Fam	1Story	5	6	1953	1953	Gable	CompShg	MetalSd	MetalSd	None	0	TA	TA	PConc	TA	TA	No	BLQ	428	LwQ	180	0	608	GasA	TA	Y	SBrkr	1319	0	0	1319	1	0	1	0	3	1	TA	5	Min2	0	NA	Attchd	1953	Unf	1	270	TA	TA	Y	66	0	0	0	0	0	NA	GdWo	NA	0	11	2009	WD 	Normal	123000
645	0535304100	020	RL	67	13070	Pave	NA	Reg	Lvl	AllPub	Corner	Gtl	NAmes	Norm	Norm	1Fam	1Story	5	5	1951	1951	Hip	CompShg	MetalSd	MetalSd	None	0	TA	TA	CBlock	TA	TA	No	Rec	308	Unf	0	323	631	GasA	TA	Y	FuseA	1112	0	0	1112	0	0	1	0	2	1	TA	5	Typ	0	NA	Basment	1951	Unf	2	480	TA	TA	Y	0	0	0	0	255	0	NA	NA	NA	0	10	2009	WD 	Normal	126000
646	0535325290	020	RL	60	10434	Pave	NA	Reg	Lvl	AllPub	Inside	Gtl	NAmes	Norm	Norm	1Fam	1Story	4	5	1955	1955	Gable	CompShg	Plywood	Plywood	None	0	TA	TA	CBlock	TA	TA	No	Unf	0	Unf	0	1005	1005	GasA	TA	Y	SBrkr	1005	0	0	1005	0	0	1	0	2	1	Fa	5	Typ	1	TA	Detchd	1977	Unf	2	672	Fa	Fa	Y	0	0	0	0	0	0	NA	NA	NA	0	11	2009	WD 	Normal	115000
647	0535351050	020	RL	75	14559	Pave	NA	Reg	Lvl	AllPub	Inside	Gtl	NAmes	Norm	Norm	1Fam	1Story	5	7	1951	2000	Hip	CompShg	Wd Sdng	Wd Sdng	BrkCmn	70	Gd	TA	CBlock	TA	TA	No	BLQ	650	Rec	180	178	1008	GasA	Ex	Y	SBrkr	1363	0	0	1363	1	0	1	0	2	1	TA	6	Min1	2	TA	CarPort	1951	Unf	1	288	TA	TA	Y	324	42	0	0	168	0	NA	NA	Shed	2000	6	2009	WD 	Normal	164900
648	0535352090	030	RL	80	8480	Pave	NA	Reg	Lvl	AllPub	Corner	Gtl	NAmes	Norm	Norm	1Fam	1Story	5	6	1945	1950	Gable	CompShg	MetalSd	MetalSd	None	0	TA	Gd	CBlock	TA	TA	No	BLQ	700	Unf	0	93	793	GasA	TA	Y	SBrkr	793	0	0	793	1	0	1	0	2	1	Fa	4	Typ	0	NA	Detchd	1945	Unf	1	240	TA	TA	Y	0	0	0	0	0	0	NA	NA	NA	0	8	2009	WD 	Normal	113000
649	0535353040	020	RL	60	7626	Pave	NA	Reg	Lvl	AllPub	Inside	Gtl	NAmes	Norm	Norm	1Fam	1Story	5	8	1952	2005	Hip	CompShg	Wd Sdng	Wd Sdng	None	0	Gd	TA	CBlock	TA	TA	No	GLQ	931	Unf	0	100	1031	GasA	Gd	Y	SBrkr	1031	0	0	1031	1	0	1	0	2	1	Gd	5	Typ	0	NA	Attchd	1952	Unf	1	230	TA	TA	Y	0	0	0	0	0	0	NA	MnPrv	NA	0	3	2009	WD 	Normal	145500
650	0535353060	020	RL	75	9533	Pave	NA	Reg	Lvl	AllPub	Inside	Gtl	NAmes	Norm	Norm	1Fam	1Story	5	5	1953	1953	Hip	CompShg	Wd Sdng	Wd Sdng	BrkFace	140	TA	TA	Slab	NA	NA	NA	NA	0	NA	0	0	0	GasA	TA	Y	FuseA	1210	0	0	1210	0	0	1	1	2	1	TA	7	Typ	0	NA	Attchd	1953	Fin	1	616	TA	TA	Y	208	0	100	0	0	0	NA	MnPrv	NA	0	8	2009	ConLD	Normal	102900
651	0535353140	190	RL	107	10615	Pave	NA	IR1	Bnk	AllPub	Corner	Mod	OldTown	Artery	Artery	2fmCon	2Story	3	5	1900	1970	Gable	CompShg	HdBoard	HdBoard	None	0	TA	TA	CBlock	Fa	TA	Mn	BLQ	440	Unf	0	538	978	GasA	TA	Y	SBrkr	1014	685	0	1699	1	0	2	0	3	2	TA	7	Typ	0	NA	CarPort	1920	Unf	2	420	Fa	Fa	Y	0	74	0	0	0	0	NA	NA	NA	0	8	2009	WD 	Abnorml	95000
652	0535353240	060	RL	78	11419	Pave	NA	Reg	Lvl	AllPub	Corner	Gtl	NAmes	Artery	Norm	1Fam	2Story	7	7	1948	1999	Gable	CompShg	WdShing	Wd Shng	None	0	TA	TA	CBlock	TA	TA	Mn	ALQ	699	Unf	0	0	699	GasA	Ex	Y	FuseA	801	726	0	1527	1	0	1	1	3	1	TA	6	Typ	1	Gd	Attchd	1948	Unf	2	410	TA	TA	Y	0	0	134	0	0	0	NA	GdWo	NA	0	12	2009	WD 	Normal	152500
653	0535354070	020	RL	60	9600	Pave	NA	Reg	Lvl	AllPub	Inside	Gtl	NAmes	Norm	Norm	1Fam	1Story	5	6	1950	1950	Gable	CompShg	Wd Sdng	Wd Sdng	None	0	TA	TA	CBlock	TA	TA	No	BLQ	390	Unf	0	810	1200	GasA	TA	Y	SBrkr	1200	0	0	1200	0	0	1	0	3	1	TA	6	Typ	0	NA	Attchd	1950	Fin	1	246	TA	TA	Y	126	0	0	0	0	0	NA	GdWo	NA	0	8	2009	WD 	Normal	129900
654	0535354100	020	RL	50	8000	Pave	NA	Reg	Lvl	AllPub	Inside	Gtl	NAmes	Norm	Norm	1Fam	1Story	6	6	1948	2002	Gable	CompShg	VinylSd	VinylSd	None	0	TA	Gd	CBlock	TA	TA	No	ALQ	680	Unf	0	292	972	GasA	Ex	Y	SBrkr	972	0	0	972	1	0	1	0	2	1	TA	5	Typ	1	Gd	Detchd	1948	Unf	1	240	TA	TA	Y	0	0	0	0	0	0	NA	NA	NA	0	5	2009	WD 	Normal	132000
655	0535375010	020	RL	53	5470	Pave	NA	Reg	Lvl	AllPub	Inside	Gtl	OldTown	Norm	Norm	1Fam	1Story	3	5	1958	1958	Gable	CompShg	MetalSd	MetalSd	None	0	TA	TA	CBlock	TA	TA	No	Unf	0	Unf	0	792	792	GasA	Gd	Y	FuseA	792	0	0	792	0	0	1	0	2	1	TA	4	Typ	0	NA	Attchd	1958	Unf	1	366	Fa	TA	Y	0	90	0	0	0	0	NA	NA	NA	0	8	2009	WD 	Normal	99900
656	0535375050	050	RL	60	10410	Pave	NA	Reg	Lvl	AllPub	Inside	Gtl	OldTown	Norm	Norm	1Fam	1.5Fin	5	7	1916	1987	Gable	CompShg	HdBoard	HdBoard	None	0	TA	TA	CBlock	Fa	TA	No	Unf	0	Unf	0	660	660	GasA	Ex	Y	SBrkr	808	704	144	1656	0	0	2	1	3	1	TA	8	Min2	0	NA	Detchd	1916	Unf	1	180	Fa	Fa	N	0	0	0	140	0	0	NA	MnPrv	NA	0	8	2009	WD 	Normal	135000
657	0535376060	060	RL	60	10800	Pave	NA	Reg	Lvl	AllPub	Inside	Gtl	OldTown	Norm	Norm	1Fam	2Story	5	7	1939	2006	Gable	CompShg	VinylSd	VinylSd	None	0	TA	Gd	BrkTil	TA	TA	No	Unf	0	Unf	0	676	676	GasA	Ex	Y	SBrkr	676	676	0	1352	0	1	2	0	4	1	Gd	7	Typ	0	NA	Detchd	1939	Unf	2	720	TA	TA	Y	187	0	128	0	0	0	NA	NA	NA	0	8	2009	WD 	Normal	149000
658	0535377150	070	RL	80	8146	Pave	NA	Reg	Lvl	AllPub	Corner	Gtl	OldTown	Norm	Norm	1Fam	2Story	4	8	1900	2003	Gable	CompShg	MetalSd	MetalSd	None	0	Gd	Gd	BrkTil	Fa	TA	No	Unf	0	Unf	0	405	405	GasA	Gd	Y	SBrkr	717	322	0	1039	0	0	1	0	2	1	TA	6	Typ	0	NA	Detchd	1940	Unf	1	281	TA	TA	N	0	0	168	0	111	0	NA	NA	NA	0	5	2009	WD 	Normal	114000
659	0535378020	030	RL	52	9022	Pave	NA	Reg	Lvl	AllPub	Inside	Gtl	OldTown	Norm	Norm	1Fam	1Story	5	8	1924	2006	Gable	CompShg	VinylSd	VinylSd	None	0	Gd	TA	BrkTil	TA	TA	No	Unf	0	Unf	0	768	768	GasA	Ex	Y	SBrkr	792	0	0	792	0	0	1	0	2	1	Gd	5	Typ	0	NA	Detchd	1924	Unf	1	240	Fa	Fa	N	316	0	120	0	0	0	NA	NA	NA	0	5	2009	WD 	Normal	109500
660	0535378120	030	RL	60	10230	Pave	Grvl	Reg	Lvl	AllPub	Inside	Gtl	OldTown	Norm	Norm	1Fam	1Story	5	7	1925	1950	Gable	CompShg	MetalSd	MetalSd	None	0	TA	TA	BrkTil	TA	TA	No	Unf	0	Unf	0	1054	1054	GasA	Ex	Y	SBrkr	1078	0	0	1078	0	0	1	0	3	1	Ex	6	Typ	0	NA	Detchd	1987	Unf	1	264	TA	TA	N	0	0	0	0	112	0	NA	GdWo	NA	0	12	2009	WD 	Normal	125000
661	0535381040	050	RL	60	10410	Pave	Grvl	Reg	Lvl	AllPub	Inside	Gtl	OldTown	Norm	Norm	1Fam	1.5Fin	4	5	1915	1950	Gable	CompShg	MetalSd	MetalSd	None	0	TA	TA	BrkTil	TA	TA	No	Unf	0	Unf	0	1313	1313	GasA	TA	Y	SBrkr	1313	0	1064	2377	0	0	2	0	3	1	Gd	8	Min2	1	TA	Detchd	1954	Unf	2	528	TA	TA	Y	0	0	432	0	0	0	NA	NA	NA	0	6	2009	WD 	Normal	142900
662	0535382100	070	RL	60	7200	Pave	NA	Reg	Lvl	AllPub	Corner	Gtl	OldTown	Artery	Norm	1Fam	2Story	7	9	1910	2008	Gable	CompShg	VinylSd	VinylSd	None	0	Gd	Gd	PConc	TA	TA	No	Unf	0	Unf	0	560	560	GasA	Ex	Y	SBrkr	930	760	0	1690	0	0	2	0	4	1	Gd	5	Typ	0	NA	Detchd	2008	Unf	2	624	TA	TA	Y	0	0	112	0	0	0	NA	NA	NA	0	8	2009	WD 	Normal	156500
663	0535383060	030	RL	90	5400	Pave	NA	Reg	Lvl	AllPub	Inside	Gtl	OldTown	Artery	Norm	1Fam	1Story	2	5	1940	1950	Gable	CompShg	Stucco	Stucco	None	0	Fa	TA	PConc	Fa	TA	No	Unf	0	Unf	0	416	416	GasA	Gd	N	FuseA	599	0	0	599	1	0	1	0	2	1	Gd	4	Typ	0	NA	NA		NA	0	0	NA	NA	N	0	81	0	0	0	0	NA	NA	NA	0	6	2009	WD 	Normal	59000
664	0535383070	050	RL	90	5400	Pave	NA	Reg	Lvl	AllPub	Corner	Gtl	OldTown	Artery	Norm	1Fam	1.5Fin	4	6	1920	1950	Gable	CompShg	CBlock	CBlock	None	0	Fa	TA	PConc	TA	TA	No	ALQ	315	Rec	105	420	840	GasA	Ex	Y	SBrkr	840	534	0	1374	0	0	1	0	2	1	TA	6	Typ	0	NA	Detchd	1967	Fin	1	338	TA	TA	Y	0	0	198	0	0	0	NA	NA	NA	0	10	2009	WD 	Normal	105000
665	0535383110	030	RL	60	10800	Pave	Grvl	Reg	Lvl	AllPub	Inside	Gtl	OldTown	Norm	Norm	1Fam	1Story	5	7	1920	1950	Gable	CompShg	Wd Sdng	Wd Sdng	None	0	TA	TA	BrkTil	TA	TA	No	Unf	0	Unf	0	720	720	GasA	TA	N	SBrkr	846	0	0	846	0	0	1	0	2	1	Gd	4	Typ	0	NA	Detchd	1980	Fin	2	576	TA	TA	N	0	0	0	0	0	0	NA	NA	NA	0	6	2009	WD 	Normal	106000
666	0535383120	030	RL	60	10800	Pave	Grvl	Reg	Lvl	AllPub	Corner	Gtl	OldTown	Norm	Norm	1Fam	1Story	3	5	1890	1998	Gable	CompShg	VinylSd	VinylSd	None	0	TA	TA	BrkTil	TA	TA	No	Unf	0	Unf	0	630	630	GasA	TA	Y	FuseA	725	0	0	725	0	0	1	1	1	1	TA	4	Typ	0	NA	Detchd	1959	Unf	1	320	TA	TA	Y	0	30	0	0	0	0	NA	NA	NA	0	11	2009	WD 	Normal	78500
667	0535402010	090	RL	81	9671	Pave	NA	Reg	Lvl	AllPub	Corner	Gtl	NAmes	Artery	Norm	Duplex	2Story	6	5	1969	1969	Gable	CompShg	MetalSd	MetalSd	Stone	480	TA	TA	CBlock	TA	TA	No	Unf	0	Unf	0	1248	1248	GasA	TA	Y	SBrkr	1248	1296	0	2544	0	0	2	2	6	2	TA	12	Typ	0	NA	Attchd	1969	RFn	3	907	TA	TA	Y	0	0	0	0	0	0	NA	NA	NA	0	8	2009	WD 	Normal	190000
668	0535402090	020	RL	83	10143	Pave	NA	Reg	Lvl	AllPub	Inside	Gtl	NAmes	Norm	Norm	1Fam	1Story	6	7	1963	1963	Gable	CompShg	HdBoard	HdBoard	BrkFace	295	TA	TA	CBlock	TA	TA	No	Rec	384	Unf	0	996	1380	GasA	Fa	Y	SBrkr	1380	0	0	1380	0	0	1	1	3	1	TA	6	Typ	0	NA	Attchd	1963	Unf	1	364	TA	TA	Y	0	0	0	0	216	0	NA	GdWo	NA	0	6	2009	WD 	Normal	154000
669	0535402270	020	RL	77	11500	Pave	NA	IR1	Lvl	AllPub	Inside	Gtl	NAmes	Norm	Norm	1Fam	1Story	6	4	1967	1967	Gable	CompShg	HdBoard	HdBoard	None	0	Fa	TA	CBlock	TA	Fa	No	BLQ	872	Rec	60	108	1040	GasA	Gd	Y	SBrkr	1040	0	0	1040	1	0	1	0	3	1	TA	6	Min1	1	Po	Attchd	1967	RFn	2	480	TA	TA	Y	0	0	156	0	0	0	NA	MnPrv	NA	0	5	2009	WD 	Normal	163000
670	0535402330	090	RL	91	11643	Pave	NA	Reg	Lvl	AllPub	Inside	Gtl	NAmes	Artery	Norm	Duplex	2Story	5	5	1969	1969	Gable	CompShg	MetalSd	MetalSd	BrkFace	368	TA	TA	CBlock	TA	TA	No	LwQ	500	Unf	0	748	1248	GasA	TA	Y	SBrkr	1338	1296	0	2634	1	1	2	2	6	2	TA	12	Typ	0	NA	Detchd	1969	Unf	4	968	TA	TA	Y	0	0	0	0	0	0	NA	NA	NA	0	8	2009	WD 	Normal	200000
671	0535403190	020	RL	62	8010	Pave	NA	Reg	Lvl	AllPub	Inside	Gtl	NAmes	Norm	Norm	1Fam	1Story	6	9	1958	2007	Hip	CompShg	Wd Sdng	Wd Sdng	None	0	Gd	Gd	CBlock	TA	TA	Mn	GLQ	745	Unf	0	206	951	GasA	Gd	Y	SBrkr	951	0	0	951	1	0	1	0	2	1	Gd	6	Typ	0	NA	Detchd	1985	Unf	2	480	TA	TA	Y	0	0	42	0	0	0	NA	NA	Shed	450	9	2009	WD 	Normal	143500
672	0535403210	020	RL	90	10454	Pave	NA	IR1	Lvl	AllPub	Corner	Gtl	NAmes	Norm	Norm	1Fam	1Story	6	6	1957	1957	Hip	CompShg	Plywood	Plywood	Stone	143	TA	TA	CBlock	TA	TA	No	Rec	546	Unf	0	559	1105	GasA	Gd	Y	FuseA	1105	0	0	1105	0	0	1	0	3	1	TA	5	Typ	0	NA	Detchd	1957	Unf	1	308	TA	TA	Y	0	0	0	0	0	0	NA	NA	NA	0	4	2009	WD 	Normal	135000
673	0535403280	020	RL	64	8712	Pave	NA	IR1	Lvl	AllPub	Inside	Gtl	NAmes	Norm	Norm	1Fam	1Story	5	7	1957	2000	Hip	CompShg	MetalSd	MetalSd	None	0	TA	Gd	CBlock	TA	TA	Mn	BLQ	860	Unf	0	132	992	GasA	TA	Y	SBrkr	1306	0	0	1306	1	0	1	0	2	1	TA	5	Typ	0	NA	Detchd	1968	Unf	1	756	TA	TA	Y	0	0	0	0	0	0	NA	NA	NA	0	5	2009	WD 	Normal	153000
674	0535425070	020	RL		17600	Pave	NA	IR1	Lvl	AllPub	Inside	Gtl	NAmes	Norm	Norm	1Fam	1Story	6	5	1960	1960	Gable	CompShg	Wd Sdng	Wd Sdng	BrkFace	30	TA	TA	CBlock	TA	TA	No	BLQ	1270	Unf	0	208	1478	GasA	Ex	Y	FuseA	1478	0	0	1478	1	0	2	0	3	1	TA	6	Typ	2	Gd	Attchd	1960	Unf	2	498	TA	TA	Y	0	40	0	0	0	0	NA	NA	NA	0	12	2009	WD 	Normal	157500
675	0535426150	020	RL	80	9000	Pave	NA	IR1	HLS	AllPub	Inside	Mod	NAmes	Norm	Norm	1Fam	1Story	6	6	1958	1958	Flat	Tar&Grv	Wd Sdng	Wd Sdng	BrkFace	82	TA	TA	CBlock	Gd	TA	Gd	Unf	0	Unf	0	160	160	GasA	Fa	Y	SBrkr	1142	0	0	1142	0	0	1	0	2	1	TA	5	Typ	1	Gd	Basment	1958	RFn	1	384	TA	TA	Y	0	28	64	0	0	0	NA	NA	NA	0	4	2009	WD 	Normal	113500
676	0535450070	040	RL	60	12144	Pave	NA	Reg	Lvl	AllPub	Inside	Gtl	NAmes	Norm	Norm	1Fam	1Story	5	7	1949	1950	Gable	CompShg	HdBoard	HdBoard	None	0	Gd	TA	CBlock	TA	TA	No	Rec	375	Unf	0	457	832	GasA	Gd	Y	SBrkr	1036	0	232	1268	0	0	1	0	3	1	TA	6	Typ	1	Gd	Attchd	1949	Unf	1	288	TA	TA	Y	0	28	0	0	0	0	NA	NA	Othr	0	9	2009	WD 	Normal	133000
677	0535450160	090	RL	60	8544	Pave	NA	Reg	Lvl	AllPub	Corner	Gtl	NAmes	Norm	Norm	Duplex	1Story	3	4	1950	1950	Gable	CompShg	BrkFace	BrkFace	None	0	TA	TA	Slab	NA	NA	NA	NA	0	NA	0	0	0	Wall	Fa	N	FuseA	1040	0	0	1040	0	0	2	0	2	2	TA	6	Typ	0	NA	Detchd	1987	Unf	2	400	TA	TA	Y	0	0	0	0	0	0	NA	NA	NA	0	6	2009	WD 	Normal	92900
678	0535450200	050	RL	60	8064	Pave	NA	Reg	Lvl	AllPub	Inside	Gtl	NAmes	Artery	Norm	1Fam	1.5Fin	6	5	1950	1950	Gable	CompShg	Wd Sdng	Wd Sdng	None	0	TA	TA	CBlock	TA	TA	Av	Rec	621	Unf	0	174	795	GasA	Gd	N	SBrkr	765	368	0	1133	0	0	1	0	3	1	TA	5	Typ	0	NA	Detchd	1989	Unf	2	900	TA	TA	Y	0	0	0	0	231	0	NA	NA	NA	0	12	2009	COD	Abnorml	128500
679	0535451170	090	RL	60	7200	Pave	NA	Reg	Lvl	AllPub	Inside	Gtl	NAmes	Norm	Norm	Duplex	1Story	4	5	1949	1950	Gable	CompShg	BrkFace	Stone	None	0	TA	TA	Slab	NA	NA	NA	NA	0	NA	0	0	0	Wall	Fa	N	FuseF	1040	0	0	1040	0	0	2	0	2	2	TA	6	Typ	0	NA	Detchd	1956	Unf	2	420	TA	TA	Y	0	0	0	0	0	0	NA	NA	NA	0	6	2009	WD 	Normal	90000
680	0535451250	050	RL	60	7200	Pave	NA	Reg	Lvl	AllPub	Inside	Gtl	NAmes	Norm	Norm	1Fam	1.5Fin	5	4	1950	1982	Gable	CompShg	VinylSd	Wd Sdng	None	0	TA	TA	CBlock	TA	TA	No	Rec	180	BLQ	352	676	1208	GasA	Gd	Y	FuseA	1136	768	0	1904	1	0	1	1	3	1	TA	7	Min1	0	NA	Attchd	1950	Unf	1	240	TA	TA	Y	0	0	168	0	0	0	NA	GdPrv	NA	0	5	2009	WD 	Normal	138000
681	0535452090	020	RL	71	7350	Pave	NA	Reg	Lvl	AllPub	Inside	Gtl	NAmes	Norm	Norm	1Fam	1Story	5	6	1958	1958	Hip	CompShg	BrkFace	BrkFace	None	0	TA	TA	CBlock	TA	TA	No	Unf	0	Unf	0	1041	1041	GasA	Gd	Y	SBrkr	1041	0	0	1041	0	0	1	0	3	1	TA	6	Typ	0	NA	Attchd	1958	RFn	1	294	TA	TA	Y	0	0	0	0	0	0	NA	GdWo	NA	0	3	2009	WD 	Normal	128000
682	0535452100	020	RL	70	7560	Pave	NA	Reg	Lvl	AllPub	Inside	Gtl	NAmes	Norm	Norm	1Fam	1Story	5	6	1958	1965	Hip	CompShg	BrkFace	Plywood	None	0	TA	TA	CBlock	TA	TA	No	LwQ	504	Unf	0	525	1029	GasA	TA	Y	SBrkr	1339	0	0	1339	0	0	1	0	3	1	TA	6	Min1	0	NA	Attchd	1958	Unf	1	294	TA	TA	Y	0	0	0	0	0	0	NA	MnPrv	NA	0	5	2009	COD	Abnorml	139000
683	0535452140	020	RL	60	7200	Pave	NA	Reg	Lvl	AllPub	Corner	Gtl	NAmes	Norm	Norm	1Fam	1Story	5	7	1952	1952	Gable	CompShg	MetalSd	MetalSd	None	0	TA	Gd	CBlock	TA	Gd	No	ALQ	630	BLQ	102	0	732	GasA	TA	Y	SBrkr	732	0	0	732	1	0	1	0	2	1	TA	4	Typ	0	NA	Detchd	1952	Unf	1	240	TA	TA	Y	0	68	0	0	0	0	NA	NA	NA	0	9	2009	WD 	Normal	118900
684	0535453100	080	RL	80	8000	Pave	NA	Reg	Lvl	AllPub	Inside	Gtl	NAmes	Norm	Norm	1Fam	SLvl	5	5	1959	1959	Gable	CompShg	BrkFace	Plywood	None	0	TA	TA	CBlock	Gd	TA	Av	GLQ	433	Rec	95	0	528	GasA	TA	Y	SBrkr	1183	0	0	1183	1	0	1	0	3	1	TA	6	Typ	0	NA	Attchd	1959	RFn	1	288	TA	TA	Y	0	0	0	0	0	0	NA	GdWo	NA	0	7	2009	WD 	Normal	138000
685	0535453200	020	RL	70	7931	Pave	NA	Reg	Lvl	AllPub	Inside	Gtl	NAmes	Norm	Norm	1Fam	1Story	5	5	1959	1959	Hip	CompShg	BrkFace	Plywood	None	0	TA	TA	CBlock	TA	TA	No	BLQ	1148	Unf	0	0	1148	GasA	TA	Y	SBrkr	1148	0	0	1148	1	0	1	0	3	1	TA	6	Typ	0	NA	Attchd	1959	Unf	1	672	TA	TA	Y	0	0	0	0	0	0	NA	GdPrv	NA	0	7	2009	WD 	Normal	132500
686	0535454100	050	RL	60	10800	Pave	NA	Reg	Lvl	AllPub	Inside	Gtl	NAmes	Artery	Norm	1Fam	1.5Fin	4	7	1949	1996	Gable	CompShg	MetalSd	MetalSd	None	0	TA	TA	CBlock	TA	TA	No	Unf	0	Unf	0	832	832	GasA	TA	Y	FuseF	832	629	0	1461	0	0	2	0	4	1	TA	6	Typ	0	NA	Detchd	1949	Unf	1	384	TA	TA	Y	0	204	0	0	0	0	NA	NA	NA	0	8	2009	WD 	Normal	133500
687	0535454160	050	RL	60	8064	Pave	NA	Reg	Lvl	AllPub	Corner	Gtl	NAmes	Artery	Norm	1Fam	1.5Fin	6	7	1948	1994	Gable	CompShg	MetalSd	MetalSd	None	0	TA	TA	CBlock	TA	TA	No	LwQ	120	Unf	0	744	864	GasA	TA	Y	SBrkr	1064	0	431	1495	0	0	1	0	3	1	TA	6	Typ	0	NA	Detchd	1994	Unf	2	576	TA	TA	Y	180	36	0	0	0	0	NA	NA	NA	0	8	2009	COD	Abnorml	135000
688	0535475010	060	RL	76	7570	Pave	NA	Reg	Lvl	AllPub	Corner	Gtl	NAmes	Norm	Norm	1Fam	2Story	6	5	1964	1964	Gable	CompShg	HdBoard	HdBoard	BrkFace	420	TA	TA	CBlock	TA	TA	No	Unf	0	Unf	0	780	780	GasA	TA	Y	SBrkr	993	813	0	1806	0	0	1	1	4	1	TA	8	Typ	0	NA	Attchd	1964	Unf	2	483	TA	TA	Y	0	55	0	0	0	0	NA	NA	NA	0	3	2009	WD 	Normal	144750
689	0535476110	090	RL	75	8604	Pave	NA	IR1	Lvl	AllPub	Inside	Gtl	NAmes	Norm	Norm	Duplex	SFoyer	5	7	1978	1978	Gable	CompShg	Plywood	Plywood	BrkFace	124	TA	Gd	CBlock	Gd	TA	Av	GLQ	941	Unf	0	0	941	GasA	Gd	Y	SBrkr	941	0	0	941	1	0	1	0	2	1	Gd	4	Typ	0	NA	Attchd	1978	Unf	2	564	TA	TA	Y	0	40	0	0	0	0	NA	NA	NA	0	11	2009	WD 	Normal	145000
690	0535476240	020	RL	80	7936	Pave	NA	Reg	Lvl	AllPub	Inside	Gtl	NAmes	Norm	Norm	1Fam	1Story	6	6	1963	1963	Hip	CompShg	HdBoard	HdBoard	None	0	TA	TA	CBlock	TA	TA	No	BLQ	826	Unf	0	219	1045	GasA	TA	Y	SBrkr	1045	0	0	1045	1	0	1	0	3	1	TA	6	Typ	1	Fa	Attchd	1963	RFn	1	264	TA	TA	Y	0	0	0	0	0	0	NA	NA	NA	0	4	2009	WD 	Normal	127000
691	0535477150	020	RL	60	6600	Pave	NA	Reg	Lvl	AllPub	Inside	Gtl	NAmes	PosN	Norm	1Fam	1Story	5	5	1962	1962	Hip	CompShg	MetalSd	MetalSd	None	0	TA	TA	CBlock	TA	TA	No	Unf	0	Unf	0	894	894	GasA	Gd	N	SBrkr	894	0	0	894	0	0	1	0	2	1	TA	5	Typ	0	NA	Detchd	1962	Unf	1	308	TA	TA	Y	0	0	0	0	0	0	NA	NA	NA	0	8	2009	WD 	Normal	109500
692	0902101010	050	RM		3950	Pave	Grvl	Reg	Bnk	AllPub	Inside	Gtl	OldTown	Artery	Norm	1Fam	1.5Fin	6	8	1926	2004	Gable	CompShg	MetalSd	MetalSd	None	0	TA	TA	CBlock	TA	TA	No	Rec	468	Unf	0	350	818	GasA	TA	Y	SBrkr	818	406	0	1224	0	0	1	0	3	1	TA	5	Typ	0	NA	Detchd	1926	Unf	1	210	TA	TA	N	0	0	116	0	0	0	NA	NA	NA	0	12	2009	WD 	Normal	115000
693	0902102080	050	RM	60	10440	Pave	Grvl	Reg	Lvl	AllPub	Corner	Gtl	OldTown	Norm	Norm	1Fam	2Story	5	6	1910	1981	Gable	CompShg	Wd Sdng	Wd Sdng	None	0	TA	TA	PConc	TA	TA	No	Unf	0	Unf	0	440	440	GasA	Gd	Y	SBrkr	682	548	0	1230	0	0	1	1	2	1	TA	5	Typ	0	NA	Detchd	1966	Unf	2	440	TA	TA	Y	74	0	128	0	0	0	NA	MnPrv	NA	0	5	2009	WD 	Normal	110000
694	0902103100	050	RM	68	4080	Pave	Grvl	Reg	Lvl	AllPub	Inside	Gtl	OldTown	Norm	Norm	1Fam	1.5Fin	6	8	1935	1998	Gable	CompShg	Wd Sdng	Wd Sdng	None	0	TA	TA	PConc	TA	TA	No	Unf	0	Unf	0	901	901	GasA	Gd	Y	SBrkr	861	517	0	1378	0	0	1	0	3	1	Gd	6	Typ	0	NA	Detchd	1920	Unf	1	162	Fa	Fa	P	54	0	40	0	0	0	NA	NA	NA	0	6	2009	WD 	Normal	128900
695	0902103120	090	RM	57	10307	Pave	Grvl	Reg	Lvl	AllPub	Inside	Gtl	OldTown	Norm	Norm	Duplex	2Story	6	5	1910	1950	Gable	CompShg	Wd Sdng	Wd Sdng	None	0	TA	TA	CBlock	TA	TA	Mn	LwQ	633	Unf	0	339	972	GasA	Gd	N	FuseA	972	972	0	1944	1	0	2	0	4	2	TA	12	Typ	0	NA	Detchd	1920	Unf	2	324	Fa	TA	N	0	28	169	0	0	0	NA	NA	NA	0	6	2009	WD 	Normal	103500
696	0902103170	050	RM	52	5720	Pave	NA	Reg	Lvl	AllPub	Inside	Gtl	OldTown	Artery	Norm	1Fam	1.5Fin	5	6	1941	1950	Gable	CompShg	Wd Sdng	Wd Sdng	None	0	TA	TA	CBlock	TA	TA	No	Unf	0	Unf	0	676	676	GasA	Ex	Y	SBrkr	676	455	0	1131	0	0	1	1	3	1	TA	5	Typ	0	NA	Detchd	1941	Unf	1	200	TA	TA	Y	26	0	0	0	0	0	NA	NA	NA	0	8	2009	WD 	Abnorml	66500
697	0902105050	050	RM	90	15660	Pave	NA	Reg	Lvl	AllPub	Inside	Gtl	OldTown	Norm	Norm	1Fam	1.5Fin	5	8	1910	2003	Gable	CompShg	VinylSd	VinylSd	None	0	TA	Gd	CBlock	TA	TA	No	Unf	0	Unf	0	240	240	GasA	TA	Y	SBrkr	810	496	0	1306	0	0	1	1	3	1	Gd	6	Typ	0	NA	Detchd	1959	Unf	2	472	Fa	TA	N	0	0	0	0	0	0	NA	MnPrv	NA	0	7	2009	WD 	Normal	130000
698	0902105060	070	RM	90	9900	Pave	NA	Reg	Lvl	AllPub	Corner	Gtl	OldTown	Norm	Norm	1Fam	2Story	5	8	1910	2002	Gable	CompShg	VinylSd	VinylSd	None	0	Gd	TA	CBlock	TA	TA	No	Unf	0	Unf	0	504	504	GasA	Ex	Y	SBrkr	764	700	0	1464	0	0	2	0	3	1	TA	7	Typ	0	NA	NA		NA	0	0	NA	NA	N	0	0	176	0	0	0	NA	NA	NA	0	3	2009	WD 	Normal	129000
699	0902106010	070	RM	57	6406	Pave	Grvl	Reg	Lvl	AllPub	Inside	Gtl	OldTown	Norm	Norm	1Fam	2Story	5	6	1939	1950	Gable	CompShg	Wd Sdng	Wd Sdng	None	0	TA	TA	BrkTil	TA	TA	No	ALQ	421	Unf	0	269	690	GasA	TA	Y	FuseA	868	690	0	1558	0	0	1	1	3	1	TA	7	Typ	1	Gd	Detchd	1939	Unf	2	400	TA	TA	Y	0	36	0	0	182	0	NA	MnPrv	NA	0	10	2009	WD 	Normal	150000
700	0902106060	070	RM	60	6600	Pave	NA	Reg	Lvl	AllPub	Corner	Gtl	OldTown	Norm	Norm	1Fam	2Story	5	4	1892	1965	Gable	CompShg	Wd Sdng	Wd Sdng	None	0	TA	TA	Stone	TA	TA	No	Unf	0	Unf	0	994	994	GasA	TA	N	SBrkr	1378	994	0	2372	0	0	2	0	4	2	TA	11	Min2	0	NA	Attchd	1985	RFn	1	432	TA	TA	Y	0	287	0	0	0	0	NA	NA	NA	0	12	2009	WD 	Normal	107500
701	0902109130	190	RM	63	7627	Pave	NA	Reg	Lvl	AllPub	Corner	Gtl	OldTown	Artery	Norm	2fmCon	2Story	4	6	1920	1950	Gable	CompShg	AsbShng	AsbShng	None	0	Fa	TA	BrkTil	Fa	Po	No	Unf	0	Unf	0	600	600	GasA	Gd	N	SBrkr	1101	600	0	1701	0	0	2	0	4	2	Fa	8	Typ	0	NA	NA		NA	0	0	NA	NA	N	0	0	148	0	0	0	NA	NA	NA	0	10	2009	WD 	Normal	94550
702	0902109140	090	RM	60	7596	Pave	Grvl	Reg	Lvl	AllPub	Inside	Gtl	OldTown	Artery	Norm	Duplex	2Story	5	5	1952	1952	Hip	CompShg	Wd Sdng	Wd Sdng	BrkFace	360	TA	TA	CBlock	TA	TA	No	Unf	0	Unf	0	960	960	GasA	Gd	Y	SBrkr	960	1000	0	1960	0	0	2	0	4	2	TA	10	Typ	0	NA	Detchd	1952	Unf	2	400	TA	TA	N	0	0	0	0	0	0	NA	NA	NA	0	7	2009	COD	Normal	124500
703	0902110080	060	RM	60	3378	Pave	Grvl	Reg	HLS	AllPub	Inside	Gtl	OldTown	Norm	Norm	1Fam	2Story	7	8	1946	1992	Gable	CompShg	HdBoard	HdBoard	None	0	TA	Gd	CBlock	TA	TA	No	Unf	0	Unf	0	651	651	GasA	Gd	Y	SBrkr	707	682	0	1389	0	0	1	1	3	1	TA	6	Typ	2	Gd	Detchd	1947	Unf	1	240	TA	TA	P	0	0	126	0	0	0	NA	NA	NA	0	9	2009	WD 	Normal	135000
704	0902134120	050	RM	56	10134	Pave	Grvl	Reg	Lvl	AllPub	Inside	Gtl	OldTown	Norm	Norm	1Fam	1.5Fin	5	5	1910	1950	Gable	CompShg	MetalSd	MetalSd	None	0	TA	TA	BrkTil	Fa	TA	No	Unf	0	Unf	0	801	801	GasA	Gd	N	SBrkr	801	646	0	1447	0	0	1	0	3	1	TA	6	Typ	0	NA	NA		NA	0	0	NA	NA	N	80	0	244	0	0	0	NA	NA	NA	0	7	2009	WD 	Normal	103000
705	0902135020	020	RM	60	6000	Pave	Pave	Reg	Bnk	AllPub	Inside	Mod	OldTown	Norm	Norm	2fmCon	1Story	4	4	1953	1953	Gable	CompShg	MetalSd	MetalSd	None	0	Fa	TA	CBlock	Fa	TA	No	Unf	0	Unf	0	936	936	GasA	TA	N	SBrkr	936	0	0	936	0	0	1	0	2	1	TA	4	Min2	0	NA	Detchd	1974	Unf	2	576	TA	TA	Y	0	32	112	0	0	0	NA	NA	NA	0	2	2009	WD 	Normal	93000
706	0902201110	050	RM	50	6000	Pave	NA	Reg	Lvl	AllPub	Inside	Gtl	OldTown	Norm	Norm	1Fam	1.5Fin	5	7	1950	1970	Gable	CompShg	Wd Sdng	Wd Sdng	None	0	TA	Ex	CBlock	TA	TA	No	BLQ	384	Unf	0	384	768	GasA	TA	Y	FuseA	768	560	0	1328	0	0	1	1	3	1	TA	6	Typ	0	NA	Detchd	1950	Unf	1	308	TA	TA	Y	0	12	0	0	0	0	NA	MnPrv	NA	0	3	2009	WD 	Normal	129500
707	0902202150	190	RM	50	6000	Pave	NA	Reg	Lvl	AllPub	Inside	Gtl	OldTown	Norm	Norm	2fmCon	1.5Fin	5	4	1954	1954	Gable	CompShg	Wd Sdng	Wd Sdng	None	0	TA	TA	CBlock	TA	TA	No	Unf	0	Unf	0	811	811	GasA	TA	Y	FuseA	811	576	0	1387	0	0	2	0	3	2	Gd	7	Typ	0	NA	BuiltIn	1954	Unf	1	256	TA	TA	Y	0	0	0	0	0	0	NA	NA	NA	0	11	2009	WD 	Normal	93000
708	0902204080	030	RM	62	7404	Pave	NA	Reg	Lvl	AllPub	Corner	Gtl	OldTown	Norm	Norm	1Fam	1Story	4	6	1920	1950	Gable	CompShg	MetalSd	MetalSd	None	0	TA	TA	BrkTil	Fa	TA	No	Unf	0	Unf	0	861	861	GasA	TA	Y	SBrkr	861	0	0	861	0	0	1	0	2	1	TA	5	Typ	0	NA	Detchd	1920	Unf	2	288	TA	TA	N	0	0	128	0	0	0	NA	NA	NA	0	11	2009	Oth	Normal	80000
709	0902205010	030	RM	50	5925	Pave	NA	Reg	Lvl	AllPub	Corner	Gtl	OldTown	Norm	Norm	1Fam	1Story	2	4	1940	1950	Gable	CompShg	MetalSd	MetalSd	None	0	TA	Gd	BrkTil	NA	NA	NA	NA	0	NA	0	0	0	GasA	Fa	N	FuseA	612	0	0	612	0	0	1	0	1	1	TA	4	Typ	0	NA	Detchd	1965	Unf	1	308	TA	Fa	N	0	0	25	0	0	0	NA	NA	NA	0	10	2009	WD 	Normal	45000
710	0902205030	050	RM	50	5925	Pave	NA	Reg	Lvl	AllPub	Inside	Gtl	OldTown	Norm	Norm	1Fam	1.5Fin	3	6	1910	1950	Gable	CompShg	VinylSd	VinylSd	None	0	TA	TA	BrkTil	TA	TA	No	Unf	0	Unf	0	600	600	Grav	Fa	N	SBrkr	600	368	0	968	0	0	1	0	2	1	TA	6	Typ	0	NA	NA		NA	0	0	NA	NA	Y	0	0	0	0	0	0	NA	GdWo	NA	0	5	2009	WD 	Abnorml	37900
711	0902206260	030	RM	50	5784	Pave	NA	Reg	Lvl	AllPub	Inside	Gtl	OldTown	Artery	Norm	1Fam	1Story	5	8	1938	1996	Gable	CompShg	MetalSd	MetalSd	None	0	TA	TA	BrkTil	Fa	TA	No	Unf	0	Unf	0	190	190	GasA	Gd	Y	FuseA	886	0	0	886	0	0	1	0	2	1	TA	4	Typ	0	NA	Attchd	1938	Unf	1	273	TA	TA	Y	144	20	80	0	0	0	NA	NA	NA	0	12	2009	WD 	Normal	91300
712	0902207170	030	RM	60	8520	Pave	NA	Reg	Lvl	AllPub	Inside	Gtl	OldTown	Norm	Norm	1Fam	1Story	5	8	1923	1950	Gable	CompShg	Stucco	Stucco	None	0	Gd	TA	PConc	Fa	TA	No	Unf	0	Unf	0	624	624	GasA	TA	Y	SBrkr	792	0	0	792	0	0	1	0	2	1	TA	5	Typ	0	NA	Detchd	1963	Unf	1	287	TA	TA	Y	0	0	81	0	0	0	NA	GdWo	NA	0	2	2009	WD 	Normal	99500
713	0902300090	190	RM	33	4456	Pave	NA	Reg	Lvl	AllPub	Inside	Gtl	OldTown	Norm	Norm	2fmCon	2Story	4	5	1920	2008	Gable	CompShg	MetalSd	MetalSd	None	0	TA	TA	BrkTil	TA	TA	No	Unf	0	Unf	0	736	736	GasA	Gd	Y	SBrkr	736	716	0	1452	0	0	2	0	2	3	TA	8	Typ	0	NA	NA		NA	0	0	NA	NA	N	0	0	102	0	0	0	NA	NA	NA	0	6	2009	New	Partial	113000
714	0902301060	070	RM	60	9600	Pave	NA	Reg	Lvl	AllPub	Inside	Gtl	OldTown	Norm	Norm	1Fam	2Story	4	4	1910	1950	Gable	CompShg	VinylSd	VinylSd	None	0	Gd	Gd	BrkTil	Fa	TA	No	Unf	0	Unf	0	677	677	GasA	TA	Y	SBrkr	833	677	0	1510	0	0	2	0	3	1	Gd	7	Typ	0	NA	Detchd	1974	Unf	2	720	TA	TA	N	0	0	160	0	0	0	NA	NA	NA	0	6	2009	WD 	Normal	87500
715	0902301080	050	RM	50	3500	Pave	Grvl	Reg	Lvl	AllPub	Inside	Gtl	OldTown	Norm	Norm	1Fam	1.5Fin	5	7	1947	1950	Gable	CompShg	AsbShng	AsbShng	None	0	TA	TA	CBlock	TA	TA	No	LwQ	312	Unf	0	408	720	GasA	TA	Y	SBrkr	720	564	0	1284	0	0	1	1	2	1	TA	5	Typ	0	NA	Detchd	1948	Unf	1	240	TA	TA	Y	0	35	0	0	0	0	NA	MnWw	NA	0	4	2009	WD 	Normal	110000
716	0902325070	075	RM	90	8100	Pave	NA	Reg	Lvl	AllPub	Corner	Gtl	OldTown	Norm	Norm	1Fam	2.5Unf	5	5	1898	1965	Hip	CompShg	AsbShng	AsbShng	None	0	TA	TA	PConc	TA	TA	No	Unf	0	Unf	0	849	849	GasA	TA	N	FuseA	1075	1063	0	2138	0	0	2	0	2	3	TA	11	Typ	0	NA	Detchd	1910	Unf	2	360	Fa	Po	N	40	156	0	0	0	0	NA	MnPrv	NA	0	11	2009	WD 	Normal	106000
717	0902326030	070	RM	65	11700	Pave	Pave	IR1	Lvl	AllPub	Corner	Gtl	OldTown	Norm	Norm	1Fam	2Story	7	7	1880	2003	Mansard	CompShg	Stucco	Stucco	None	0	Gd	TA	Stone	TA	Fa	No	Unf	0	Unf	0	1240	1240	GasW	TA	N	SBrkr	1320	1320	0	2640	0	0	1	1	4	1	Gd	8	Typ	1	Gd	Detchd	1950	Unf	4	864	TA	TA	N	181	0	386	0	0	0	NA	NA	NA	0	5	2009	WD 	Normal	265979
718	0902327070	070	RM	70	8400	Pave	NA	Reg	Lvl	AllPub	Corner	Gtl	OldTown	Artery	Norm	1Fam	2Story	6	7	1900	1950	Gable	CompShg	Stucco	BrkFace	None	0	TA	TA	BrkTil	Fa	Gd	Mn	Unf	0	Unf	0	917	917	GasA	Gd	Y	FuseA	1090	917	0	2007	0	0	2	0	3	1	Ex	8	Typ	0	NA	Detchd	1930	Unf	1	357	TA	TA	Y	0	235	0	0	0	0	NA	NA	NA	0	6	2009	WD 	Normal	160000
719	0902329080	070	RM	60	3600	Pave	Grvl	Reg	Lvl	AllPub	Inside	Gtl	OldTown	Norm	Norm	1Fam	2Story	6	7	1917	2007	Gable	CompShg	Stucco	Stucco	None	0	TA	TA	BrkTil	TA	TA	No	Unf	0	Unf	0	624	624	GasA	Ex	Y	SBrkr	664	624	0	1288	1	0	1	0	3	1	Ex	5	Typ	1	Gd	Attchd	1917	Unf	1	280	TA	TA	N	0	103	0	0	0	0	NA	NA	NA	0	5	2009	WD 	Normal	119000
720	0902330040	070	RM	121	17671	Pave	Grvl	Reg	Lvl	AllPub	Corner	Gtl	OldTown	Artery	Norm	1Fam	2Story	8	9	1882	1986	Gable	CompShg	Wd Sdng	Wd Sdng	None	0	Gd	Gd	BrkTil	TA	TA	No	BLQ	216	Unf	0	700	916	GasA	Gd	Y	SBrkr	916	826	0	1742	0	0	1	1	4	1	Gd	8	Typ	1	Gd	Attchd	1925	Unf	2	424	TA	TA	P	0	169	0	0	0	0	NA	NA	NA	0	11	2009	WD 	Normal	168000
721	0902331010	030	C (all)		3300	Pave	NA	Reg	Lvl	AllPub	Inside	Gtl	OldTown	Norm	Norm	1Fam	1Story	4	3	1910	1950	Gable	CompShg	Stucco	Stucco	None	0	TA	TA	BrkTil	TA	TA	No	Unf	0	Unf	0	624	624	GasA	Ex	Y	SBrkr	816	0	0	816	0	0	1	0	2	1	TA	5	Typ	1	Gd	NA		NA	0	0	NA	NA	N	0	33	0	0	0	0	NA	NA	NA	0	6	2009	WD 	Normal	58500
722	0902401130	070	RM	50	9000	Pave	NA	Reg	Lvl	AllPub	Inside	Gtl	OldTown	Artery	Norm	1Fam	2Story	7	9	1920	1988	Hip	CompShg	VinylSd	VinylSd	None	0	TA	Gd	PConc	TA	TA	No	ALQ	624	Unf	0	26	650	GasA	Ex	Y	SBrkr	832	650	0	1482	0	1	1	0	3	1	TA	7	Typ	0	NA	Detchd	1930	Unf	2	324	TA	TA	Y	0	0	0	0	0	0	NA	NA	NA	0	7	2009	WD 	Normal	143000
723	0902402150	030	RM	60	7200	Pave	NA	Reg	Lvl	AllPub	Inside	Gtl	OldTown	Norm	Norm	1Fam	1Story	5	4	1910	2006	Hip	CompShg	MetalSd	Stucco	None	0	TA	TA	BrkTil	TA	TA	No	ALQ	247	Rec	465	310	1022	GasW	TA	N	SBrkr	1022	0	0	1022	1	0	1	0	2	1	TA	4	Maj2	0	NA	Detchd	1956	Unf	1	280	TA	TA	Y	0	30	226	0	0	0	NA	NA	NA	0	6	2009	WD 	Normal	85000
724	0902405100	050	RM	98	8820	Pave	NA	Reg	Lvl	AllPub	Corner	Gtl	OldTown	Norm	Norm	1Fam	1.5Fin	5	6	1890	1996	Hip	CompShg	VinylSd	VinylSd	None	0	TA	TA	BrkTil	TA	TA	No	LwQ	1088	Unf	0	0	1088	GasA	TA	Y	SBrkr	1188	561	120	1869	0	0	1	0	2	1	TA	7	Typ	0	NA	Detchd	1963	Unf	2	456	TA	TA	Y	48	0	244	0	0	0	NA	MnWw	NA	0	9	2009	WD 	Normal	124900
725	0902405120	050	RM	60	5400	Pave	NA	Reg	Lvl	AllPub	Inside	Gtl	OldTown	Norm	Norm	1Fam	1.5Fin	6	6	1920	1950	Gable	CompShg	MetalSd	MetalSd	None	0	Fa	TA	BrkTil	TA	TA	No	Unf	0	Unf	0	972	972	GasA	Ex	Y	SBrkr	1044	0	436	1480	0	0	1	0	3	1	TA	6	Typ	0	NA	Detchd	1920	Unf	1	207	Fa	TA	Y	0	0	176	0	0	0	NA	NA	NA	0	9	2009	ConLI	Family	119000
726	0902406070	070	RM	60	9720	Pave	Grvl	Reg	Lvl	AllPub	Inside	Gtl	OldTown	Norm	Norm	1Fam	2Story	6	7	1910	2002	Gable	CompShg	MetalSd	MetalSd	None	0	TA	TA	PConc	TA	TA	No	Unf	0	Unf	0	741	741	GasA	Ex	Y	SBrkr	780	741	0	1521	0	0	1	0	4	1	Gd	8	Typ	0	NA	Detchd	1950	Unf	3	640	TA	TA	Y	0	0	238	0	0	0	NA	MnPrv	NA	0	9	2009	WD 	Normal	146500
727	0902477120	030	C (all)	60	7879	Pave	NA	Reg	Lvl	AllPub	Inside	Gtl	IDOTRR	Norm	Norm	1Fam	1Story	4	5	1920	1950	Gable	CompShg	Wd Sdng	Wd Sdng	None	0	TA	TA	CBlock	TA	TA	No	Rec	495	Unf	0	225	720	GasA	TA	N	FuseA	720	0	0	720	0	0	1	0	2	1	TA	4	Typ	0	NA	NA		NA	0	0	NA	NA	N	0	523	115	0	0	0	NA	GdWo	NA	0	11	2009	WD 	Abnorml	34900
728	0902477130	030	C (all)	72	9392	Pave	NA	Reg	Lvl	AllPub	Corner	Gtl	IDOTRR	Norm	Norm	1Fam	1Story	3	3	1900	1950	Mansard	CompShg	AsbShng	AsbShng	None	0	TA	Fa	CBlock	Fa	TA	No	Unf	0	Unf	0	245	245	GasA	TA	N	SBrkr	797	0	0	797	0	0	1	0	2	1	TA	5	Typ	0	NA	NA		NA	0	0	NA	NA	N	0	36	94	0	0	0	NA	NA	NA	0	9	2009	WD 	Abnorml	44000
729	0903200080	070	RL	144	21384	Pave	NA	Reg	Lvl	AllPub	Inside	Gtl	BrkSide	Norm	Norm	1Fam	2Story	5	6	1923	2004	Gable	CompShg	Wd Sdng	Wd Sdng	None	0	TA	TA	CBlock	TA	TA	Gd	GLQ	1309	Unf	0	15	1324	GasA	Ex	Y	SBrkr	1072	504	0	1576	2	0	1	1	3	1	Gd	6	Typ	1	TA	Attchd	1923	RFn	2	528	TA	TA	Y	0	312	0	0	0	0	NA	NA	NA	0	5	2009	WD 	Normal	223500
730	0903201020	030	RL		6615	Pave	NA	Reg	Lvl	AllPub	Inside	Gtl	BrkSide	Norm	Norm	1Fam	1Story	6	6	1923	1950	Gable	CompShg	MetalSd	MetalSd	None	0	TA	TA	BrkTil	TA	TA	No	Unf	0	Unf	0	1022	1022	GasA	TA	N	FuseA	1432	0	0	1432	0	0	1	0	3	1	Gd	6	Typ	1	Gd	BuiltIn	1923	Unf	1	216	Fa	TA	Y	266	61	0	0	0	0	NA	GdWo	NA	0	9	2009	WD 	Normal	149000
731	0903201080	050	RL	55	7264	Pave	NA	Reg	Lvl	AllPub	Inside	Gtl	BrkSide	Norm	Norm	1Fam	1.5Fin	7	7	1925	2007	Gable	CompShg	Wd Sdng	Wd Sdng	None	0	Gd	Gd	BrkTil	TA	TA	No	Unf	0	Unf	0	952	952	GasW	Gd	N	SBrkr	952	596	0	1548	0	0	2	1	3	1	Ex	5	Typ	0	NA	Detchd	1978	Unf	2	672	TA	TA	Y	74	0	0	0	144	0	NA	NA	NA	0	10	2009	WD 	Normal	205000
732	0903202170	070	RL	50	4960	Pave	NA	Reg	Lvl	AllPub	Inside	Gtl	BrkSide	RRAn	Norm	1Fam	1.5Fin	5	7	1930	1982	Gable	CompShg	WdShing	Wd Shng	None	0	TA	TA	CBlock	TA	TA	No	Unf	0	Unf	0	297	297	GasA	Ex	Y	SBrkr	1001	653	0	1654	0	0	2	0	3	1	TA	7	Typ	1	Gd	Detchd	1955	Unf	1	336	TA	TA	N	244	60	0	0	0	0	NA	NA	NA	0	5	2009	WD 	Normal	137000
733	0903205040	030	RL		8854	Pave	NA	Reg	Lvl	AllPub	Inside	Gtl	BrkSide	Norm	Norm	1Fam	1.5Unf	6	6	1916	1950	Gable	CompShg	Wd Sdng	Wd Sdng	None	0	TA	TA	BrkTil	TA	TA	No	Unf	0	Unf	0	952	952	Grav	Fa	N	FuseF	952	0	0	952	0	0	1	0	2	1	Fa	4	Typ	1	Gd	Detchd	1916	Unf	1	192	Fa	Po	P	0	98	0	0	40	0	NA	NA	NA	0	5	2009	WD 	Normal	121000
734	0903226130	050	RM	50	6000	Pave	NA	Reg	Lvl	AllPub	Inside	Gtl	BrkSide	Norm	Norm	1Fam	1.5Fin	4	6	1936	1950	Gable	CompShg	MetalSd	MetalSd	None	0	TA	TA	BrkTil	TA	TA	No	BLQ	672	Unf	0	0	672	GasA	TA	Y	SBrkr	757	567	0	1324	0	0	1	0	3	1	TA	6	Typ	0	NA	Detchd	1936	Unf	1	240	TA	TA	Y	0	0	0	0	0	0	NA	NA	NA	0	7	2009	WD 	Normal	128000
735	0903226170	050	RM	50	6000	Pave	NA	Reg	Lvl	AllPub	Inside	Gtl	BrkSide	Norm	Norm	1Fam	1.5Fin	6	9	1937	2000	Gable	CompShg	MetalSd	MetalSd	None	0	Gd	TA	BrkTil	TA	TA	No	Unf	0	Unf	0	698	698	GasA	TA	Y	SBrkr	786	390	0	1176	0	0	1	0	2	1	TA	4	Typ	0	NA	Detchd	1999	Unf	2	624	TA	TA	N	210	0	0	0	0	0	NA	NA	NA	0	7	2009	WD 	Normal	134900
736	0903227070	050	RM	50	6000	Pave	NA	Reg	Lvl	AllPub	Corner	Gtl	BrkSide	Norm	Norm	1Fam	1.5Fin	5	8	1925	1997	Gable	CompShg	Wd Sdng	Wd Sdng	None	0	TA	TA	BrkTil	TA	TA	No	Unf	0	Unf	0	884	884	GasA	Ex	Y	SBrkr	884	464	0	1348	1	0	1	0	3	1	TA	5	Typ	1	Fa	Detchd	1960	Unf	1	216	TA	TA	N	0	0	208	0	0	0	NA	NA	NA	0	5	2009	WD 	Normal	117000
737	0903227090	050	RM	50	6000	Pave	NA	Reg	Lvl	AllPub	Inside	Gtl	BrkSide	Norm	Norm	1Fam	1.5Fin	6	6	1939	1950	Gable	CompShg	MetalSd	MetalSd	None	0	TA	Fa	CBlock	TA	TA	No	Unf	0	Unf	0	780	780	GasA	Ex	Y	FuseF	825	587	0	1412	0	0	1	0	4	1	TA	6	Typ	1	Gd	Detchd	1939	Unf	1	280	TA	TA	Y	45	0	0	0	0	0	NA	NA	NA	0	5	2009	WD 	Normal	132500
738	0903228070	050	RM	60	6000	Pave	NA	Reg	Lvl	AllPub	Corner	Gtl	BrkSide	Norm	Norm	1Fam	1.5Fin	5	5	1924	1950	Gable	CompShg	Stucco	Stucco	BrkFace	444	TA	TA	BrkTil	TA	TA	No	Rec	220	Unf	0	248	468	GasA	Gd	Y	SBrkr	822	320	0	1142	0	0	1	0	3	1	TA	6	Typ	0	NA	Attchd	1924	Fin	1	320	TA	TA	Y	0	0	98	0	0	0	NA	NA	NA	0	6	2009	WD 	Normal	93000
739	0903228120	045	RM	50	6000	Pave	NA	Reg	Lvl	AllPub	Inside	Gtl	BrkSide	Norm	Norm	1Fam	1.5Unf	6	7	1926	2004	Gable	CompShg	Wd Sdng	Wd Sdng	None	0	Gd	TA	PConc	TA	TA	No	Unf	0	Unf	0	884	884	GasA	Gd	Y	SBrkr	904	0	0	904	0	0	1	0	2	1	TA	4	Typ	0	NA	Detchd	1926	Unf	1	180	TA	TA	Y	0	0	105	0	0	0	NA	NA	NA	0	1	2009	WD 	Normal	119000
740	0903230100	030	RM	60	6911	Pave	NA	Reg	Lvl	AllPub	FR2	Gtl	BrkSide	Feedr	Norm	1Fam	1Story	5	5	1924	1950	Gable	CompShg	Wd Sdng	Wd Sdng	None	0	TA	TA	PConc	TA	TA	Mn	LwQ	405	Unf	0	740	1145	GasA	TA	Y	SBrkr	1301	0	0	1301	0	0	1	0	2	1	Fa	5	Min1	0	NA	Detchd	1965	Unf	2	440	TA	TA	Y	0	0	0	0	0	0	NA	NA	NA	0	10	2009	WD 	Normal	100000
741	0903231010	050	RM	51	6120	Pave	NA	Reg	Lvl	AllPub	Corner	Gtl	BrkSide	Norm	Norm	1Fam	1.5Fin	5	6	1936	1950	Gable	CompShg	Wd Sdng	Wd Sdng	None	0	TA	Fa	BrkTil	TA	TA	No	Unf	0	Unf	0	927	927	GasA	TA	Y	SBrkr	1067	472	0	1539	0	0	1	1	3	1	TA	5	Typ	0	NA	Detchd	1995	Unf	2	576	TA	TA	Y	112	0	0	0	0	0	NA	MnPrv	NA	0	4	2009	WD 	Normal	141500
742	0903231030	050	RM	51	6120	Pave	NA	Reg	Lvl	AllPub	Inside	Gtl	BrkSide	Norm	Norm	1Fam	1.5Fin	4	7	1935	1995	Gable	CompShg	AsbShng	AsbShng	None	0	TA	TA	BrkTil	TA	TA	No	Unf	0	Unf	0	884	884	GasA	Ex	Y	SBrkr	989	584	0	1573	0	0	1	0	3	1	Gd	6	Typ	0	NA	Detchd	1935	Unf	1	240	TA	TA	Y	0	0	54	0	120	0	NA	NA	NA	0	7	2009	WD 	Normal	133000
743	0903231060	030	RM	51	6120	Pave	NA	Reg	Lvl	AllPub	Inside	Gtl	BrkSide	Norm	Norm	1Fam	1Story	2	3	1936	1950	Gable	CompShg	AsbShng	AsbShng	None	0	Fa	Fa	BrkTil	TA	Fa	No	Unf	0	Unf	0	264	264	Grav	Fa	N	FuseA	800	0	0	800	0	0	1	0	1	1	Fa	4	Maj1	1	Po	NA		NA	0	0	NA	NA	N	0	0	0	0	0	0	NA	NA	NA	0	1	2009	ConLw	Normal	60000
744	0903231130	030	RM	51	6120	Pave	NA	Reg	Lvl	AllPub	Corner	Gtl	BrkSide	Norm	Norm	1Fam	1Story	5	7	1931	1993	Gable	CompShg	Wd Sdng	Wd Sdng	None	0	TA	TA	BrkTil	TA	TA	No	BLQ	209	Unf	0	506	715	GasA	TA	Y	FuseA	875	0	0	875	1	0	1	0	2	1	TA	5	Typ	0	NA	Detchd	1931	Unf	1	180	Fa	TA	Y	48	0	0	0	0	0	NA	NA	NA	0	11	2009	WD 	Normal	105000
745	0903232060	030	RM	51	6120	Pave	NA	Reg	Lvl	AllPub	Inside	Gtl	BrkSide	Norm	Norm	1Fam	1Story	5	6	1925	1999	Gable	CompShg	MetalSd	MetalSd	None	0	TA	TA	BrkTil	TA	TA	No	Unf	0	Unf	0	960	960	GasA	Gd	Y	SBrkr	995	0	0	995	0	0	1	0	2	1	TA	5	Typ	0	NA	Detchd	1926	Unf	1	264	TA	TA	Y	0	15	51	0	0	0	NA	MnPrv	NA	0	3	2009	WD 	Abnorml	115000
746	0903234220	050	RM	51	6120	Pave	NA	Reg	Lvl	AllPub	Inside	Gtl	BrkSide	Norm	Norm	1Fam	1.5Fin	5	6	1938	1950	Gable	CompShg	Wd Sdng	Wd Sdng	None	0	TA	TA	BrkTil	TA	Fa	No	LwQ	273	Unf	0	679	952	GasA	TA	Y	FuseA	994	588	0	1582	0	0	2	0	3	1	TA	6	Typ	1	Gd	Detchd	1938	Unf	1	250	Fa	TA	Y	189	0	34	150	0	0	NA	NA	NA	0	2	2009	WD 	Normal	150000
747	0903236040	030	RM	50	8635	Pave	NA	Reg	Lvl	AllPub	Inside	Gtl	BrkSide	Norm	Norm	1Fam	1Story	5	5	1925	1950	Hip	CompShg	Wd Sdng	Wd Sdng	None	0	TA	Fa	BrkTil	TA	TA	No	LwQ	134	Unf	0	938	1072	GasA	TA	Y	SBrkr	1072	0	0	1072	1	0	1	0	2	1	TA	5	Typ	0	NA	Detchd	1982	Unf	5	1184	Fa	TA	P	0	0	105	0	0	0	NA	NA	NA	0	8	2009	WD 	Normal	126500
748	0903400220	075	RL		11888	Pave	Pave	IR1	Bnk	AllPub	Inside	Gtl	BrkSide	PosN	Norm	1Fam	2.5Unf	6	6	1916	1994	Gable	CompShg	Wd Sdng	Wd Shng	None	0	TA	TA	BrkTil	TA	TA	No	Unf	0	Unf	0	844	844	GasA	Gd	N	FuseA	1445	689	0	2134	0	0	2	0	5	1	Gd	10	Typ	0	NA	Detchd	1930	Unf	2	441	TA	TA	Y	0	60	268	0	0	0	NA	NA	NA	0	7	2009	WD 	Normal	214500
749	0903425245	070	RL	60	11414	Pave	NA	IR1	Lvl	AllPub	Corner	Gtl	BrkSide	RRAn	Feedr	1Fam	2Story	7	8	1910	1993	Gable	CompShg	HdBoard	HdBoard	None	0	TA	Gd	BrkTil	Gd	TA	No	Unf	0	Unf	0	728	728	GasA	TA	N	SBrkr	1136	883	0	2019	0	0	1	0	3	1	Gd	8	Typ	0	NA	Detchd	1997	Unf	2	532	TA	TA	Y	509	135	0	0	0	0	NA	GdPrv	NA	0	10	2009	WD 	Normal	167500
750	0903427120	070	RM	57	8094	Pave	Grvl	Reg	Lvl	AllPub	Inside	Gtl	OldTown	Norm	Norm	1Fam	2Story	6	6	1915	1950	Gable	CompShg	MetalSd	MetalSd	None	0	TA	TA	PConc	TA	TA	No	Unf	0	Unf	0	1048	1048	GasA	Gd	Y	FuseA	1048	720	0	1768	0	0	2	0	3	1	TA	8	Typ	0	NA	Detchd	1930	Unf	2	576	Fa	Fa	Y	0	0	150	0	0	0	NA	NA	NA	0	6	2009	WD 	Normal	155000
751	0903429080	070	RM	50	2500	Pave	Pave	Reg	Lvl	AllPub	Corner	Gtl	OldTown	Norm	Norm	1Fam	2Story	7	8	1915	2005	Gable	CompShg	Stucco	Stucco	None	0	Gd	TA	PConc	TA	TA	No	ALQ	299	Unf	0	611	910	GasA	Ex	Y	SBrkr	916	910	0	1826	1	0	1	1	4	1	Ex	7	Min2	1	Gd	Attchd	1915	Unf	1	164	Fa	Fa	Y	0	0	0	0	0	0	NA	NA	NA	0	6	2009	WD 	Normal	155000
752	0903429110	070	RM	68	9928	Pave	Grvl	Reg	Lvl	AllPub	Inside	Gtl	OldTown	Norm	Norm	1Fam	2Story	7	8	1915	1994	Gable	CompShg	Wd Sdng	Wd Sdng	None	0	TA	Gd	BrkTil	TA	TA	No	Unf	0	Unf	0	672	672	GasA	Fa	Y	SBrkr	1272	672	0	1944	0	0	2	0	3	1	TA	8	Min2	0	NA	Detchd	1915	Unf	1	216	TA	TA	N	24	28	0	0	0	0	NA	NA	Shed	400	6	2009	WD 	Normal	179900
753	0903430060	075	RM	92	5520	Pave	NA	Reg	Lvl	AllPub	Corner	Gtl	OldTown	Norm	Norm	1Fam	2.5Fin	6	6	1912	1950	Gable	CompShg	Wd Sdng	Wd Sdng	None	0	TA	TA	CBlock	TA	TA	No	Unf	0	Unf	0	755	755	GasA	Ex	Y	SBrkr	929	929	371	2229	0	0	1	0	5	1	TA	8	Typ	0	NA	NA		NA	0	0	NA	NA	Y	0	198	30	0	0	0	NA	MnPrv	NA	0	7	2009	WD 	Abnorml	104000
754	0903430070	090	RM	50	3000	Pave	Grvl	Reg	Bnk	AllPub	Inside	Gtl	OldTown	Norm	Norm	Duplex	2Story	5	1	1922	1950	Hip	CompShg	MetalSd	MetalSd	None	0	TA	TA	BrkTil	TA	Fa	No	Unf	0	Unf	0	1040	1040	GasA	TA	N	SBrkr	1088	1040	0	2128	0	0	2	0	4	2	TA	11	Sev	0	NA	NA		NA	0	0	NA	NA	Y	0	56	0	0	0	0	NA	NA	NA	0	9	2009	WD 	Abnorml	62500
755	0903451090	070	RM	57	6876	Pave	NA	Reg	Lvl	AllPub	Inside	Gtl	IDOTRR	Norm	Norm	1Fam	2Story	6	5	1927	1950	Gable	CompShg	Plywood	Plywood	None	0	TA	TA	CBlock	TA	Fa	No	BLQ	522	Unf	0	198	720	GasA	Fa	Y	SBrkr	1146	784	0	1930	1	0	2	0	4	1	TA	8	Typ	0	NA	Attchd	1927	Unf	1	316	TA	TA	Y	0	0	213	0	0	0	NA	MnPrv	NA	0	8	2009	WD 	Normal	149000
756	0903458170	030	RM	52	6240	Pave	Grvl	Reg	Lvl	AllPub	Inside	Gtl	IDOTRR	Norm	Norm	1Fam	1.5Fin	4	5	1925	1950	Gable	CompShg	MetalSd	MetalSd	None	0	TA	TA	CBlock	TA	TA	No	BLQ	152	Unf	0	628	780	GasA	TA	Y	FuseA	848	0	360	1208	0	0	1	0	2	1	TA	5	Typ	0	NA	Detchd	1962	Unf	2	539	TA	TA	Y	0	23	112	0	0	0	NA	NA	NA	0	1	2009	WD 	Normal	103000
757	0903475100	070	RM		5775	Pave	NA	IR2	Bnk	AllPub	Corner	Mod	OldTown	Feedr	Norm	1Fam	2Story	6	7	1915	2002	Gable	CompShg	Wd Sdng	Wd Sdng	None	0	TA	TA	BrkTil	TA	TA	No	Unf	0	Unf	0	483	483	GasA	Ex	Y	SBrkr	741	686	0	1427	0	0	1	0	3	1	Gd	7	Typ	0	NA	Attchd	1915	Unf	1	379	TA	TA	Y	0	24	112	0	0	0	NA	NA	NA	0	2	2009	WD 	Normal	123000
758	0903476090	190	RM	41	5852	Pave	NA	IR3	Bnk	AllPub	Corner	Gtl	OldTown	Feedr	Norm	2fmCon	2.5Unf	7	5	1902	2000	Gable	CompShg	MetalSd	MetalSd	Stone	188	TA	Fa	BrkTil	TA	Fa	No	Rec	169	Unf	0	851	1020	GasA	TA	N	FuseF	978	886	0	1864	0	0	2	1	6	1	TA	9	Typ	0	NA	NA		NA	0	0	NA	NA	N	0	188	102	0	0	0	NA	NA	NA	0	5	2009	WD 	Normal	97500
759	0903481120	050	RM	60	5160	Pave	NA	Reg	Lvl	AllPub	Corner	Gtl	IDOTRR	Norm	Norm	1Fam	1.5Fin	6	6	1927	1950	Gable	CompShg	MetalSd	MetalSd	None	0	TA	Fa	BrkTil	TA	TA	No	Unf	0	Unf	0	1204	1204	GasA	TA	Y	FuseA	1204	462	0	1666	0	0	1	0	3	1	TA	4	Typ	0	NA	Detchd	1927	Unf	1	384	Fa	TA	Y	0	0	148	0	0	0	NA	NA	NA	0	8	2009	WD 	Normal	135000
760	0903481130	085	RM	86	5160	Pave	Grvl	Reg	Lvl	AllPub	Inside	Gtl	IDOTRR	Norm	Norm	1Fam	SFoyer	4	6	1923	1950	Hip	CompShg	MetalSd	MetalSd	None	0	TA	Gd	PConc	Gd	Fa	Av	BLQ	749	Rec	63	46	858	GasA	TA	Y	SBrkr	892	0	0	892	1	0	1	0	1	1	Gd	5	Min2	0	NA	NA		NA	0	0	NA	NA	N	0	0	105	0	160	0	NA	NA	NA	0	7	2009	COD	Abnorml	70000
761	0903484110	190	RM	60	10320	Pave	Grvl	Reg	Bnk	AllPub	Inside	Gtl	IDOTRR	Artery	Norm	2fmCon	2Story	6	7	1915	1965	Gable	CompShg	MetalSd	MetalSd	None	0	TA	Gd	CBlock	TA	TA	No	Rec	276	ALQ	262	160	698	GasA	Ex	Y	FuseF	754	649	0	1403	1	0	1	1	3	1	TA	7	Typ	0	NA	Detchd	1915	Unf	1	308	TA	TA	Y	0	0	288	0	0	0	NA	NA	NA	0	2	2009	WD 	Normal	116000
762	0904100190	020	RL	50	4280	Pave	NA	IR1	Lvl	AllPub	Inside	Gtl	Sawyer	Norm	Norm	1Fam	1Story	4	9	1946	2001	Gable	CompShg	MetalSd	MetalSd	None	0	TA	Gd	CBlock	Fa	TA	No	Unf	0	Unf	0	560	560	GasA	Ex	Y	FuseA	704	0	0	704	0	1	1	0	2	1	Fa	4	Typ	0	NA	CarPort	1946	Unf	1	220	TA	TA	Y	0	0	24	0	0	0	NA	NA	NA	0	9	2009	WD 	Normal	88750
763	0904301060	090	RL	60	10800	Pave	NA	Reg	Lvl	AllPub	Inside	Gtl	Edwards	Norm	Norm	Duplex	1Story	5	5	1987	1988	Gable	CompShg	Plywood	Plywood	None	0	TA	TA	CBlock	Gd	Gd	Gd	GLQ	1200	Unf	0	0	1200	GasA	TA	Y	SBrkr	1200	0	0	1200	3	0	3	0	3	1	TA	5	Typ	0	NA	NA		NA	0	0	NA	NA	Y	120	0	0	0	0	0	NA	NA	NA	0	3	2009	WD 	Alloca	179000
764	0904301070	090	RL	60	10800	Pave	NA	Reg	Lvl	AllPub	Inside	Gtl	Edwards	Norm	Norm	Duplex	1Story	5	5	1987	1988	Gable	CompShg	Plywood	Plywood	None	0	TA	Gd	CBlock	Gd	Gd	Gd	GLQ	1200	Unf	0	0	1200	GasA	TA	Y	SBrkr	1200	0	0	1200	3	0	3	0	3	1	TA	5	Typ	0	NA	NA		NA	0	0	NA	NA	Y	120	0	0	0	0	0	NA	NA	NA	0	3	2009	WD 	Alloca	179000
765	0904301100	090	RL		10547	Pave	NA	IR1	Lvl	AllPub	Inside	Gtl	Edwards	Norm	Norm	Duplex	SFoyer	5	5	1978	1978	Gable	CompShg	Plywood	Plywood	None	0	TA	TA	PConc	Gd	Gd	Gd	GLQ	1152	Unf	0	0	1152	GasA	TA	Y	SBrkr	1152	0	0	1152	2	0	2	0	2	2	TA	6	Typ	0	NA	Detchd	1960	Unf	1	252	TA	Fa	N	0	0	0	0	0	0	NA	NA	NA	0	7	2009	WD 	Normal	159900
766	0904301375	030	RL		10020	Pave	NA	IR1	Low	AllPub	Inside	Sev	Edwards	Norm	Norm	1Fam	1Story	1	1	1922	1950	Gable	CompShg	Wd Sdng	Wd Sdng	None	0	Fa	Fa	BrkTil	Fa	Po	Gd	BLQ	350	Unf	0	333	683	GasA	Gd	N	FuseA	904	0	0	904	1	0	0	1	1	1	Fa	4	Maj1	0	NA	NA		NA	0	0	NA	NA	Y	0	0	0	0	0	0	NA	NA	NA	0	3	2009	WD 	Normal	61000
767	0904351200	070	RH	54	6629	Pave	NA	Reg	Lvl	AllPub	Inside	Gtl	Edwards	Artery	Norm	1Fam	2Story	6	6	1925	1950	Gambrel	CompShg	Wd Sdng	Wd Sdng	None	0	TA	Gd	BrkTil	TA	TA	No	BLQ	551	Unf	0	121	672	GasA	TA	N	SBrkr	697	672	0	1369	1	0	2	0	3	1	TA	6	Typ	0	NA	Detchd	1930	Unf	1	300	TA	TA	Y	147	0	0	0	0	0	NA	NA	NA	0	7	2009	WD 	Normal	103600
768	0904351240	050	RL	60	9780	Pave	NA	Reg	Lvl	AllPub	Inside	Gtl	Edwards	Norm	Norm	1Fam	1.5Fin	5	3	1934	1950	Gable	CompShg	MetalSd	MetalSd	None	0	TA	TA	PConc	TA	TA	No	Unf	0	Unf	0	585	585	GasA	TA	N	FuseA	687	425	0	1112	1	0	2	0	4	1	TA	6	Typ	0	NA	Detchd	1934	Unf	1	226	Po	Po	N	0	0	0	0	0	0	NA	NA	NA	0	3	2009	WD 	Normal	63000
769	0905101260	080	RL	70	12886	Pave	NA	IR1	Lvl	AllPub	Inside	Gtl	Sawyer	Norm	Norm	1Fam	SLvl	5	6	1963	1999	Gable	CompShg	HdBoard	HdBoard	None	0	TA	TA	CBlock	Gd	TA	Av	ALQ	444	Unf	0	76	520	GasA	Ex	Y	SBrkr	1464	0	0	1464	0	1	2	0	3	1	TA	6	Min2	1	TA	Attchd	1997	RFn	2	480	TA	TA	Y	302	0	0	0	100	0	NA	NA	NA	0	10	2009	WD 	Normal	175000
770	0905101490	020	RL	80	8816	Pave	NA	Reg	Lvl	AllPub	Corner	Gtl	Sawyer	Feedr	Norm	1Fam	1Story	5	6	1963	1963	Gable	CompShg	VinylSd	VinylSd	None	0	TA	TA	PConc	TA	TA	No	Rec	651	Unf	0	470	1121	GasA	TA	Y	SBrkr	1121	0	0	1121	1	0	1	0	3	1	TA	5	Typ	0	NA	Detchd	1963	Unf	2	480	TA	TA	Y	0	80	0	0	0	0	NA	MnPrv	NA	0	6	2009	WD 	Normal	139000
771	0905103040	060	RL	70	11184	Pave	NA	Reg	Lvl	AllPub	Inside	Gtl	Sawyer	Norm	Norm	1Fam	2Story	6	5	1978	1978	Hip	CompShg	HdBoard	HdBoard	BrkFace	92	TA	TA	CBlock	TA	TA	No	LwQ	226	Rec	500	192	918	GasA	Gd	Y	SBrkr	918	765	0	1683	0	0	2	1	3	1	TA	7	Typ	1	TA	Attchd	1978	RFn	2	440	TA	TA	Y	243	0	0	0	0	0	NA	NA	NA	0	7	2009	WD 	Normal	172500
772	0905103070	020	RL	75	11625	Pave	NA	Reg	Lvl	AllPub	Inside	Gtl	Sawyer	Norm	Norm	1Fam	1Story	5	6	1967	1967	Hip	CompShg	HdBoard	HdBoard	BrkFace	172	TA	TA	CBlock	TA	TA	No	BLQ	527	Unf	0	525	1052	GasA	TA	Y	SBrkr	1052	0	0	1052	0	0	1	1	3	1	TA	6	Typ	1	Po	Attchd	1984	Fin	1	668	TA	TA	Y	0	215	0	0	0	0	NA	NA	NA	0	4	2009	WD 	Abnorml	113500
773	0905105190	020	RL	65	7800	Pave	NA	Reg	Lvl	AllPub	Inside	Gtl	Sawyer	Norm	Norm	1Fam	1Story	5	7	1967	2004	Hip	CompShg	HdBoard	HdBoard	BrkFace	89	TA	TA	PConc	TA	TA	No	ALQ	450	Unf	0	414	864	GasA	Ex	Y	SBrkr	899	0	0	899	0	0	1	0	3	1	Gd	5	Typ	0	NA	Attchd	1967	Fin	1	288	TA	TA	Y	64	0	0	0	0	0	NA	MnPrv	NA	0	6	2009	WD 	Normal	130000
774	0905107310	085	RL		8014	Pave	NA	IR1	Lvl	AllPub	CulDSac	Gtl	Sawyer	Norm	Norm	1Fam	SFoyer	6	5	1978	1978	Gable	CompShg	Plywood	HdBoard	BrkFace	23	TA	TA	CBlock	Gd	TA	Gd	GLQ	456	Unf	0	0	456	GasA	TA	Y	SBrkr	1034	0	0	1034	0	1	1	0	3	1	TA	5	Typ	1	Fa	Basment	1978	Fin	2	504	TA	TA	Y	0	0	0	0	0	0	NA	NA	NA	0	6	2009	WD 	Normal	149900
775	0905108190	085	RL		7252	Pave	NA	IR1	Lvl	AllPub	CulDSac	Gtl	Sawyer	Norm	Norm	1Fam	SFoyer	5	5	1982	1982	Hip	CompShg	Wd Sdng	Wd Sdng	None	0	TA	TA	CBlock	Gd	TA	Av	GLQ	685	Unf	0	173	858	GasA	TA	Y	SBrkr	858	0	0	858	1	0	1	0	2	1	TA	5	Typ	0	NA	Detchd	1983	Unf	2	576	TA	TA	Y	120	0	0	0	0	0	NA	NA	NA	0	4	2009	WD 	Normal	134900
776	0905108220	085	RL	74	8740	Pave	NA	IR1	Lvl	AllPub	Inside	Gtl	Sawyer	Norm	Norm	1Fam	SFoyer	5	6	1982	1982	Hip	CompShg	HdBoard	HdBoard	None	0	TA	TA	CBlock	TA	TA	Av	ALQ	672	Unf	0	168	840	GasA	TA	Y	SBrkr	860	0	0	860	1	0	1	0	2	1	TA	4	Typ	0	NA	Detchd	1996	Unf	2	528	TA	TA	Y	0	0	0	0	0	0	NA	NA	NA	0	7	2009	WD 	Normal	137000
777	0905200220	020	RL		11616	Pave	NA	Reg	Lvl	AllPub	Inside	Gtl	Sawyer	Norm	Norm	1Fam	1Story	5	5	1962	1962	Gable	CompShg	Wd Sdng	Wd Sdng	BrkFace	116	TA	TA	CBlock	TA	TA	No	LwQ	170	BLQ	670	252	1092	GasA	TA	Y	SBrkr	1092	0	0	1092	0	1	1	0	3	1	TA	6	Typ	1	Po	Attchd	1962	Unf	1	288	TA	TA	Y	0	20	144	0	0	0	NA	NA	NA	0	9	2009	WD 	Normal	139000
778	0905200260	080	RL	88	15400	Pave	NA	Reg	Lvl	AllPub	Inside	Gtl	Sawyer	Norm	Norm	1Fam	SLvl	5	5	1961	1961	Hip	CompShg	HdBoard	HdBoard	None	0	TA	TA	CBlock	TA	Gd	No	Unf	0	Unf	0	552	552	GasA	TA	Y	SBrkr	904	611	259	1774	0	0	2	0	4	1	TA	8	Typ	1	TA	Attchd	1961	Unf	1	384	TA	TA	Y	290	40	0	0	0	0	NA	NA	NA	0	7	2009	WD 	Normal	165000
779	0905200350	080	RL	88	15312	Pave	NA	Reg	Lvl	AllPub	Inside	Gtl	Sawyer	Norm	Norm	1Fam	SLvl	6	5	1960	1960	Hip	CompShg	Wd Sdng	Wd Sdng	BrkFace	54	TA	TA	CBlock	TA	TA	Av	BLQ	588	Unf	0	550	1138	GasA	Ex	Y	SBrkr	1138	0	0	1138	0	1	1	0	3	1	TA	6	Typ	1	TA	Attchd	1960	RFn	2	480	TA	TA	Y	0	0	0	0	140	0	NA	MnPrv	NA	0	3	2009	COD	Normal	148000
780	0905225090	080	RL		15584	Pave	NA	Reg	Lvl	AllPub	Inside	Gtl	ClearCr	Norm	Norm	1Fam	SLvl	5	5	1956	1956	Hip	CompShg	Wd Sdng	Wd Sdng	BrkFace	366	TA	TA	CBlock	TA	TA	Mn	Unf	0	Unf	0	825	825	GasA	Ex	Y	SBrkr	2071	0	0	2071	0	1	1	1	4	1	TA	9	Typ	1	TA	Attchd	1956	Unf	1	336	TA	TA	Y	131	28	0	0	0	0	NA	NA	NA	0	10	2009	WD 	Normal	165000
781	0905228050	020	RL		9000	Pave	NA	Reg	Lvl	AllPub	Corner	Gtl	Sawyer	Norm	Norm	1Fam	1Story	2	2	1947	1950	Gable	CompShg	Wd Sdng	Wd Sdng	None	0	TA	TA	Slab	NA	NA	NA	NA	0	NA	0	0	0	GasA	Fa	N	SBrkr	660	0	0	660	0	0	1	0	2	1	Fa	5	Min2	0	NA	NA		NA	0	0	NA	NA	N	0	0	100	0	0	0	NA	NA	NA	0	6	2009	WD 	Normal	63900
782	0905229040	050	RL		11250	Pave	NA	Reg	Lvl	AllPub	Inside	Gtl	ClearCr	Norm	Norm	1Fam	1.5Fin	4	5	1957	1989	Gable	CompShg	Wd Sdng	Wd Sdng	None	0	TA	TA	CBlock	TA	TA	Av	Unf	0	Unf	0	1104	1104	GasA	Ex	Y	FuseA	1104	684	0	1788	1	0	1	0	5	1	TA	8	Min2	2	TA	Attchd	1957	Unf	1	304	TA	TA	Y	120	0	0	0	0	0	NA	NA	NA	0	11	2009	WD 	Normal	161500
783	0905325020	020	RL	65	25095	Pave	NA	IR1	Low	AllPub	Inside	Sev	ClearCr	Norm	Norm	1Fam	1Story	5	8	1968	2003	Flat	Tar&Grv	Wd Sdng	Wd Sdng	None	0	TA	TA	CBlock	TA	TA	Gd	GLQ	1324	Unf	0	113	1437	GasA	Ex	Y	SBrkr	1473	0	0	1473	2	0	1	0	1	1	Ex	5	Typ	2	Gd	Attchd	1968	Unf	1	452	TA	TA	Y	0	48	0	0	60	0	NA	NA	NA	0	6	2009	WD 	Partial	143000
784	0905377010	020	RL		17140	Pave	NA	Reg	Lvl	AllPub	Inside	Gtl	Edwards	Norm	Norm	1Fam	1Story	4	6	1956	1956	Gable	CompShg	VinylSd	VinylSd	None	0	TA	TA	CBlock	TA	TA	No	ALQ	1059	Unf	0	75	1134	GasA	Ex	Y	FuseA	1229	0	0	1229	0	0	1	0	3	1	TA	6	Typ	0	NA	Attchd	1956	RFn	1	284	TA	TA	Y	0	0	0	0	0	0	NA	NA	NA	0	4	2009	WD 	Normal	135000
785	0905377130	030	RL		12342	Pave	NA	IR1	Lvl	AllPub	Inside	Gtl	Edwards	Norm	Norm	1Fam	1Story	4	5	1940	1950	Gable	CompShg	VinylSd	VinylSd	None	0	TA	TA	CBlock	TA	TA	No	BLQ	262	Unf	0	599	861	GasA	Ex	Y	SBrkr	861	0	0	861	0	0	1	0	1	1	TA	4	Typ	0	NA	Detchd	1961	Unf	2	539	TA	TA	Y	158	0	0	0	0	0	NA	NA	NA	0	3	2009	WD 	Normal	82500
786	0905401100	020	RL		10708	Pave	NA	IR1	Lvl	AllPub	Inside	Gtl	ClearCr	Norm	Norm	1Fam	1Story	5	5	1955	1993	Hip	CompShg	Wd Sdng	Wd Sdng	None	0	Gd	TA	CBlock	TA	TA	No	LwQ	379	BLQ	768	470	1617	GasA	Ex	Y	FuseA	1867	0	0	1867	1	0	1	0	2	1	TA	7	Typ	3	Gd	Attchd	1955	Fin	1	303	TA	TA	Y	476	0	0	0	142	0	NA	GdWo	NA	0	11	2009	COD	Normal	190000
787	0905402060	020	RL		13680	Pave	NA	IR1	Lvl	AllPub	CulDSac	Gtl	Edwards	Norm	Norm	1Fam	1Story	3	5	1955	1955	Hip	CompShg	BrkFace	Wd Sdng	None	0	TA	TA	Slab	NA	NA	NA	NA	0	NA	0	0	0	GasA	Ex	Y	FuseA	1733	0	0	1733	0	0	2	0	4	1	TA	8	Min2	1	Gd	Attchd	1955	Unf	2	452	TA	TA	Y	0	0	0	0	0	0	NA	NA	NA	0	6	2009	WD 	Normal	139600
788	0905402070	020	RL		15635	Pave	NA	IR1	Lvl	AllPub	CulDSac	Gtl	Edwards	Norm	Norm	1Fam	1Story	4	5	1954	1954	Gable	CompShg	VinylSd	VinylSd	None	0	TA	TA	CBlock	NA	NA	NA	NA	0	NA	0	0	0	GasA	TA	Y	SBrkr	1383	0	0	1383	0	0	1	0	2	1	TA	6	Mod	0	NA	Attchd	1980	Unf	2	498	Fa	TA	Y	0	0	90	0	110	0	NA	NA	NA	0	10	2009	WD 	Normal	122000
789	0905450020	020	RL	73	9855	Pave	NA	Reg	Lvl	AllPub	Corner	Gtl	Edwards	Norm	Norm	1Fam	1Story	6	5	1956	1956	Hip	CompShg	Wd Sdng	Wd Sdng	None	0	TA	TA	CBlock	TA	TA	No	Unf	0	Unf	0	1436	1436	GasA	Fa	Y	SBrkr	1689	0	0	1689	0	0	1	0	3	1	TA	7	Typ	1	Gd	Attchd	1956	Unf	2	480	TA	TA	Y	0	0	0	0	0	0	NA	MnPrv	NA	0	11	2009	COD	Normal	127500
790	0905451300	020	RL	68	9571	Pave	NA	Reg	Lvl	AllPub	Inside	Gtl	Edwards	Norm	Norm	1Fam	1Story	5	5	1956	1956	Hip	CompShg	MetalSd	MetalSd	None	0	TA	TA	CBlock	TA	TA	No	Rec	257	Unf	0	816	1073	GasA	TA	Y	FuseA	1073	0	0	1073	1	0	1	0	2	1	TA	5	Typ	0	NA	Attchd	1956	Unf	1	340	TA	TA	Y	0	0	0	0	0	0	NA	GdPrv	NA	0	2	2009	WD 	Normal	121500
791	0905451340	020	RL	68	9571	Pave	NA	Reg	Lvl	AllPub	Inside	Gtl	Edwards	Norm	Norm	1Fam	1Story	5	3	1958	1958	Gable	CompShg	BrkComm	Brk Cmn	None	0	TA	Fa	CBlock	TA	Fa	No	Unf	0	Unf	0	1276	1276	GasA	TA	Y	FuseA	1276	0	0	1276	0	0	1	0	3	1	TA	5	Mod	0	NA	Attchd	1958	Unf	1	350	TA	TA	Y	0	0	0	0	0	0	NA	NA	NA	0	6	2009	COD	Abnorml	60000
792	0905452040	060	RL	50	9350	Pave	NA	Reg	Bnk	AllPub	Inside	Gtl	Edwards	Norm	Norm	1Fam	2Story	6	7	1946	1950	Hip	CompShg	MetalSd	MetalSd	None	0	TA	TA	CBlock	TA	TA	No	BLQ	342	Unf	0	405	747	GasA	Ex	Y	SBrkr	892	747	0	1639	0	0	1	1	3	1	Gd	6	Typ	1	Gd	Detchd	1946	Unf	1	240	TA	TA	Y	0	50	0	0	0	0	NA	NA	NA	0	7	2009	WD 	Normal	154400
793	0905452050	030	RL	50	9340	Pave	NA	Reg	Lvl	AllPub	Inside	Gtl	Edwards	Norm	Norm	1Fam	1Story	4	6	1941	1950	Hip	CompShg	MetalSd	MetalSd	None	0	TA	TA	CBlock	TA	TA	No	Rec	344	Unf	0	328	672	GasA	TA	Y	SBrkr	672	0	0	672	1	0	1	0	2	1	TA	4	Typ	0	NA	Attchd	1941	Unf	1	234	TA	TA	N	0	113	0	0	0	0	NA	NA	NA	0	8	2009	WD 	Normal	113000
794	0905475160	020	RL	62	7440	Pave	NA	Reg	Lvl	AllPub	Inside	Gtl	Edwards	Norm	Norm	1Fam	1Story	5	6	1954	1954	Gable	CompShg	Wd Sdng	Wd Sdng	None	0	TA	TA	CBlock	Gd	TA	No	BLQ	173	Unf	0	916	1089	GasW	TA	Y	SBrkr	1089	0	0	1089	1	0	1	0	3	1	TA	5	Typ	1	Gd	Detchd	1954	RFn	1	252	TA	TA	P	328	0	0	0	0	0	NA	MnPrv	NA	0	9	2009	WD 	Normal	125000
795	0905475500	020	RL		11500	Pave	NA	IR1	Lvl	AllPub	CulDSac	Gtl	Edwards	Norm	Norm	1Fam	1Story	4	3	1957	1957	Gable	CompShg	Wd Sdng	Wd Sdng	None	0	TA	Gd	Slab	NA	NA	NA	NA	0	NA	0	0	0	GasA	Ex	N	SBrkr	845	0	0	845	0	0	1	0	3	1	TA	5	Typ	0	NA	Detchd	1957	Unf	1	290	TA	TA	N	186	0	0	0	0	0	NA	NA	NA	0	1	2009	WD 	Normal	84000
796	0905476230	120	RL	42	4235	Pave	NA	Reg	Lvl	AllPub	Inside	Gtl	Edwards	Norm	Norm	TwnhsE	1Story	5	5	1984	1984	Gable	CompShg	HdBoard	HdBoard	BrkFace	149	Gd	TA	CBlock	Gd	TA	Mn	GLQ	552	ALQ	393	104	1049	GasA	TA	Y	SBrkr	1049	0	0	1049	1	0	2	0	2	1	Gd	5	Typ	0	NA	Attchd	1984	Fin	1	266	TA	TA	Y	0	105	0	0	0	0	NA	NA	NA	0	2	2009	WD 	Normal	139500
797	0905478030	050	RL	60	11409	Pave	NA	Reg	Lvl	AllPub	Inside	Gtl	Edwards	Norm	Norm	1Fam	1.5Fin	5	4	1949	2008	Gable	CompShg	Wd Sdng	Wd Sdng	None	0	TA	TA	CBlock	TA	TA	No	LwQ	292	Unf	0	476	768	GasA	Gd	Y	SBrkr	1148	568	0	1716	0	0	1	1	3	1	TA	8	Min2	1	Gd	Attchd	1949	Unf	1	281	TA	TA	Y	0	0	0	0	160	0	NA	NA	NA	0	1	2009	WD 	Normal	131000
798	0905480030	050	RL	60	9060	Pave	NA	Reg	Lvl	AllPub	Inside	Gtl	Edwards	Norm	Norm	1Fam	1.5Fin	6	5	1939	1950	Gable	CompShg	WdShing	Wd Shng	None	0	TA	TA	BrkTil	TA	TA	Mn	Rec	204	Unf	0	356	560	GasA	TA	Y	SBrkr	698	560	0	1258	0	0	1	0	2	1	TA	6	Typ	0	NA	Detchd	1939	Unf	1	280	TA	TA	P	0	0	0	0	0	0	NA	MnPrv	NA	0	10	2009	WD 	Normal	105000
799	0905480210	070	RL	60	9084	Pave	NA	Reg	Lvl	AllPub	Inside	Gtl	Edwards	Artery	Norm	1Fam	2Story	4	5	1940	1950	Gable	CompShg	MetalSd	MetalSd	None	0	TA	TA	CBlock	TA	TA	Mn	Unf	0	Unf	0	755	755	GasA	TA	Y	SBrkr	755	755	0	1510	1	0	1	0	4	1	TA	7	Typ	1	Gd	Detchd	1940	Unf	1	296	Fa	Po	P	120	0	0	0	0	0	NA	MnPrv	NA	0	10	2009	WD 	Normal	108000
800	0906201021	080	RL	74	10778	Pave	NA	IR1	Lvl	AllPub	Inside	Gtl	SawyerW	Feedr	Norm	1Fam	SLvl	7	6	1990	1991	Gable	CompShg	HdBoard	HdBoard	None	0	Gd	TA	PConc	Gd	TA	No	GLQ	460	ALQ	286	308	1054	GasA	Gd	Y	SBrkr	1061	0	0	1061	1	0	1	1	1	1	Gd	4	Typ	0	NA	Attchd	1990	Unf	2	462	TA	TA	Y	114	36	0	0	0	0	NA	NA	NA	0	7	2009	WD 	Normal	162000
801	0906201050	080	RL	66	19255	Pave	NA	IR1	Lvl	AllPub	Inside	Gtl	SawyerW	Norm	Norm	1Fam	SLvl	6	5	1983	1983	Gable	CompShg	Wd Sdng	Wd Sdng	BrkFace	100	Gd	TA	CBlock	Gd	TA	Av	Rec	70	GLQ	450	0	520	GasA	Gd	Y	SBrkr	1338	0	0	1338	0	0	1	1	2	1	Gd	5	Min2	1	Po	Attchd	1983	Unf	2	576	TA	TA	Y	0	0	0	0	0	0	NA	NA	Shed	600	9	2009	WD 	Normal	156500
802	0906201130	050	RL	79	12327	Pave	NA	IR1	Low	AllPub	Inside	Mod	SawyerW	Norm	Norm	1Fam	1.5Fin	8	8	1983	2009	Gable	CompShg	Wd Sdng	Wd Sdng	None	0	Gd	TA	CBlock	Gd	TA	Gd	GLQ	1441	Unf	0	55	1496	GasA	Ex	Y	SBrkr	1496	636	0	2132	1	0	1	1	1	1	Gd	5	Min2	1	Gd	BuiltIn	1983	Fin	2	612	Gd	TA	Y	349	40	0	0	0	0	NA	NA	NA	0	9	2009	WD 	Normal	316600
803	0906203120	020	RL	90	14684	Pave	NA	IR1	Lvl	AllPub	CulDSac	Gtl	SawyerW	Norm	Norm	1Fam	1Story	7	7	1990	1991	Hip	CompShg	HdBoard	HdBoard	BrkFace	234	Gd	TA	CBlock	Gd	TA	Mn	ALQ	485	BLQ	177	1496	2158	GasA	Gd	Y	SBrkr	2196	0	0	2196	0	0	2	0	3	1	Gd	7	Typ	1	TA	Attchd	1990	RFn	3	701	TA	TA	Y	84	70	0	0	0	0	NA	NA	NA	0	6	2009	WD 	Normal	271900
804	0906223060	060	RL	75	9317	Pave	NA	Reg	Lvl	AllPub	Inside	Gtl	SawyerW	Norm	Norm	1Fam	2Story	7	5	1993	1993	Gable	CompShg	HdBoard	HdBoard	BrkFace	137	Gd	TA	PConc	Gd	TA	No	ALQ	513	Unf	0	227	740	GasA	Ex	Y	SBrkr	1006	769	0	1775	1	0	2	1	3	1	Gd	7	Typ	1	TA	Attchd	1993	Unf	2	425	TA	TA	Y	234	72	192	0	0	0	NA	NA	NA	0	7	2009	WD 	Normal	213000
805	0906223080	060	RL	85	10560	Pave	NA	Reg	Lvl	AllPub	Corner	Gtl	SawyerW	Norm	Norm	1Fam	2Story	7	5	1993	1994	Gable	CompShg	VinylSd	VinylSd	None	0	Gd	Gd	PConc	Gd	Gd	No	GLQ	474	Unf	0	605	1079	GasA	Ex	Y	SBrkr	1079	800	0	1879	1	0	2	1	3	1	Gd	8	Typ	1	TA	Attchd	1993	RFn	2	473	TA	TA	Y	400	100	144	0	0	0	NA	MnPrv	NA	0	8	2009	WD 	Normal	239900
806	0906223210	060	RL	80	9828	Pave	NA	IR1	Lvl	AllPub	Inside	Gtl	SawyerW	Norm	Norm	1Fam	2Story	8	5	1995	1995	Gable	CompShg	VinylSd	VinylSd	None	0	Gd	TA	PConc	Gd	TA	No	GLQ	584	Unf	0	544	1128	GasA	Ex	Y	SBrkr	1142	878	0	2020	0	0	2	1	3	1	Gd	8	Typ	1	TA	Attchd	1995	RFn	2	466	TA	TA	Y	0	155	0	0	0	0	NA	NA	NA	0	6	2009	WD 	Normal	239500
807	0906226060	070	RL	120	26400	Pave	NA	Reg	Bnk	AllPub	FR2	Gtl	SawyerW	Feedr	Norm	1Fam	2Story	5	7	1880	2007	Gable	CompShg	HdBoard	HdBoard	None	0	Gd	TA	PConc	NA	NA	NA	NA	0	NA	0	0	0	GasA	Ex	Y	SBrkr	1288	728	0	2016	0	0	1	0	4	1	TA	7	Mod	1	TA	Attchd	1900	Unf	2	576	TA	TA	P	0	0	0	0	0	0	NA	NA	NA	0	6	2009	WD 	Normal	131000
808	0906226070	090	RL	64	7018	Pave	NA	Reg	Bnk	AllPub	Inside	Gtl	SawyerW	Norm	Norm	Duplex	1Story	5	5	1979	1979	Gable	CompShg	HdBoard	HdBoard	None	0	TA	Fa	Slab	NA	NA	NA	NA	0	NA	0	0	0	GasA	TA	Y	SBrkr	1535	0	0	1535	0	0	2	0	4	2	TA	8	Typ	0	NA	Attchd	1979	Unf	2	410	TA	TA	Y	0	0	0	0	0	0	NA	NA	NA	0	6	2009	WD 	Alloca	118964
809	0906226080	090	RL	64	7018	Pave	NA	Reg	Bnk	AllPub	Inside	Gtl	SawyerW	Feedr	Norm	Duplex	SFoyer	5	5	1979	1979	Gable	CompShg	Plywood	Plywood	Stone	275	TA	TA	CBlock	Gd	TA	Av	GLQ	1086	Unf	0	0	1086	GasA	TA	Y	SBrkr	1224	0	0	1224	2	0	0	2	2	2	TA	6	Typ	2	TA	Detchd	1979	Unf	2	528	TA	TA	Y	120	0	0	0	0	0	NA	NA	NA	0	6	2009	WD 	Alloca	153337
810	0906226090	090	RL	64	7018	Pave	NA	Reg	Lvl	AllPub	Inside	Gtl	SawyerW	Feedr	Norm	Duplex	2Story	5	5	1979	1979	Gable	CompShg	HdBoard	HdBoard	None	0	TA	TA	Slab	NA	NA	NA	NA	0	NA	0	0	0	GasA	TA	Y	SBrkr	1114	1114	0	2228	0	0	2	0	6	2	TA	8	Typ	0	NA	Detchd	1979	Unf	2	720	TA	TA	Y	73	0	0	0	0	0	NA	NA	NA	0	6	2009	WD 	Alloca	147983
811	0906226100	090	RL	64	7018	Pave	NA	Reg	Bnk	AllPub	Inside	Gtl	SawyerW	Norm	Norm	Duplex	1Story	5	5	1979	1979	Gable	CompShg	HdBoard	HdBoard	None	0	TA	TA	Slab	NA	NA	NA	NA	0	NA	0	0	0	GasA	TA	Y	SBrkr	1535	0	0	1535	0	0	2	0	4	2	TA	8	Typ	0	NA	Attchd	1979	Unf	2	400	TA	TA	Y	0	0	0	0	0	0	NA	GdPrv	NA	0	6	2009	WD 	Alloca	118858
812	0906226110	090	RL	64	7018	Pave	NA	Reg	Bnk	AllPub	Inside	Gtl	SawyerW	Norm	Norm	Duplex	1Story	5	5	1979	1979	Gable	CompShg	Plywood	Plywood	None	0	TA	TA	Slab	NA	NA	NA	NA	0	NA	0	0	0	GasA	TA	Y	SBrkr	1535	0	0	1535	0	0	2	0	4	2	TA	8	Typ	0	NA	Attchd	1979	Unf	2	400	TA	TA	Y	0	0	0	0	0	0	NA	NA	NA	0	6	2009	WD 	Alloca	118858
813	0906226120	090	RL	64	7018	Pave	NA	Reg	Lvl	AllPub	Inside	Gtl	SawyerW	Feedr	Norm	Duplex	2Story	5	5	1979	1979	Gable	CompShg	Plywood	Plywood	None	0	TA	TA	Slab	NA	NA	NA	NA	0	NA	0	0	0	GasA	TA	Y	SBrkr	1120	1120	0	2240	0	0	2	0	6	2	TA	12	Typ	0	NA	Detchd	1979	Unf	2	528	TA	TA	Y	154	0	0	0	0	0	NA	NA	NA	0	6	2009	WD 	Alloca	142953
814	0906226130	090	RL	64	7040	Pave	NA	Reg	Lvl	AllPub	Inside	Gtl	SawyerW	Feedr	Norm	Duplex	SFoyer	5	5	1979	1979	Gable	CompShg	Plywood	Plywood	BrkFace	216	TA	TA	CBlock	Gd	TA	Av	GLQ	1094	Unf	0	0	1094	GasA	TA	Y	SBrkr	1229	0	0	1229	2	0	0	2	2	2	Gd	6	Typ	2	TA	Detchd	1979	Unf	2	672	TA	TA	Y	120	0	0	0	0	0	NA	NA	NA	0	6	2009	WD 	Alloca	148325
815	0906226140	090	RL	64	7007	Pave	NA	Reg	Bnk	AllPub	Inside	Gtl	SawyerW	Norm	Norm	Duplex	1Story	5	5	1979	1979	Gable	CompShg	HdBoard	HdBoard	None	0	TA	TA	Slab	NA	NA	NA	NA	0	NA	0	0	0	GasA	TA	Y	SBrkr	1513	0	0	1513	0	0	2	0	4	2	TA	8	Typ	0	NA	Attchd	1979	Unf	2	400	TA	TA	Y	0	0	0	0	0	0	NA	NA	NA	0	6	2009	WD 	Alloca	113722
816	0906230010	090	RL		11855	Pave	NA	Reg	Lvl	AllPub	Inside	Gtl	SawyerW	Norm	Norm	Duplex	2Story	7	5	2000	2000	Hip	CompShg	VinylSd	VinylSd	BrkFace	23	TA	TA	PConc	Ex	TA	No	GLQ	820	Unf	0	348	1168	GasA	Ex	Y	SBrkr	1168	1619	0	2787	2	0	4	2	6	2	TA	8	Typ	2	TA	BuiltIn	2000	Fin	4	820	TA	TA	Y	312	0	0	0	0	0	NA	NA	NA	0	10	2009	WD 	Normal	269500
817	0906230020	090	RL		7939	Pave	NA	Reg	Lvl	AllPub	Inside	Gtl	SawyerW	Feedr	Norm	Duplex	2Story	7	5	2000	2000	Hip	CompShg	VinylSd	VinylSd	BrkFace	23	TA	TA	PConc	Ex	TA	No	GLQ	820	Unf	0	348	1168	GasA	Ex	Y	SBrkr	1168	1619	0	2787	2	0	4	2	6	2	TA	8	Typ	2	TA	BuiltIn	2000	Fin	4	820	TA	TA	Y	312	0	0	0	0	0	NA	NA	NA	0	10	2009	WD 	Normal	269500
818	0906230030	090	RL		7976	Pave	NA	Reg	Lvl	AllPub	Inside	Gtl	SawyerW	Feedr	Norm	Duplex	2Story	7	5	2000	2000	Hip	CompShg	VinylSd	VinylSd	BrkFace	23	TA	TA	PConc	Ex	TA	No	GLQ	820	Unf	0	348	1168	GasA	Ex	Y	SBrkr	1168	1619	0	2787	2	0	4	2	6	2	TA	8	Typ	2	TA	BuiltIn	2000	Fin	4	820	TA	TA	Y	312	0	0	0	0	0	NA	NA	NA	0	10	2009	WD 	Normal	269500
819	0906340100	020	RL	84	10933	Pave	NA	Reg	Lvl	AllPub	Inside	Gtl	CollgCr	Norm	Norm	1Fam	1Story	9	5	2009	2009	Hip	CompShg	VinylSd	VinylSd	Stone	242	Ex	TA	PConc	Ex	TA	Gd	GLQ	1021	Unf	0	534	1555	GasA	Ex	Y	SBrkr	1680	0	0	1680	1	0	1	1	1	1	Ex	8	Typ	1	Gd	Attchd	2009	Fin	3	1138	TA	TA	Y	185	24	0	0	0	0	NA	NA	NA	0	7	2009	New	Partial	323262
820	0906340110	020	RL	79	10637	Pave	NA	Reg	Lvl	AllPub	Inside	Gtl	CollgCr	Norm	Norm	1Fam	1Story	8	5	2007	2008	Hip	CompShg	VinylSd	VinylSd	Stone	336	Gd	TA	PConc	Ex	TA	Gd	GLQ	1288	Unf	0	417	1705	GasA	Ex	Y	SBrkr	1718	0	0	1718	1	0	2	0	3	1	Gd	7	Typ	1	Gd	Attchd	2007	RFn	3	826	TA	TA	Y	208	44	0	0	0	0	NA	NA	NA	0	9	2009	WD 	Normal	297000
821	0906340120	020	RL	61	10226	Pave	NA	IR1	Lvl	AllPub	Inside	Gtl	CollgCr	Norm	Norm	1Fam	1Story	8	5	2008	2008	Gable	CompShg	VinylSd	VinylSd	Stone	270	Gd	TA	PConc	Ex	TA	Gd	Unf	0	Unf	0	1622	1622	GasA	Ex	Y	SBrkr	1630	0	0	1630	1	0	2	0	3	1	Ex	8	Typ	1	Gd	Attchd	2008	RFn	3	860	TA	TA	Y	172	42	0	0	0	0	NA	NA	NA	0	1	2009	WD 	Normal	295493
822	0906340130	020	RL	65	10816	Pave	NA	IR1	Lvl	AllPub	Inside	Gtl	CollgCr	Norm	Norm	1Fam	1Story	9	5	2008	2008	Gable	CompShg	VinylSd	VinylSd	Stone	364	Ex	TA	PConc	Ex	TA	Gd	GLQ	1104	Unf	0	616	1720	GasA	Ex	Y	SBrkr	1720	0	0	1720	1	0	2	0	3	1	Ex	8	Typ	1	Gd	Attchd	2008	RFn	3	846	TA	TA	Y	208	104	0	0	0	0	NA	NA	NA	0	11	2009	WD 	Normal	332000
823	0906378110	020	RL	71	9178	Pave	NA	Reg	Lvl	AllPub	Inside	Gtl	CollgCr	Norm	Norm	1Fam	1Story	8	5	2008	2008	Gable	CompShg	VinylSd	VinylSd	None	0	Gd	TA	PConc	Gd	TA	Av	Unf	0	Unf	0	1468	1468	GasA	Ex	Y	SBrkr	1468	0	0	1468	0	0	2	0	3	1	Gd	6	Typ	1	Gd	Attchd	2008	RFn	3	904	TA	TA	Y	192	142	0	0	0	0	NA	NA	NA	0	6	2009	WD 	Normal	239900
824	0906380050	060	RL	68	10769	Pave	NA	IR1	Lvl	AllPub	Inside	Gtl	CollgCr	Norm	Norm	1Fam	2Story	8	5	2007	2007	Gable	CompShg	VinylSd	VinylSd	None	0	Gd	TA	PConc	Gd	TA	Av	GLQ	20	Unf	0	846	866	GasA	Ex	Y	SBrkr	866	902	0	1768	0	0	2	1	3	1	Gd	7	Typ	0	NA	Attchd	2007	RFn	2	578	TA	TA	Y	144	105	0	0	0	0	NA	NA	NA	0	4	2009	WD 	Normal	212000
825	0906380060	020	RL	77	11422	Pave	NA	IR1	Lvl	AllPub	Inside	Gtl	CollgCr	Norm	Norm	1Fam	1Story	8	5	2007	2008	Hip	CompShg	VinylSd	VinylSd	Stone	352	Gd	TA	PConc	Ex	TA	Av	GLQ	1359	Unf	0	479	1838	GasA	Ex	Y	SBrkr	1838	0	0	1838	1	0	2	0	3	1	Gd	7	Typ	2	Gd	Attchd	2007	RFn	2	524	TA	TA	Y	154	222	0	0	0	0	NA	NA	NA	0	4	2009	WD 	Normal	272500
826	0906380100	020	RL	122	11923	Pave	NA	IR1	Lvl	AllPub	Corner	Gtl	CollgCr	Norm	Norm	1Fam	1Story	9	5	2007	2007	Gable	CompShg	VinylSd	VinylSd	None	0	Gd	TA	PConc	Ex	TA	No	Unf	0	Unf	0	1800	1800	GasA	Ex	Y	SBrkr	1800	0	0	1800	0	0	2	0	2	1	Ex	7	Typ	0	NA	Attchd	2007	Fin	2	702	TA	TA	Y	288	136	0	0	0	0	NA	NA	NA	0	5	2009	WD 	Normal	239000
827	0906380130	020	RL	68	8814	Pave	NA	Reg	Lvl	AllPub	Inside	Gtl	CollgCr	Norm	Norm	1Fam	1Story	7	5	2006	2006	Gable	CompShg	VinylSd	VinylSd	Stone	180	Gd	TA	PConc	Gd	TA	No	GLQ	1334	Unf	0	270	1604	GasA	Ex	Y	SBrkr	1604	0	0	1604	1	0	2	1	3	1	Gd	8	Typ	1	Gd	Attchd	2006	RFn	2	660	TA	TA	Y	123	110	0	0	0	0	NA	NA	NA	0	3	2009	WD 	Abnorml	220000
828	0906380210	020	RL	64	6762	Pave	NA	Reg	Lvl	AllPub	Inside	Gtl	CollgCr	Norm	Norm	1Fam	1Story	7	5	2007	2007	Gable	CompShg	VinylSd	VinylSd	None	0	Gd	TA	PConc	Gd	TA	Av	GLQ	902	Unf	0	380	1282	GasA	Ex	Y	SBrkr	1290	0	0	1290	1	0	2	0	2	1	Gd	6	Typ	1	Gd	Attchd	2007	RFn	2	662	TA	TA	Y	168	0	0	0	0	0	NA	NA	NA	0	5	2009	WD 	Normal	200000
829	0906380220	020	RL	95	10324	Pave	NA	IR1	Lvl	AllPub	Corner	Gtl	CollgCr	Norm	Norm	1Fam	1Story	8	5	2008	2008	Gable	CompShg	VinylSd	VinylSd	BrkFace	140	Gd	TA	PConc	Gd	TA	Av	GLQ	872	Unf	0	382	1254	GasA	Ex	Y	SBrkr	1254	0	0	1254	1	0	2	0	2	1	Gd	5	Typ	0	NA	Attchd	2008	RFn	3	810	TA	TA	Y	168	92	0	0	0	0	NA	NA	NA	0	3	2009	WD 	Normal	221800
830	0906392070	020	RL	64	7314	Pave	NA	Reg	Lvl	AllPub	Inside	Gtl	CollgCr	Norm	Norm	1Fam	1Story	7	5	2007	2007	Gable	CompShg	VinylSd	VinylSd	Stone	82	Gd	TA	PConc	Gd	TA	Av	GLQ	724	Unf	0	508	1232	GasA	Ex	Y	SBrkr	1232	0	0	1232	1	0	2	0	2	1	Gd	6	Typ	0	NA	Attchd	2007	RFn	2	632	TA	TA	Y	132	0	0	0	0	0	NA	NA	NA	0	2	2009	WD 	Normal	194500
831	0906392110	020	RL	78	11645	Pave	NA	Reg	Lvl	AllPub	Inside	Gtl	CollgCr	Norm	Norm	1Fam	1Story	8	5	2005	2006	Gable	CompShg	VinylSd	VinylSd	Stone	76	Gd	TA	PConc	Ex	TA	Gd	GLQ	24	Unf	0	1474	1498	GasA	Ex	Y	SBrkr	1498	0	0	1498	0	0	2	0	3	1	Gd	7	Typ	1	Gd	Attchd	2005	Fin	3	844	TA	TA	Y	144	98	0	0	0	0	NA	NA	NA	0	3	2009	WD 	Normal	237000
832	0906392130	060	RL	79	11646	Pave	NA	IR1	Lvl	AllPub	Inside	Gtl	CollgCr	Norm	Norm	1Fam	2Story	6	5	2005	2006	Gable	CompShg	VinylSd	VinylSd	None	0	Gd	TA	PConc	Gd	TA	Av	Unf	0	Unf	0	704	704	GasA	Ex	Y	SBrkr	704	718	0	1422	0	0	2	1	3	1	Gd	7	Typ	1	Gd	Attchd	2005	Fin	2	440	TA	TA	Y	36	28	0	0	0	0	NA	NA	NA	0	7	2009	WD 	Normal	173000
833	0906402060	080	RL		12800	Pave	NA	Reg	Low	AllPub	Inside	Mod	SawyerW	Norm	Norm	1Fam	SLvl	7	5	1989	1989	Gable	CompShg	Wd Sdng	Wd Sdng	BrkFace	145	Gd	TA	PConc	Gd	TA	Gd	GLQ	1518	Unf	0	0	1518	GasA	Gd	Y	SBrkr	1644	0	0	1644	1	1	2	0	2	1	Gd	5	Typ	1	TA	Attchd	1989	Fin	2	569	TA	TA	Y	80	0	0	0	396	0	NA	NA	NA	0	8	2009	WD 	Normal	275000
834	0906426210	060	RL		16698	Pave	NA	IR1	HLS	AllPub	CulDSac	Mod	ClearCr	Norm	Norm	1Fam	2Story	7	5	1992	1993	Gable	CompShg	VinylSd	VinylSd	None	0	Gd	TA	PConc	Gd	TA	Av	GLQ	800	Unf	0	649	1449	GasA	Gd	Y	SBrkr	944	815	0	1759	1	0	2	1	3	1	Gd	7	Typ	1	TA	Attchd	1992	Unf	2	525	TA	TA	Y	150	193	0	0	0	0	NA	NA	NA	0	6	2009	WD 	Normal	233500
835	0906475070	060	RL		28698	Pave	NA	IR2	Low	AllPub	CulDSac	Sev	ClearCr	Norm	Norm	1Fam	2Story	5	5	1967	1967	Flat	Tar&Grv	Plywood	Plywood	None	0	TA	TA	PConc	TA	Gd	Gd	LwQ	249	ALQ	764	0	1013	GasA	TA	Y	SBrkr	1160	966	0	2126	0	1	2	1	3	1	TA	7	Min2	0	NA	Attchd	1967	Fin	2	538	TA	TA	Y	486	0	0	0	225	0	NA	NA	NA	0	6	2009	WD 	Abnorml	185000
836	0907126010	020	RL	82	12464	Pave	NA	IR2	Low	AllPub	Corner	Mod	CollgCr	Norm	Norm	1Fam	1Story	5	5	1996	1996	Gable	CompShg	VinylSd	VinylSd	None	0	TA	Gd	PConc	Gd	TA	No	GLQ	732	Unf	0	308	1040	GasA	Gd	Y	SBrkr	1040	0	0	1040	1	0	1	0	3	1	Gd	6	Typ	0	NA	Detchd	2000	Unf	2	576	TA	TA	Y	168	0	0	0	0	0	NA	GdPrv	NA	0	11	2009	WD 	Normal	152000
837	0907126050	020	RL	65	9757	Pave	NA	Reg	Low	AllPub	Inside	Mod	CollgCr	Norm	Norm	1Fam	1Story	5	7	1994	1994	Gable	CompShg	VinylSd	VinylSd	None	0	TA	Gd	PConc	TA	TA	No	ALQ	755	Unf	0	235	990	GasA	Ex	Y	SBrkr	990	0	0	990	1	0	1	0	3	1	TA	5	Typ	0	NA	Attchd	1995	RFn	1	440	TA	TA	Y	66	0	0	0	92	0	NA	NA	NA	0	10	2009	WD 	Normal	143000
838	0907130100	060	RL	65	15426	Pave	NA	IR1	Lvl	AllPub	Inside	Gtl	CollgCr	Norm	Norm	1Fam	2Story	6	5	1997	1997	Gable	CompShg	VinylSd	VinylSd	None	0	TA	TA	PConc	Gd	TA	No	GLQ	821	Unf	0	107	928	GasA	Ex	Y	SBrkr	928	836	0	1764	1	0	2	1	3	1	Gd	7	Typ	0	NA	Attchd	1997	RFn	2	470	TA	TA	Y	276	99	0	0	0	0	NA	MnPrv	NA	0	8	2009	WD 	Normal	231500
839	0907131090	060	RL	43	10667	Pave	NA	IR2	Lvl	AllPub	CulDSac	Gtl	CollgCr	PosN	Norm	1Fam	2Story	7	6	1996	1996	Gable	CompShg	VinylSd	VinylSd	None	0	Gd	TA	PConc	Gd	TA	Av	GLQ	385	ALQ	344	70	799	GasA	Ex	Y	SBrkr	827	834	0	1661	1	0	2	1	3	1	Gd	6	Typ	1	TA	Attchd	1996	RFn	2	550	TA	TA	Y	158	61	0	0	0	0	NA	NA	NA	0	4	2009	ConLw	Normal	212000
840	0907131190	020	RL	65	14753	Pave	NA	IR2	Low	AllPub	Inside	Gtl	CollgCr	PosN	Norm	1Fam	1Story	7	5	1998	1998	Gable	CompShg	VinylSd	VinylSd	None	0	TA	TA	PConc	Gd	TA	Mn	GLQ	950	Unf	0	513	1463	GasA	Ex	Y	SBrkr	1463	0	0	1463	1	0	2	0	3	1	TA	5	Typ	0	NA	Attchd	1998	Fin	2	539	TA	TA	Y	0	81	0	0	0	0	NA	GdPrv	NA	0	12	2009	WD 	Normal	207000
841	0907135040	020	RL	112	10859	Pave	NA	Reg	Lvl	AllPub	Corner	Gtl	CollgCr	Norm	Norm	1Fam	1Story	5	5	1994	1995	Gable	CompShg	VinylSd	VinylSd	None	0	TA	TA	PConc	Gd	TA	No	Unf	0	Unf	0	1097	1097	GasA	Ex	Y	SBrkr	1097	0	0	1097	0	0	1	1	3	1	TA	6	Typ	0	NA	Attchd	1995	Unf	2	672	TA	TA	Y	392	64	0	0	0	0	NA	NA	NA	0	6	2009	WD 	Normal	145000
842	0907135170	020	RL	60	8072	Pave	NA	Reg	Lvl	AllPub	Inside	Gtl	CollgCr	Norm	Norm	1Fam	1Story	5	5	1994	1995	Gable	CompShg	VinylSd	VinylSd	None	0	TA	Gd	PConc	Gd	Gd	No	ALQ	746	Unf	0	244	990	GasA	Ex	Y	SBrkr	990	0	0	990	1	0	1	0	3	1	TA	5	Typ	0	NA	Detchd	2000	Unf	2	480	TA	TA	Y	0	64	0	0	0	0	NA	NA	NA	0	5	2009	WD 	Normal	138000
843	0907175100	060	RL	80	10400	Pave	NA	Reg	Lvl	AllPub	Corner	Gtl	CollgCr	Norm	Norm	1Fam	2Story	7	5	1998	1998	Gable	CompShg	VinylSd	VinylSd	None	0	TA	TA	PConc	Gd	TA	Av	Unf	0	Unf	0	866	866	GasA	Ex	Y	SBrkr	866	913	0	1779	0	0	2	1	3	1	Gd	6	Typ	0	NA	Attchd	1998	RFn	2	546	TA	TA	Y	198	36	0	0	0	0	NA	NA	NA	0	3	2009	WD 	Normal	197900
844	0907180130	020	RL	78	10335	Pave	NA	IR1	Lvl	AllPub	Inside	Gtl	CollgCr	Norm	Norm	1Fam	1Story	7	5	1999	1999	Gable	CompShg	VinylSd	VinylSd	BrkFace	183	Gd	TA	PConc	Gd	TA	Gd	GLQ	679	Unf	0	811	1490	GasA	Ex	Y	SBrkr	1501	0	0	1501	1	0	2	0	3	1	Gd	6	Typ	0	NA	Attchd	1999	RFn	2	577	TA	TA	Y	144	29	0	0	0	0	NA	NA	NA	0	6	2009	WD 	Normal	204000
845	0907181100	020	RL	68	9017	Pave	NA	IR1	Lvl	AllPub	Inside	Gtl	CollgCr	Norm	Norm	1Fam	1Story	7	5	1999	1999	Gable	CompShg	VinylSd	VinylSd	None	0	Gd	TA	PConc	Gd	TA	Av	GLQ	560	Unf	0	871	1431	GasA	Ex	Y	SBrkr	1431	0	0	1431	1	0	2	0	3	1	Gd	6	Typ	0	NA	Attchd	1999	Fin	2	666	TA	TA	Y	0	35	0	0	0	0	NA	NA	NA	0	9	2009	WD 	Normal	192000
846	0907185050	060	RL	70	8750	Pave	NA	Reg	Lvl	AllPub	Inside	Gtl	CollgCr	Norm	Norm	1Fam	2Story	6	5	1998	1998	Gable	CompShg	VinylSd	VinylSd	BrkFace	120	TA	TA	PConc	Gd	TA	No	GLQ	606	Unf	0	322	928	GasA	Ex	Y	SBrkr	928	844	0	1772	1	0	2	1	3	1	TA	7	Typ	1	TA	Attchd	1998	RFn	2	492	TA	TA	Y	150	96	0	0	0	0	NA	NA	NA	0	4	2009	WD 	Normal	200000
847	0907192030	060	RL	68	8935	Pave	NA	IR1	Lvl	AllPub	Inside	Gtl	CollgCr	Norm	Norm	1Fam	2Story	7	5	2002	2002	Gable	CompShg	VinylSd	VinylSd	BrkFace	95	Gd	TA	PConc	Gd	TA	No	Unf	0	Unf	0	831	831	GasA	Ex	Y	SBrkr	831	829	0	1660	0	0	2	1	3	1	Gd	7	Typ	0	NA	Attchd	2002	RFn	2	493	TA	TA	Y	144	68	0	0	0	0	NA	NA	NA	0	7	2009	WD 	Normal	195000
848	0907192090	020	RL	67	9808	Pave	NA	IR1	Lvl	AllPub	Inside	Gtl	CollgCr	Norm	Norm	1Fam	1Story	7	5	2002	2002	Gable	CompShg	VinylSd	VinylSd	BrkFace	110	Gd	TA	PConc	Gd	TA	No	GLQ	788	Unf	0	785	1573	GasA	Ex	Y	SBrkr	1573	0	0	1573	1	0	2	0	3	1	Gd	6	Typ	0	NA	Attchd	2002	RFn	2	544	TA	TA	Y	0	72	0	0	0	0	NA	NA	NA	0	3	2009	WD 	Normal	227000
849	0907194010	060	RL	79	12420	Pave	NA	Reg	Lvl	AllPub	Inside	Gtl	CollgCr	Norm	Norm	1Fam	2Story	7	5	2001	2001	Gable	CompShg	VinylSd	VinylSd	None	0	Gd	TA	PConc	Gd	TA	No	GLQ	666	Unf	0	278	944	GasA	Ex	Y	SBrkr	944	896	0	1840	1	0	2	1	3	1	Gd	6	Typ	0	NA	Attchd	2001	RFn	2	622	TA	TA	Y	0	45	0	0	0	0	NA	NA	NA	0	6	2009	WD 	Normal	230000
850	0907194110	020	RL	67	16285	Pave	NA	IR2	Lvl	AllPub	Inside	Gtl	CollgCr	Norm	Norm	1Fam	1Story	7	5	2001	2002	Gable	CompShg	VinylSd	VinylSd	None	0	Gd	TA	PConc	Gd	TA	No	Unf	0	Unf	0	1413	1413	GasA	Ex	Y	SBrkr	1430	0	0	1430	0	0	2	0	3	1	Gd	6	Typ	0	NA	Attchd	2001	RFn	2	605	TA	TA	Y	0	33	0	0	0	0	NA	NA	NA	0	6	2009	WD 	Normal	187100
851	0907194160	020	RL	65	10739	Pave	NA	IR1	Lvl	AllPub	Inside	Gtl	CollgCr	Norm	Norm	1Fam	1Story	7	5	2002	2001	Gable	CompShg	VinylSd	VinylSd	BrkFace	68	Gd	TA	PConc	Gd	TA	No	GLQ	1259	Unf	0	172	1431	GasA	Ex	Y	SBrkr	1444	0	0	1444	1	0	2	0	3	1	Gd	6	Typ	0	NA	Attchd	2002	RFn	2	577	TA	TA	Y	144	40	0	0	0	0	NA	NA	NA	0	4	2009	WD 	Normal	203000
852	0907196060	020	RL	75	11166	Pave	NA	Reg	Lvl	AllPub	Inside	Gtl	CollgCr	Norm	Norm	1Fam	1Story	7	5	2001	2001	Gable	CompShg	VinylSd	VinylSd	BrkFace	180	Gd	TA	PConc	Gd	TA	Mn	GLQ	24	Unf	0	1468	1492	GasA	Ex	Y	SBrkr	1492	0	0	1492	0	0	2	0	3	1	Gd	6	Typ	1	TA	Attchd	2001	RFn	2	608	TA	TA	Y	0	114	0	0	168	0	NA	NA	NA	0	7	2009	WD 	Family	201000
853	0907200230	020	RL	60	8430	Pave	NA	Reg	HLS	AllPub	Inside	Mod	CollgCr	Norm	Norm	1Fam	1Story	5	5	1978	1978	Gable	CompShg	HdBoard	HdBoard	BrkFace	136	TA	TA	CBlock	Gd	TA	No	Rec	616	Unf	0	424	1040	GasA	TA	Y	SBrkr	1040	0	0	1040	0	0	2	0	3	1	TA	5	Typ	0	NA	NA		NA	0	0	NA	NA	Y	0	0	0	0	0	0	NA	NA	NA	0	8	2009	WD 	Normal	124000
854	0907201220	020	RL		16269	Pave	NA	IR1	Lvl	AllPub	CulDSac	Gtl	CollgCr	Norm	Norm	1Fam	1Story	5	5	1978	1978	Gable	CompShg	MetalSd	MetalSd	BrkFace	76	TA	TA	BrkTil	Gd	TA	Av	GLQ	625	Unf	0	282	907	GasA	TA	Y	SBrkr	907	0	0	907	0	0	1	0	3	1	TA	5	Typ	0	NA	Attchd	1978	Unf	1	343	TA	TA	Y	72	0	0	0	0	0	NA	MnPrv	NA	0	7	2009	WD 	Normal	140000
855	0907201280	020	RL	76	6950	Pave	NA	IR1	Lvl	AllPub	Inside	Gtl	CollgCr	Norm	Norm	1Fam	1Story	5	7	1979	1979	Gable	CompShg	HdBoard	HdBoard	BrkFace	40	TA	TA	CBlock	TA	TA	No	ALQ	710	BLQ	72	132	914	GasA	TA	Y	SBrkr	914	0	0	914	1	0	1	0	2	1	TA	5	Typ	0	NA	Attchd	1979	Unf	2	444	TA	TA	Y	0	0	0	0	0	0	NA	NA	NA	0	10	2009	WD 	Normal	134900
856	0907202050	020	RL	61	8800	Pave	NA	IR1	Lvl	AllPub	Inside	Gtl	CollgCr	Norm	Norm	1Fam	1Story	5	7	1977	2008	Gable	CompShg	HdBoard	HdBoard	None	0	TA	TA	CBlock	Gd	TA	Mn	LwQ	532	Rec	144	364	1040	GasA	TA	Y	SBrkr	1040	0	0	1040	0	0	2	0	3	1	Gd	5	Typ	0	NA	Detchd	1977	Unf	2	484	TA	TA	Y	0	0	0	0	288	0	NA	NA	NA	0	9	2009	WD 	Normal	150500
857	0907202080	020	RL		7000	Pave	NA	IR1	Lvl	AllPub	CulDSac	Gtl	CollgCr	Norm	Norm	1Fam	1Story	5	8	1978	2005	Gable	CompShg	VinylSd	VinylSd	BrkFace	90	Gd	Gd	CBlock	TA	TA	No	ALQ	646	Unf	0	218	864	GasA	Ex	Y	SBrkr	864	0	0	864	1	0	1	0	3	1	TA	6	Typ	0	NA	Attchd	1978	Unf	1	336	TA	TA	Y	0	0	0	0	0	0	NA	GdWo	NA	0	7	2009	WD 	Normal	136500
858	0907202130	020	RL		9286	Pave	NA	IR1	Lvl	AllPub	CulDSac	Mod	CollgCr	Norm	Norm	1Fam	1Story	5	7	1977	1989	Gable	CompShg	HdBoard	Plywood	None	0	TA	TA	CBlock	Gd	Gd	Av	ALQ	196	Unf	0	1072	1268	GasA	TA	Y	SBrkr	1268	0	0	1268	0	0	1	1	3	1	Gd	5	Typ	0	NA	Detchd	1978	Unf	1	252	TA	TA	Y	173	0	0	0	0	0	NA	NA	NA	0	10	2009	WD 	Normal	143500
859	0907227030	020	RL	36	15523	Pave	NA	IR1	Lvl	AllPub	CulDSac	Gtl	CollgCr	Norm	Norm	1Fam	1Story	5	6	1972	1972	Gable	CompShg	HdBoard	Plywood	None	0	TA	TA	CBlock	TA	TA	Av	BLQ	460	Unf	0	404	864	GasA	Ex	Y	SBrkr	864	0	0	864	1	0	1	0	3	1	TA	5	Typ	1	Fa	Attchd	1972	Unf	1	338	TA	TA	Y	0	0	0	0	0	0	NA	NA	NA	0	8	2009	WD 	Normal	133500
860	0907227080	020	RL	60	7200	Pave	NA	Reg	Low	AllPub	Inside	Gtl	CollgCr	Norm	Norm	1Fam	1Story	5	5	1972	1972	Hip	CompShg	MetalSd	MetalSd	None	0	TA	TA	CBlock	TA	TA	Av	Rec	777	Unf	0	117	894	GasA	TA	Y	SBrkr	894	0	0	894	0	0	1	0	2	1	TA	6	Typ	0	NA	Detchd	1985	RFn	2	600	TA	TA	Y	215	0	0	0	0	0	NA	NA	NA	0	9	2009	WD 	Normal	123000
861	0907227110	085	RL	60	7200	Pave	NA	Reg	Lvl	AllPub	Inside	Gtl	CollgCr	Norm	Norm	1Fam	SFoyer	5	8	1972	2003	Gable	CompShg	WdShing	HdBoard	None	0	TA	Gd	CBlock	Gd	TA	Av	GLQ	660	Unf	0	108	768	GasA	Gd	Y	SBrkr	768	0	0	768	0	1	1	0	2	1	TA	5	Typ	0	NA	Detchd	1974	Fin	1	396	TA	TA	Y	192	0	0	0	0	0	NA	MnPrv	NA	0	4	2009	WD 	Normal	133900
862	0907227290	085	RL	70	8445	Pave	NA	Reg	Lvl	AllPub	Corner	Gtl	CollgCr	Norm	Norm	1Fam	SFoyer	5	7	1972	2007	Gable	CompShg	HdBoard	Wd Shng	None	0	TA	TA	CBlock	Gd	TA	Av	GLQ	656	Unf	0	112	768	GasA	TA	Y	SBrkr	768	0	0	768	1	0	1	0	2	1	TA	5	Typ	0	NA	Detchd	1988	Unf	2	396	TA	TA	Y	58	0	0	0	0	0	NA	MnPrv	NA	0	3	2009	WD 	Normal	133000
863	0907250070	020	RL	90	11664	Pave	NA	Reg	Lvl	AllPub	Corner	Gtl	CollgCr	Norm	Norm	1Fam	1Story	7	5	2002	2002	Hip	CompShg	VinylSd	VinylSd	None	0	Gd	TA	PConc	Gd	TA	Av	GLQ	1234	Unf	0	335	1569	GasA	Ex	Y	SBrkr	1611	0	0	1611	1	0	2	0	3	1	Gd	6	Typ	0	NA	Attchd	2002	RFn	3	1231	TA	TA	Y	262	93	0	0	0	0	NA	NA	NA	0	9	2009	WD 	Normal	250000
864	0907252060	060	RL		12334	Pave	NA	IR1	Lvl	AllPub	Inside	Gtl	CollgCr	Norm	Norm	1Fam	2Story	8	5	2003	2003	Gable	CompShg	VinylSd	VinylSd	BrkFace	198	Gd	TA	PConc	Gd	TA	Av	Unf	0	Unf	0	1068	1068	GasA	Ex	Y	SBrkr	1068	1116	0	2184	0	0	2	1	4	1	Gd	8	Typ	1	Gd	BuiltIn	2003	RFn	2	570	TA	TA	Y	192	132	0	0	0	0	NA	NA	NA	0	6	2009	WD 	Normal	254750
865	0907252210	020	RL		11838	Pave	NA	Reg	Lvl	AllPub	Inside	Gtl	CollgCr	Norm	Norm	1Fam	1Story	8	5	2001	2001	Hip	CompShg	VinylSd	VinylSd	None	0	Gd	TA	PConc	Gd	TA	Av	Unf	0	Unf	0	1753	1753	GasA	Ex	Y	SBrkr	1788	0	0	1788	0	0	2	0	3	1	Ex	7	Typ	1	TA	Attchd	2001	RFn	2	522	TA	TA	Y	202	151	0	0	0	0	NA	NA	NA	0	6	2009	WD 	Normal	236500
866	0907252220	060	RL		11885	Pave	NA	Reg	Lvl	AllPub	Inside	Gtl	CollgCr	Norm	Norm	1Fam	2Story	8	5	2001	2001	Gable	CompShg	VinylSd	VinylSd	BrkFace	108	Gd	TA	PConc	Gd	TA	Av	GLQ	990	Unf	0	309	1299	GasA	Ex	Y	SBrkr	1299	573	0	1872	1	0	2	1	3	1	Ex	7	Typ	1	TA	BuiltIn	2001	RFn	2	531	TA	TA	Y	160	122	0	0	0	0	NA	NA	NA	0	11	2009	WD 	Normal	261500
867	0907253130	060	RL		11050	Pave	NA	Reg	Lvl	AllPub	Inside	Gtl	CollgCr	PosN	Norm	1Fam	2Story	9	5	2000	2000	Hip	CompShg	VinylSd	VinylSd	BrkFace	204	Gd	TA	PConc	Ex	TA	Mn	GLQ	904	Unf	0	536	1440	GasA	Ex	Y	SBrkr	1476	677	0	2153	1	0	2	1	3	1	Ex	8	Typ	2	Ex	Attchd	2000	Fin	3	736	TA	TA	Y	253	142	0	0	0	0	NA	NA	NA	0	5	2009	WD 	Normal	313000
868	0907260030	060	RL	70	8749	Pave	NA	Reg	Lvl	AllPub	Inside	Gtl	CollgCr	Norm	Norm	1Fam	2Story	7	5	2002	2002	Gable	CompShg	VinylSd	VinylSd			Gd	TA	PConc	Gd	TA	No	Unf	0	Unf	0	840	840	GasA	Ex	Y	SBrkr	840	885	0	1725	0	0	2	1	3	1	Gd	6	Typ	0	NA	Attchd	2002	RFn	2	550	TA	TA	Y	0	48	0	0	0	0	NA	NA	NA	0	11	2009	WD 	Normal	198500
869	0907265010	060	RL		11250	Pave	NA	Reg	Lvl	AllPub	Corner	Gtl	CollgCr	Norm	Norm	1Fam	2Story	7	5	2001	2001	Gable	CompShg	VinylSd	VinylSd	None	0	Gd	TA	PConc	Gd	TA	No	Unf	0	Unf	0	944	944	GasA	Ex	Y	SBrkr	944	926	0	1870	0	0	2	1	3	1	Gd	6	Typ	0	NA	Attchd	2001	RFn	2	608	TA	TA	Y	256	43	0	0	0	0	NA	NA	NA	0	5	2009	WD 	Normal	211000
870	0907275010	020	RL	90	15750	Pave	NA	Reg	Lvl	AllPub	FR3	Gtl	CollgCr	Feedr	Norm	1Fam	1Story	8	5	1999	2000	Gable	CompShg	VinylSd	VinylSd	BrkFace	260	Gd	TA	PConc	Gd	TA	Gd	GLQ	1246	Unf	0	216	1462	GasA	Ex	Y	SBrkr	1513	0	0	1513	1	0	2	0	2	1	Gd	5	Typ	1	TA	Attchd	1999	Fin	2	521	TA	TA	Y	135	34	0	0	0	0	NA	NA	NA	0	6	2009	WD 	Normal	220000
871	0907275090	020	RL	73	11883	Pave	NA	Reg	Lvl	AllPub	Inside	Gtl	CollgCr	Norm	Norm	1Fam	1Story	7	5	1996	1996	Hip	CompShg	VinylSd	VinylSd	BrkFace	196	Gd	TA	PConc	Gd	TA	Gd	GLQ	690	Unf	0	814	1504	GasA	Ex	Y	SBrkr	1504	0	0	1504	1	0	2	0	3	1	Gd	6	Typ	1	TA	Attchd	1996	Fin	2	478	TA	TA	Y	115	66	0	0	0	0	NA	NA	NA	0	6	2009	WD 	Normal	203000
872	0907275140	020	RL		12782	Pave	NA	Reg	Lvl	AllPub	Inside	Gtl	CollgCr	Norm	Norm	1Fam	1Story	8	5	2002	2003	Hip	CompShg	HdBoard	HdBoard	BrkFace	164	Gd	TA	PConc	Ex	TA	Gd	GLQ	1360	Unf	0	462	1822	GasA	Ex	Y	SBrkr	1828	0	0	1828	1	0	2	0	3	1	Gd	7	Typ	1	Gd	Attchd	2002	Fin	2	523	TA	TA	Y	194	144	0	0	0	0	NA	NA	NA	0	6	2009	WD 	Normal	279500
873	0907280170	020	RL	70	8750	Pave	NA	Reg	Lvl	AllPub	Inside	Gtl	CollgCr	Norm	Norm	1Fam	1Story	7	5	1997	1998	Gable	CompShg	VinylSd	VinylSd	BrkFace	209	Gd	TA	PConc	Gd	TA	Av	GLQ	1111	Unf	0	306	1417	GasA	Ex	Y	SBrkr	1417	0	0	1417	1	0	2	0	3	1	Gd	7	Typ	1	TA	Attchd	1997	Unf	2	511	TA	TA	Y	60	0	0	0	117	0	NA	NA	NA	0	8	2009	WD 	Normal	210000
874	0907285020	060	RL		9375	Pave	NA	Reg	Lvl	AllPub	Inside	Gtl	CollgCr	Norm	Norm	1Fam	2Story	7	5	1997	1998	Gable	CompShg	VinylSd	VinylSd	BrkFace	573	TA	TA	PConc	Gd	TA	No	GLQ	739	Unf	0	318	1057	GasA	Ex	Y	SBrkr	1057	977	0	2034	1	0	2	1	3	1	Gd	8	Typ	0	NA	Attchd	1998	RFn	2	645	TA	TA	Y	576	36	0	0	0	0	NA	GdPrv	NA	0	2	2009	WD 	Normal	219500
875	0907285050	060	RL	70	8750	Pave	NA	Reg	Lvl	AllPub	Inside	Gtl	CollgCr	Norm	Norm	1Fam	2Story	7	5	1996	1996	Gable	CompShg	VinylSd	VinylSd	None	0	Gd	TA	PConc	Gd	TA	No	Unf	0	Unf	0	880	880	GasA	Ex	Y	SBrkr	909	807	0	1716	0	0	2	1	2	1	Gd	7	Typ	1	TA	Attchd	1996	RFn	2	512	TA	TA	Y	0	120	0	0	0	0	NA	NA	NA	0	7	2009	WD 	Normal	191000
876	0907290070	020	RL	70	9100	Pave	NA	Reg	Lvl	AllPub	Inside	Gtl	CollgCr	Norm	Norm	1Fam	1Story	7	5	2001	2001	Gable	CompShg	VinylSd	VinylSd	None	0	Gd	TA	PConc	Gd	TA	No	Unf	0	Unf	0	1212	1212	GasA	Ex	Y	SBrkr	1212	0	0	1212	0	0	2	0	3	1	Gd	6	Typ	0	NA	Attchd	2001	RFn	2	573	TA	TA	Y	356	0	0	0	0	0	NA	NA	NA	0	6	2009	WD 	Normal	178000
877	0907290090	020	RL	75	9750	Pave	NA	Reg	Lvl	AllPub	Inside	Gtl	CollgCr	Norm	Norm	1Fam	1Story	7	5	2000	2001	Gable	CompShg	VinylSd	VinylSd	BrkFace	171	Gd	TA	PConc	Gd	TA	No	Unf	0	Unf	0	1630	1630	GasA	Ex	Y	SBrkr	1630	0	0	1630	0	0	2	0	3	1	Gd	6	Typ	1	TA	Attchd	2000	Unf	2	451	TA	TA	Y	74	234	0	0	0	0	NA	NA	NA	0	10	2009	WD 	Normal	213000
878	0907290180	120	RM		4435	Pave	NA	Reg	Lvl	AllPub	Inside	Gtl	CollgCr	Norm	Norm	TwnhsE	1Story	6	5	2003	2004	Gable	CompShg	VinylSd	VinylSd	BrkFace	170	Gd	TA	PConc	Gd	TA	Av	GLQ	685	Unf	0	163	848	GasA	Ex	Y	SBrkr	848	0	0	848	1	0	1	0	1	1	Gd	4	Typ	0	NA	Attchd	2003	Fin	2	420	TA	TA	Y	140	0	0	0	0	0	NA	NA	NA	0	6	2009	WD 	Normal	144000
879	0907290210	120	RM		4435	Pave	NA	Reg	Lvl	AllPub	Inside	Gtl	CollgCr	Norm	Norm	TwnhsE	1Story	6	5	2003	2003	Gable	CompShg	VinylSd	VinylSd	BrkFace	170	Gd	TA	PConc	Gd	TA	Av	GLQ	685	Unf	0	163	848	GasA	Ex	Y	SBrkr	848	0	0	848	1	0	1	0	1	1	Gd	4	Typ	0	NA	Attchd	2003	Fin	2	420	TA	TA	Y	140	0	0	0	0	0	NA	NA	NA	0	5	2009	WD 	Normal	140000
880	0907410130	020	RL	85	10200	Pave	NA	Reg	Lvl	AllPub	Inside	Gtl	CollgCr	Norm	Norm	1Fam	1Story	8	5	2007	2007	Gable	CompShg	VinylSd	VinylSd	BrkFace	180	Gd	TA	PConc	Gd	TA	Av	GLQ	1478	Unf	0	100	1578	GasA	Ex	Y	SBrkr	1602	0	0	1602	1	0	2	0	3	1	Gd	7	Typ	1	Gd	Attchd	2007	RFn	3	810	TA	TA	Y	0	48	0	0	195	0	NA	NA	NA	0	1	2009	WD 	Normal	293200
881	0907412020	060	RL	65	9313	Pave	NA	IR1	Lvl	AllPub	Inside	Gtl	CollgCr	Norm	Norm	1Fam	2Story	7	5	2004	2004	Gable	CompShg	VinylSd	VinylSd	None	0	Gd	TA	PConc	Gd	TA	No	Unf	0	Unf	0	864	864	GasA	Ex	Y	SBrkr	864	864	0	1728	0	0	2	1	3	1	Gd	7	Typ	0	NA	Attchd	2004	RFn	2	572	TA	TA	Y	187	56	0	0	0	0	NA	NA	NA	0	4	2009	WD 	Normal	190000
882	0907414020	020	RL	63	8487	Pave	NA	Reg	Lvl	AllPub	FR2	Gtl	CollgCr	Norm	Norm	1Fam	1Story	7	5	2004	2004	Gable	CompShg	VinylSd	VinylSd	BrkFace	210	Gd	TA	PConc	Gd	TA	Av	GLQ	20	Unf	0	1480	1500	GasA	Ex	Y	SBrkr	1500	0	0	1500	0	0	2	0	3	1	Gd	6	Typ	0	NA	Attchd	2004	RFn	2	570	TA	TA	Y	192	36	0	0	0	0	NA	NA	NA	0	8	2009	WD 	Normal	190000
883	0907414080	060	RL	64	8633	Pave	NA	Reg	Lvl	AllPub	FR2	Gtl	CollgCr	Norm	Norm	1Fam	2Story	6	5	2005	2005	Gable	CompShg	VinylSd	VinylSd	None	0	Gd	TA	PConc	Gd	TA	No	GLQ	193	Unf	0	545	738	GasA	Ex	Y	SBrkr	738	738	0	1476	1	0	2	1	3	1	Gd	7	Typ	0	NA	Attchd	2005	Fin	2	540	TA	TA	Y	100	35	0	0	0	0	NA	NA	NA	0	2	2009	WD 	Normal	173500
884	0907420040	060	RL	85	11069	Pave	NA	Reg	Lvl	AllPub	Corner	Gtl	CollgCr	Norm	Norm	1Fam	2Story	6	5	2007	2007	Gable	CompShg	VinylSd	VinylSd	None	0	Gd	TA	PConc	Gd	TA	No	Unf	0	Unf	0	608	608	GasA	Ex	Y	SBrkr	608	788	0	1396	0	0	2	1	3	1	Gd	6	Typ	1	Gd	BuiltIn	2007	Fin	2	440	TA	TA	Y	100	36	0	0	0	0	NA	NA	NA	0	7	2009	WD 	Normal	170000
885	0908102050	020	RL	67	8777	Pave	NA	Reg	Lvl	AllPub	Inside	Gtl	Edwards	Feedr	Norm	1Fam	1Story	4	5	1949	2003	Gable	CompShg	VinylSd	VinylSd	None	0	TA	TA	CBlock	NA	NA	NA	NA	0	NA	0	0	0	GasA	Ex	Y	SBrkr	1126	0	0	1126	0	0	2	0	2	1	Gd	5	Typ	0	NA	Detchd	2002	Fin	2	520	TA	TA	N	0	96	0	0	0	0	NA	MnPrv	NA	0	5	2009	WD 	Normal	108000
886	0908102270	020	RL	75	9937	Pave	NA	Reg	Lvl	AllPub	Corner	Gtl	Edwards	Norm	Norm	1Fam	1Story	5	7	1964	1999	Hip	CompShg	MetalSd	MetalSd	None	0	TA	Gd	PConc	TA	TA	No	BLQ	637	Unf	0	849	1486	GasA	Ex	Y	SBrkr	1486	0	0	1486	1	0	1	0	3	1	TA	7	Typ	0	NA	Detchd	1968	Fin	2	480	TA	TA	Y	0	0	0	0	0	0	NA	MnPrv	NA	0	3	2009	WD 	Normal	167000
887	0908102290	020	RL	67	8877	Pave	NA	Reg	Lvl	AllPub	Inside	Mod	Edwards	Norm	Norm	1Fam	1Story	4	6	1938	1958	Gable	CompShg	MetalSd	MetalSd	None	0	TA	TA	CBlock	TA	TA	Mn	ALQ	690	Unf	0	126	816	GasA	Ex	Y	SBrkr	816	0	0	816	1	0	1	0	2	1	TA	3	Typ	1	Gd	Detchd	1958	Unf	1	288	Fa	Fa	Y	0	0	0	0	0	0	NA	NA	NA	0	5	2009	WD 	Normal	100000
888	0908128060	085	RL	64	7301	Pave	NA	Reg	Lvl	AllPub	Corner	Gtl	Edwards	Norm	Norm	1Fam	SFoyer	7	5	2003	2003	Gable	CompShg	HdBoard	HdBoard	BrkFace	500	Gd	TA	Slab	NA	NA	NA	NA	0	NA	0	0	0	GasA	Ex	Y	SBrkr	495	1427	0	1922	0	0	3	0	4	1	Gd	7	Typ	1	Ex	BuiltIn	2003	RFn	2	672	TA	TA	Y	0	0	177	0	0	0	NA	NA	NA	0	7	2009	ConLD	Normal	198500
889	0908151050	060	RL	75	7950	Pave	NA	IR1	Bnk	AllPub	Corner	Gtl	Edwards	Norm	Norm	1Fam	2Story	6	6	1977	1977	Hip	CompShg	HdBoard	Plywood	BrkFace	140	TA	TA	CBlock	TA	TA	No	BLQ	535	Unf	0	155	690	GasA	TA	Y	SBrkr	698	728	0	1426	0	0	1	1	3	1	TA	6	Typ	0	NA	Attchd	1977	Fin	2	440	TA	TA	Y	252	0	0	0	0	0	NA	MnPrv	NA	0	7	2009	WD 	Normal	159500
890	0908152035	020	RL	80	10682	Pave	NA	Reg	Lvl	AllPub	Inside	Gtl	Edwards	Norm	Norm	1Fam	1Story	4	6	1960	1971	Gable	CompShg	HdBoard	HdBoard	None	0	TA	TA	CBlock	TA	TA	No	GLQ	399	Unf	0	615	1014	GasA	TA	Y	SBrkr	1149	0	0	1149	1	0	1	0	3	1	TA	7	Min1	0	NA	2Types	1968	Fin	1	544	TA	TA	Y	0	240	0	0	0	0	NA	MnPrv	NA	0	7	2009	WD 	Normal	127000
891	0908152100	080	RL	72	7200	Pave	NA	Reg	Lvl	AllPub	Inside	Gtl	Edwards	Norm	Norm	1Fam	SLvl	6	6	1976	1976	Hip	CompShg	MetalSd	MetalSd	BrkFace	255	TA	TA	CBlock	TA	TA	Av	ALQ	631	Unf	0	410	1041	GasA	Ex	Y	SBrkr	1125	0	0	1125	1	0	1	0	3	1	TA	6	Typ	1	Fa	Detchd	1977	Unf	1	352	TA	TA	Y	296	0	0	0	0	0	NA	GdWo	NA	0	10	2009	WD 	Abnorml	125000
892	0908154040	020	RL	86	13286	Pave	NA	IR1	Lvl	AllPub	Inside	Gtl	Edwards	Norm	Norm	1Fam	1Story	9	5	2007	2008	Hip	CompShg	CemntBd	CmentBd	Stone	340	Ex	TA	PConc	Ex	TA	No	GLQ	1234	Unf	0	464	1698	GasA	Ex	Y	SBrkr	1698	0	0	1698	1	0	2	0	3	1	Ex	8	Typ	1	Gd	Attchd	2007	Fin	3	768	TA	TA	Y	327	64	0	0	0	0	NA	NA	NA	0	2	2009	WD 	Normal	320000
893	0908186080	180	RM	35	3675	Pave	NA	Reg	Lvl	AllPub	Inside	Gtl	Edwards	Norm	Norm	TwnhsE	SFoyer	6	5	2005	2006	Gable	CompShg	VinylSd	VinylSd	BrkFace	80	TA	TA	Wood	Gd	TA	Gd	GLQ	547	Unf	0	0	547	GasA	Gd	Y	SBrkr	1072	0	0	1072	1	0	1	0	2	1	TA	5	Typ	0	NA	Basment	2005	Fin	2	525	TA	TA	Y	0	28	0	0	0	0	NA	NA	NA	0	4	2009	WD 	Normal	145500
894	0908201040	020	RL	50	9405	Pave	NA	Reg	Lvl	AllPub	Inside	Gtl	Edwards	Norm	Norm	1Fam	1Story	5	9	1947	2008	Hip	CompShg	VinylSd	VinylSd	None	0	TA	Ex	CBlock	TA	TA	No	Unf	0	Unf	0	698	698	GasA	Ex	Y	SBrkr	698	0	0	698	0	1	1	0	2	1	TA	4	Typ	0	NA	NA		NA	0	0	NA	NA	Y	0	200	0	0	0	0	NA	NA	NA	0	6	2009	WD 	Normal	118000
895	0908203090	020	RL	64	6410	Pave	NA	Reg	HLS	AllPub	Inside	Mod	Edwards	Norm	Norm	1Fam	1Story	4	5	1959	1959	Gable	CompShg	AsbShng	AsbShng	None	0	TA	TA	CBlock	TA	TA	No	LwQ	332	Rec	243	301	876	GasA	TA	Y	FuseA	876	0	0	876	0	0	1	0	3	1	TA	5	Typ	0	NA	Detchd	1959	Unf	1	320	TA	TA	Y	0	0	0	0	0	0	NA	MnPrv	NA	0	3	2009	WD 	Normal	85000
896	0908225290	020	RL	70	11767	Pave	NA	Reg	Lvl	AllPub	Inside	Gtl	Edwards	Norm	Norm	1Fam	1Story	5	5	1950	1950	Gable	CompShg	MetalSd	MetalSd	None	0	TA	TA	CBlock	Fa	TA	Mn	Rec	1078	Unf	0	0	1078	GasA	TA	Y	FuseA	1368	0	0	1368	1	0	1	0	3	1	TA	6	Min1	0	NA	Attchd	1950	RFn	1	195	TA	TA	Y	0	41	211	0	0	0	NA	NA	Shed	900	6	2009	WD 	Normal	120000
897	0908225370	050	RL	50	8405	Pave	NA	Reg	Lvl	AllPub	Inside	Gtl	Edwards	Norm	Norm	1Fam	1.5Fin	4	3	1945	1950	Gable	CompShg	WdShing	Wd Shng	None	0	TA	TA	Slab	NA	NA	NA	NA	0	NA	0	0	0	Wall	TA	N	FuseF	1088	441	0	1529	0	0	2	0	4	1	TA	9	Mod	0	NA	Detchd	1945	Unf	1	240	TA	TA	N	92	0	185	0	0	0	NA	NA	NA	0	4	2009	WD 	Normal	98000
898	0908229020	030	RL	56	4060	Pave	NA	Reg	Lvl	AllPub	Corner	Gtl	Edwards	Feedr	Norm	1Fam	1Story	5	8	1922	1950	Gable	CompShg	Wd Sdng	Wd Sdng	None	0	TA	TA	PConc	Fa	TA	No	Unf	0	Unf	0	864	864	GasA	Ex	Y	SBrkr	864	0	0	864	0	0	1	0	2	1	TA	4	Typ	0	NA	NA		NA	0	0	NA	NA	Y	0	96	0	0	0	0	NA	NA	NA	0	7	2009	WD 	Normal	99900
899	0908250030	020	RL	74	10206	Pave	NA	Reg	Lvl	AllPub	Corner	Gtl	Edwards	Norm	Norm	1Fam	1Story	3	3	1952	1952	Flat	Tar&Grv	BrkComm	Brk Cmn	None	0	TA	TA	Slab	NA	NA	NA	NA	0	NA	0	0	0	GasW	Fa	N	FuseF	944	0	0	944	0	0	1	0	2	1	Fa	4	Min1	0	NA	Detchd	1956	Unf	2	528	TA	Fa	Y	0	0	0	0	0	0	NA	NA	NA	0	7	2009	WD 	Normal	82000
900	0908275040	090	RL	65	10926	Pave	NA	Reg	Lvl	AllPub	Inside	Gtl	Edwards	Norm	Norm	Duplex	1Story	5	5	1959	1959	Hip	CompShg	VinylSd	VinylSd	BrkFace	74	TA	TA	CBlock	TA	TA	No	Unf	0	Unf	0	1678	1678	GasA	TA	Y	SBrkr	1678	0	0	1678	0	0	2	0	6	2	TA	10	Typ	0	NA	NA		NA	0	0	NA	NA	Y	0	0	0	0	0	0	NA	NA	NA	0	8	2009	WD 	Normal	119900
901	0908275110	020	RL	70	11767	Pave	NA	Reg	Lvl	AllPub	Inside	Gtl	Edwards	Norm	Norm	1Fam	1Story	5	5	1956	1956	Hip	CompShg	HdBoard	HdBoard	BrkFace	259	TA	TA	CBlock	TA	TA	No	Rec	546	Unf	0	604	1150	GasA	Ex	Y	SBrkr	1560	0	0	1560	0	0	1	0	2	1	TA	7	Min1	1	TA	Attchd	1956	Unf	1	313	TA	TA	Y	0	0	0	0	0	0	NA	NA	NA	0	5	2009	WD 	Normal	103500
902	0908276150	020	RL		8926	Pave	NA	IR1	Lvl	AllPub	Corner	Gtl	Edwards	Norm	Norm	1Fam	1Story	4	3	1956	1956	Gable	CompShg	AsbShng	AsbShng	None	0	TA	TA	CBlock	TA	TA	No	Unf	0	Unf	0	672	672	GasA	Ex	Y	FuseA	960	0	0	960	0	0	1	0	3	1	TA	5	Typ	0	NA	Basment	1956	Unf	1	288	TA	TA	Y	64	0	0	0	160	0	NA	MnPrv	NA	0	10	2009	COD	Abnorml	112000
903	0909101010	050	RL	67	12354	Pave	Grvl	Reg	Lvl	AllPub	Corner	Gtl	Edwards	Norm	Norm	1Fam	1.5Fin	6	8	1920	2000	Gable	CompShg	Wd Sdng	Wd Sdng	None	0	TA	TA	BrkTil	TA	Fa	Mn	Unf	0	Unf	0	684	684	GasA	Gd	Y	SBrkr	684	512	0	1196	0	0	1	0	3	1	Gd	7	Typ	0	NA	Detchd	2005	Unf	2	528	TA	TA	Y	0	46	0	0	0	0	NA	GdPrv	Shed	800	8	2009	ConLI	Normal	110000
904	0909101100	050	RL	45	8212	Pave	Grvl	Reg	Lvl	AllPub	Inside	Gtl	Edwards	Norm	Norm	1Fam	1.5Fin	5	6	1941	1950	Gable	CompShg	Wd Sdng	Wd Sdng	None	0	TA	TA	CBlock	TA	TA	No	Rec	626	Unf	0	94	720	GasA	Ex	Y	SBrkr	854	444	0	1298	0	0	1	0	3	1	TA	6	Typ	2	Gd	Detchd	1940	Unf	1	256	TA	TA	Y	84	0	0	0	0	0	NA	NA	NA	0	9	2009	WD 	Normal	122000
905	0909101140	050	RL	60	10998	Pave	Grvl	Reg	Lvl	AllPub	Inside	Gtl	Edwards	Norm	Norm	1Fam	1.5Fin	5	5	1941	1960	Gable	CompShg	Wd Sdng	Wd Sdng	None	0	TA	TA	CBlock	TA	TA	No	LwQ	408	BLQ	420	156	984	GasA	Ex	Y	SBrkr	984	620	0	1604	0	0	2	0	3	1	TA	6	Min2	0	NA	Detchd	1977	Unf	2	660	TA	TA	Y	0	68	0	0	0	0	NA	NA	NA	0	7	2009	WD 	Normal	117000
906	0909129090	050	RH	70	6300	Pave	Pave	Reg	Lvl	AllPub	Corner	Gtl	SWISU	Norm	Norm	1Fam	1.5Fin	5	4	1938	1950	Gable	CompShg	MetalSd	MetalSd	BrkFace	88	TA	TA	PConc	TA	Fa	No	LwQ	832	Unf	0	0	832	GasA	TA	Y	SBrkr	832	436	0	1268	0	0	1	1	3	1	TA	7	Typ	2	Gd	Basment	1938	Unf	1	250	TA	TA	Y	0	0	55	0	0	0	NA	NA	NA	0	7	2009	WD 	Abnorml	160000
907	0909129100	050	RH	55	4500	Pave	Pave	IR2	Bnk	AllPub	Inside	Gtl	SWISU	Norm	Norm	1Fam	1.5Fin	5	5	1932	2000	Gable	CompShg	VinylSd	Stucco	None	0	TA	TA	BrkTil	TA	TA	No	Rec	182	Unf	0	611	793	GasA	Ex	Y	SBrkr	848	672	0	1520	0	0	1	0	3	1	TA	6	Typ	0	NA	Detchd	1968	Unf	1	281	TA	TA	Y	0	0	56	0	0	0	NA	NA	NA	0	7	2009	WD 	Abnorml	159434
908	0909175080	030	RL	60	8400	Pave	NA	Reg	Bnk	AllPub	Inside	Gtl	SWISU	Norm	Norm	1Fam	1Story	2	5	1920	1950	Gable	CompShg	Wd Sdng	Wd Sdng	None	0	TA	TA	CBlock	TA	Fa	No	Rec	290	Unf	0	0	290	GasA	TA	N	FuseF	438	0	0	438	0	0	1	0	1	1	Fa	3	Typ	0	NA	Detchd	1930	Unf	1	246	TA	TA	N	0	0	0	0	0	0	NA	NA	NA	0	1	2009	WD 	Normal	60000
909	0909178160	050	RL	60	9900	Pave	NA	Reg	Lvl	AllPub	Inside	Gtl	SWISU	Norm	Norm	1Fam	1.5Fin	6	7	1940	1950	Gable	CompShg	VinylSd	VinylSd	None	0	TA	TA	BrkTil	TA	TA	No	Unf	0	Unf	0	778	778	GasA	TA	Y	SBrkr	944	545	0	1489	0	0	2	0	3	1	TA	7	Typ	1	Gd	Detchd	1940	Unf	1	240	TA	TA	Y	335	0	0	0	0	0	NA	GdWo	NA	0	7	2009	WD 	Normal	139500
910	0909179020	075	RL	102	15863	Pave	NA	Reg	Lvl	AllPub	Corner	Gtl	SWISU	Norm	Norm	1Fam	2.5Fin	7	3	1920	1970	Gable	CompShg	Wd Sdng	Plywood	None	0	TA	TA	BrkTil	TA	TA	No	GLQ	523	Unf	0	301	824	GasA	Ex	Y	SBrkr	1687	998	397	3082	1	0	2	1	5	1	TA	12	Typ	2	TA	Basment	1970	Fin	2	672	TA	TA	Y	136	63	0	0	0	0	NA	NA	NA	0	8	2009	WD 	Normal	197000
911	0909250080	070	RL	43	5707	Pave	NA	Reg	Bnk	AllPub	Inside	Gtl	SWISU	Feedr	Norm	1Fam	2Story	6	6	1935	1950	Gable	CompShg	Wd Sdng	Wd Sdng	None	0	TA	TA	BrkTil	TA	TA	No	Unf	0	Unf	0	583	583	GasA	Gd	Y	FuseF	647	595	0	1242	0	0	1	1	3	1	TA	6	Typ	1	Gd	Detchd	1926	Unf	1	180	Fa	TA	Y	329	96	0	0	0	0	NA	NA	NA	0	3	2009	WD 	Normal	105000
912	0909250220	050	RL	65	7804	Pave	NA	Reg	Lvl	AllPub	Inside	Gtl	SWISU	Norm	Norm	1Fam	1.5Fin	4	3	1928	1950	Gable	CompShg	WdShing	Plywood	None	0	TA	TA	BrkTil	TA	TA	No	BLQ	622	Unf	0	500	1122	GasA	TA	Y	SBrkr	1328	653	0	1981	1	0	2	0	4	1	Gd	7	Min2	2	TA	Detchd	1981	Unf	2	576	TA	TA	Y	431	44	0	0	0	0	NA	MnPrv	NA	0	12	2009	WD 	Normal	135000
913	0909251050	030	RL	64	8574	Pave	NA	Reg	Lvl	AllPub	Inside	Gtl	Crawfor	Norm	Norm	1Fam	1Story	6	8	1916	2000	Gable	CompShg	Stucco	Stucco	None	0	Gd	TA	BrkTil	TA	TA	No	Unf	0	Unf	0	816	816	GasA	Ex	Y	SBrkr	1232	0	0	1232	0	0	1	0	3	1	Gd	6	Typ	1	Gd	Detchd	1916	Unf	2	440	TA	TA	Y	0	0	180	0	0	0	NA	NA	NA	0	10	2009	WD 	Normal	147500
914	0909251170	050	RL	51	6171	Pave	NA	Reg	Lvl	AllPub	Inside	Gtl	SWISU	Norm	Norm	1Fam	1.5Fin	6	6	1925	1990	Gable	CompShg	WdShing	Wd Shng	None	0	TA	TA	BrkTil	TA	TA	No	BLQ	264	Unf	0	712	976	GasA	Ex	Y	SBrkr	1160	448	0	1608	0	0	2	1	3	1	Gd	7	Typ	1	Gd	Detchd	1925	Unf	1	216	Fa	TA	Y	147	16	0	0	0	0	NA	MnPrv	NA	0	10	2009	WD 	Normal	137450
915	0909252020	070	RL	60	7200	Pave	NA	Reg	Lvl	AllPub	Inside	Gtl	SWISU	Feedr	Norm	1Fam	2Story	7	9	1936	2007	Gable	CompShg	Wd Sdng	Wd Sdng	None	0	Gd	Gd	PConc	Gd	Gd	No	ALQ	350	BLQ	210	0	560	GasA	Ex	Y	SBrkr	575	560	0	1135	1	0	1	0	3	1	Gd	6	Typ	0	NA	Detchd	1971	RFn	2	576	TA	TA	Y	256	0	0	0	0	0	NA	MnPrv	NA	0	4	2009	WD 	Normal	155000
916	0909253010	050	RL	57	7558	Pave	NA	Reg	Bnk	AllPub	Inside	Gtl	Crawfor	Norm	Norm	1Fam	1.5Fin	6	6	1928	1950	Gable	CompShg	BrkFace	Stone	None	0	TA	TA	BrkTil	TA	TA	No	Unf	0	Unf	0	896	896	GasA	Gd	Y	SBrkr	1172	741	0	1913	0	0	1	1	3	1	TA	9	Typ	1	TA	Detchd	1929	Unf	2	342	Fa	Fa	Y	0	0	0	0	0	0	NA	NA	NA	0	3	2009	WD 	Normal	177000
917	0909253180	050	RL	52	6292	Pave	NA	Reg	Lvl	AllPub	Inside	Gtl	SWISU	Norm	Norm	1Fam	1.5Fin	7	7	1928	1950	Gable	CompShg	Wd Sdng	Wd Sdng	None	0	TA	TA	BrkTil	TA	TA	No	Unf	0	Unf	0	861	861	GasA	Gd	Y	SBrkr	877	600	0	1477	0	1	2	0	3	1	TA	6	Typ	1	Gd	Detchd	1928	Unf	1	216	TA	TA	Y	0	50	0	0	0	0	NA	NA	NA	0	8	2009	WD 	Normal	145000
918	0909254010	070	RL	53	7155	Pave	NA	Reg	Lvl	AllPub	Inside	Gtl	Crawfor	Norm	Norm	1Fam	2Story	7	8	1918	1990	Gambrel	CompShg	Wd Sdng	Wd Sdng	None	0	TA	TA	BrkTil	TA	Fa	Mn	Unf	0	Unf	0	600	600	GasA	Ex	Y	SBrkr	628	600	0	1228	0	0	1	0	3	1	TA	6	Typ	1	Gd	Detchd	1918	Unf	1	215	Fa	TA	Y	0	113	0	0	195	0	NA	MnPrv	NA	0	5	2009	WD 	Normal	137000
919	0909257050	070	RL	53	10918	Pave	NA	Reg	Lvl	AllPub	Inside	Gtl	Crawfor	Norm	Norm	1Fam	2Story	7	9	1926	2004	Gambrel	CompShg	MetalSd	MetalSd	None	0	Gd	TA	BrkTil	Gd	TA	No	Unf	0	Unf	0	1276	1276	GasA	Ex	Y	SBrkr	1276	804	0	2080	0	0	1	1	3	1	Gd	9	Typ	2	Gd	Detchd	1926	Unf	1	282	TA	TA	Y	0	0	0	0	145	0	NA	MnPrv	NA	0	6	2009	WD 	Normal	234000
920	0909275080	050	RL	60	13680	Pave	NA	Reg	HLS	AllPub	Inside	Mod	Crawfor	Norm	Norm	1Fam	1.5Fin	5	6	1940	1950	Gable	CompShg	Wd Sdng	Wd Sdng	None	0	TA	TA	CBlock	TA	TA	No	ALQ	728	Unf	0	112	840	GasA	Ex	Y	SBrkr	840	727	0	1567	1	0	1	1	2	1	TA	6	Min2	2	TA	Detchd	1961	Unf	2	440	TA	TA	Y	0	21	150	0	0	0	NA	GdPrv	NA	0	2	2009	WD 	Normal	205000
921	0909276110	070	RL		7500	Pave	NA	IR1	Bnk	AllPub	Inside	Gtl	Crawfor	Norm	Norm	1Fam	2Story	6	7	1942	1950	Gable	CompShg	Wd Sdng	Wd Sdng	None	0	TA	TA	CBlock	TA	TA	No	BLQ	547	Unf	0	224	771	GasA	Fa	Y	SBrkr	753	741	0	1494	0	0	1	0	3	1	Gd	7	Typ	2	Gd	Attchd	1942	Unf	1	213	TA	TA	P	0	0	0	0	224	0	NA	NA	NA	0	11	2009	WD 	Normal	177500
922	0909276200	050	RL	130	9600	Pave	NA	IR1	HLS	AllPub	Inside	Gtl	Crawfor	Norm	Norm	1Fam	1.5Fin	5	7	1940	1950	Gable	CompShg	MetalSd	MetalSd	None	0	Gd	Gd	BrkTil	TA	Fa	No	Rec	428	Unf	0	300	728	GasA	Ex	Y	SBrkr	976	332	0	1308	1	0	1	1	2	1	TA	7	Min2	2	TA	Detchd	1940	Unf	1	256	TA	TA	Y	0	70	0	0	0	0	NA	NA	NA	0	6	2009	WD 	Normal	160000
923	0909277090	020	RL	80	14680	Pave	Grvl	IR1	HLS	AllPub	Inside	Gtl	Crawfor	Norm	Norm	1Fam	1Story	5	4	1960	1960	Gable	CompShg	MetalSd	MetalSd	None	0	TA	TA	CBlock	TA	TA	No	Rec	793	Unf	0	480	1273	GasA	Ex	Y	SBrkr	1273	0	0	1273	0	0	1	0	2	1	TA	5	Typ	0	NA	Attchd	1960	Unf	1	307	TA	TA	Y	483	0	0	0	115	0	NA	MnPrv	NA	0	6	2009	WD 	Normal	155000
924	0909277100	030	RL	80	13360	Pave	Grvl	IR1	HLS	AllPub	Inside	Gtl	Crawfor	Norm	Norm	1Fam	1Story	5	7	1921	2006	Gable	CompShg	Wd Sdng	Wd Sdng	None	0	TA	Gd	BrkTil	Gd	TA	No	ALQ	713	Unf	0	163	876	GasA	Ex	Y	SBrkr	964	0	0	964	1	0	1	0	2	1	TA	5	Typ	0	NA	Detchd	1921	Unf	2	432	TA	TA	Y	0	0	44	0	0	0	NA	NA	NA	0	8	2009	WD 	Normal	163500
925	0909278020	050	RL	54	7681	Pave	NA	IR1	Lvl	AllPub	FR2	Gtl	Crawfor	Norm	Norm	1Fam	1.5Fin	5	6	1921	1950	Gable	CompShg	Wd Sdng	Wd Sdng	None	0	TA	TA	BrkTil	TA	TA	No	Unf	0	Unf	0	731	731	GasA	Ex	Y	SBrkr	820	523	0	1343	0	0	1	1	3	1	TA	7	Typ	1	Gd	Detchd	1921	Unf	1	186	Fa	TA	Y	192	0	102	0	0	0	NA	NA	NA	0	7	2009	WD 	Normal	154900
926	0909279010	090	RL		8145	Pave	NA	IR1	HLS	AllPub	Corner	Gtl	Crawfor	Norm	Norm	Duplex	2.5Unf	7	6	1940	1950	Gable	CompShg	Wd Sdng	Wd Sdng	None	0	TA	TA	BrkTil	TA	TA	No	LwQ	246	Unf	0	674	920	GasA	Ex	Y	SBrkr	1240	1240	0	2480	0	0	2	1	5	2	TA	13	Typ	2	Gd	Detchd	1940	Unf	2	400	TA	TA	Y	0	0	57	0	0	0	NA	NA	NA	0	7	2009	WD 	Normal	205000
927	0909282130	020	RL	70	9100	Pave	NA	Reg	Lvl	AllPub	Inside	Gtl	Crawfor	Feedr	Norm	1Fam	1Story	5	6	1954	1954	Gable	CompShg	BrkFace	BrkFace	None	0	TA	Gd	BrkTil	TA	TA	Mn	Rec	154	ALQ	694	264	1112	GasA	Ex	Y	SBrkr	1112	0	0	1112	1	0	1	0	2	1	TA	6	Typ	1	Gd	Attchd	1954	Unf	1	390	TA	TA	Y	0	0	0	0	0	0	NA	MnPrv	NA	0	10	2009	WD 	Family	144800
928	0909425060	070	RL	75	12000	Pave	NA	Reg	Bnk	AllPub	Inside	Gtl	Crawfor	Norm	Norm	1Fam	2Story	7	7	1941	1950	Gable	CompShg	MetalSd	MetalSd	None	0	TA	TA	CBlock	TA	TA	No	Rec	275	Unf	0	429	704	GasA	Ex	Y	SBrkr	860	704	0	1564	0	0	1	1	3	1	Fa	7	Typ	1	Gd	Attchd	1941	Unf	1	234	TA	TA	Y	0	0	0	0	0	0	NA	NA	NA	0	7	2009	WD 	Normal	174500
929	0909425130	020	RL	90	13339	Pave	NA	IR1	Lvl	AllPub	Inside	Gtl	Crawfor	Norm	Norm	1Fam	1Story	6	6	1960	1960	Gable	CompShg	HdBoard	Plywood	Stone	132	TA	TA	CBlock	TA	TA	No	LwQ	65	BLQ	875	621	1561	GasA	TA	Y	SBrkr	1561	0	0	1561	1	0	2	0	3	1	TA	6	Typ	1	Gd	Attchd	1960	Fin	2	463	TA	TA	Y	0	148	0	0	120	0	NA	NA	NA	0	5	2009	WD 	Normal	193000
930	0909426090	050	RL	78	15600	Pave	NA	Reg	Bnk	AllPub	Inside	Gtl	Crawfor	Norm	Norm	1Fam	1.5Fin	5	7	1949	2005	Gable	CompShg	BrkComm	Brk Cmn	None	0	TA	TA	BrkTil	TA	TA	No	BLQ	312	Rec	507	248	1067	GasW	Fa	N	SBrkr	986	537	0	1523	1	0	2	0	3	1	Fa	7	Maj2	1	TA	Attchd	1949	Unf	1	295	TA	TA	Y	0	0	81	0	0	0	NA	NA	NA	0	10	2009	WD 	Normal	158000
931	0909427200	020	RL	80	14000	Pave	NA	Reg	Lvl	AllPub	Inside	Gtl	Crawfor	Norm	Norm	1Fam	1Story	6	8	1950	2004	Gable	CompShg	HdBoard	HdBoard	None	0	TA	Gd	CBlock	TA	TA	No	Unf	0	Unf	0	1092	1092	GasA	Ex	Y	SBrkr	1152	0	0	1152	0	1	1	0	3	1	Gd	6	Typ	1	Gd	Attchd	1950	Unf	1	300	TA	TA	Y	0	36	0	0	0	0	NA	GdPrv	NA	0	8	2009	WD 	Family	158500
932	0909428240	020	RL	100	17500	Pave	NA	Reg	Bnk	AllPub	Corner	Mod	Crawfor	PosA	Norm	1Fam	1Story	6	5	1954	1954	Gable	CompShg	HdBoard	HdBoard	Stone	420	TA	TA	PConc	TA	TA	Av	LwQ	784	BLQ	435	91	1310	GasA	Ex	Y	SBrkr	1906	0	0	1906	1	0	1	1	3	1	TA	6	Typ	2	Gd	Basment	1954	Unf	2	576	TA	TA	Y	0	201	0	0	0	0	NA	NA	NA	0	1	2009	WD 	Normal	224000
933	0909451040	160	RM	24	1733	Pave	NA	Reg	Lvl	AllPub	Inside	Gtl	Blueste	Norm	Norm	Twnhs	2Story	6	6	1980	1980	Gable	CompShg	MetalSd	MetalSd	None	0	TA	TA	CBlock	TA	TA	No	Unf	0	Unf	0	516	516	GasA	TA	Y	SBrkr	516	516	0	1032	0	0	1	0	2	1	TA	5	Typ	1	TA	Detchd	1980	Unf	2	452	TA	TA	Y	279	0	0	0	0	0	NA	GdPrv	NA	0	5	2009	WD 	Normal	115000
934	0909451100	160	RM	24	1488	Pave	NA	Reg	Lvl	AllPub	Inside	Gtl	Blueste	Norm	Norm	TwnhsE	2Story	6	6	1980	1992	Gable	CompShg	MetalSd	MetalSd	None	0	TA	Gd	CBlock	Gd	TA	Mn	ALQ	471	Unf	0	90	561	GasA	TA	Y	SBrkr	561	668	0	1229	1	0	1	1	2	1	Gd	5	Typ	1	TA	Attchd	1980	Fin	2	462	TA	TA	Y	176	0	0	0	0	0	NA	GdPrv	NA	0	10	2009	WD 	Normal	137000
935	0909451140	160	RM	24	1612	Pave	NA	Reg	Lvl	AllPub	Inside	Gtl	Blueste	Norm	Norm	Twnhs	2Story	6	6	1980	1980	Gable	CompShg	MetalSd	MetalSd	None	0	TA	TA	CBlock	Gd	TA	No	Unf	0	Unf	0	561	561	GasA	TA	Y	SBrkr	561	668	0	1229	0	0	1	1	2	1	TA	5	Typ	1	TA	Attchd	1980	Fin	2	462	TA	TA	Y	154	0	0	0	0	0	NA	MnPrv	NA	0	7	2009	WD 	Normal	121000
936	0909451180	160	RM	24	1300	Pave	NA	Reg	Lvl	AllPub	Inside	Gtl	Blueste	Norm	Norm	TwnhsE	2Story	6	6	1980	1980	Gable	CompShg	MetalSd	MetalSd	None	0	TA	TA	CBlock	Gd	TA	No	ALQ	285	Unf	0	276	561	GasA	TA	Y	SBrkr	561	668	0	1229	0	0	1	1	2	1	TA	5	Typ	1	TA	Attchd	1980	Fin	2	462	TA	TA	Y	150	0	0	0	0	0	NA	GdPrv	NA	0	5	2009	WD 	Normal	124000
937	0909452050	080	RL		13607	Pave	NA	IR1	Lvl	AllPub	Inside	Gtl	Crawfor	Norm	Norm	1Fam	SLvl	6	6	1986	1986	Gable	CompShg	VinylSd	VinylSd	BrkFace	242	TA	Gd	CBlock	TA	TA	No	ALQ	454	Unf	0	118	572	GasA	Gd	Y	SBrkr	1182	800	0	1982	1	0	2	1	3	1	TA	6	Typ	1	TA	BuiltIn	1986	Fin	2	501	TA	TA	Y	400	112	0	0	0	0	NA	NA	Shed	1500	4	2009	WD 	Normal	208000
938	0909475040	020	RL		17597	Pave	NA	Reg	Bnk	AllPub	Inside	Gtl	Crawfor	Norm	Norm	1Fam	1Story	7	9	1971	2009	Hip	CompShg	BrkFace	BrkFace	None	0	Gd	Gd	CBlock	Gd	TA	No	GLQ	803	ALQ	419	581	1803	GasA	TA	Y	SBrkr	2365	0	0	2365	1	0	2	0	3	1	Ex	7	Min1	2	Gd	Attchd	1971	Fin	2	551	TA	TA	Y	200	144	0	0	0	0	NA	GdPrv	NA	0	7	2009	WD 	Normal	315000
939	0909475300	020	RL		21695	Pave	NA	IR1	Lvl	AllPub	Corner	Gtl	Crawfor	Norm	Norm	1Fam	1Story	6	9	1988	2007	Hip	CompShg	Wd Sdng	Plywood	BrkFace	260	Gd	Gd	CBlock	Gd	TA	No	GLQ	808	Unf	0	72	880	GasA	Ex	Y	SBrkr	1680	0	0	1680	1	0	2	0	3	1	Gd	5	Typ	1	Gd	Attchd	1988	Fin	2	540	TA	TA	Y	292	44	0	182	0	0	NA	NA	NA	0	12	2009	WD 	Normal	222000
940	0910202070	070	RM	59	10690	Pave	NA	Reg	Lvl	AllPub	Inside	Gtl	IDOTRR	Norm	Norm	1Fam	2Story	5	7	1920	1997	Hip	CompShg	VinylSd	VinylSd	None	0	TA	Gd	CBlock	TA	Fa	No	Rec	456	Unf	0	216	672	GasA	Gd	Y	FuseA	672	672	0	1344	0	0	1	0	3	1	TA	6	Typ	0	NA	Detchd	1964	Unf	1	468	TA	Fa	Y	0	128	218	0	0	0	NA	NA	NA	0	7	2009	WD 	Normal	147000
941	0910204050	070	RM	50	8660	Pave	NA	Reg	Bnk	AllPub	Inside	Gtl	IDOTRR	Norm	Norm	1Fam	2Story	5	6	1900	1993	Gambrel	CompShg	AsbShng	AsbShng	None	0	TA	TA	BrkTil	TA	TA	No	Unf	0	Unf	0	760	760	GasA	Ex	N	SBrkr	928	928	312	2168	0	0	2	0	5	1	Gd	11	Typ	0	NA	Detchd	1998	Unf	2	576	TA	TA	Y	467	160	78	0	0	0	NA	NA	NA	0	12	2009	WD 	Normal	123000
942	0910205020	070	RM	60	6402	Pave	NA	Reg	Lvl	AllPub	Corner	Gtl	IDOTRR	Norm	Norm	1Fam	2Story	5	5	1920	1950	Gable	CompShg	Wd Sdng	Wd Shng	None	0	TA	TA	PConc	TA	TA	Mn	Unf	0	Unf	0	596	596	GasA	TA	N	SBrkr	596	596	0	1192	0	0	1	0	3	1	TA	6	Typ	0	NA	Detchd	1920	Unf	1	189	Fa	Fa	N	0	0	137	0	0	0	NA	GdWo	NA	0	7	2009	WD 	Normal	78000
943	0911103050	050	C (all)	105	8470	Pave	NA	IR1	Lvl	AllPub	Corner	Gtl	IDOTRR	Feedr	Feedr	1Fam	1.5Fin	3	2	1915	1982	Hip	CompShg	Plywood	Plywood	None	0	Fa	Fa	CBlock	TA	Fa	No	Unf	0	Unf	0	1013	1013	GasA	TA	N	SBrkr	1013	0	513	1526	0	0	1	0	2	1	Fa	6	Typ	0	NA	NA		NA	0	0	NA	NA	N	0	0	156	0	0	0	NA	MnPrv	NA	0	10	2009	ConLD	Abnorml	85000
944	0911104060	030	C (all)	60	10200	Pave	Grvl	Reg	Lvl	AllPub	Inside	Gtl	IDOTRR	Norm	Norm	1Fam	1Story	4	6	1925	1950	Gable	CompShg	MetalSd	MetalSd	None	0	TA	TA	BrkTil	TA	TA	No	Unf	0	Unf	0	572	572	GasA	Fa	N	FuseP	572	0	0	572	0	0	1	0	2	1	TA	4	Typ	0	NA	Detchd	1940	Unf	1	200	TA	TA	N	0	0	72	0	0	0	NA	NA	NA	0	5	2009	WD 	Normal	75000
945	0911370500	120	RM	44	3843	Pave	NA	IR1	HLS	AllPub	Inside	Mod	Crawfor	Norm	Norm	TwnhsE	1Story	8	5	2007	2008	Hip	CompShg	CemntBd	CmentBd	Stone	174	Ex	TA	PConc	Ex	TA	Gd	GLQ	1476	Unf	0	120	1596	GasA	Ex	Y	SBrkr	1648	0	0	1648	1	1	2	0	2	1	Ex	5	Typ	1	Gd	Attchd	2007	Fin	2	482	TA	TA	Y	162	53	0	153	0	0	NA	NA	NA	0	6	2009	New	Partial	230000
946	0912251110	030	I (all)	109	21780	Grvl	NA	Reg	Lvl	NoSewr	Inside	Gtl	IDOTRR	Norm	Norm	1Fam	1Story	2	4	1910	1950	Gable	CompShg	Wd Sdng	Wd Sdng	None	0	Fa	Fa	CBlock	NA	NA	NA	NA	0	NA	0	0	0	GasA	TA	N	FuseA	810	0	0	810	0	0	1	0	1	1	TA	4	Min1	0	NA	Detchd	1975	Unf	1	280	TA	TA	N	119	24	0	0	0	0	NA	NA	NA	0	3	2009	ConLD	Normal	57625
947	0914465020	060	RL	75	10125	Pave	NA	Reg	Lvl	AllPub	Inside	Gtl	Mitchel	Norm	Norm	1Fam	2Story	8	5	2000	2001	Gable	CompShg	CemntBd	CmentBd	None	0	Gd	TA	PConc	Gd	TA	No	ALQ	445	BLQ	250	412	1107	GasA	Ex	Y	SBrkr	1040	1012	0	2052	0	0	2	1	3	1	Gd	7	Typ	1	TA	BuiltIn	2000	Fin	3	642	TA	TA	Y	210	91	0	0	0	0	NA	NA	NA	0	5	2009	WD 	Normal	251000
948	0914465040	050	RL	48	12822	Pave	NA	IR1	Lvl	AllPub	CulDSac	Gtl	Mitchel	Norm	Norm	1Fam	1.5Fin	7	5	2003	2003	Gable	CompShg	VinylSd	VinylSd	None	0	Gd	TA	PConc	Ex	TA	No	GLQ	1351	Unf	0	83	1434	GasA	Ex	Y	SBrkr	1518	631	0	2149	1	0	1	1	1	1	Gd	6	Typ	1	Ex	Attchd	2003	RFn	2	670	TA	TA	Y	168	43	0	0	198	0	NA	NA	NA	0	8	2009	WD 	Abnorml	239686
949	0914465055	020	RL	43	12118	Pave	NA	IR1	Lvl	AllPub	CulDSac	Gtl	Mitchel	Norm	Norm	1Fam	1Story	7	5	2004	2005	Hip	CompShg	VinylSd	VinylSd	Stone	108	Gd	TA	PConc	Ex	TA	Mn	Unf	0	Unf	0	1710	1710	GasA	Ex	Y	SBrkr	1710	0	0	1710	0	0	2	0	3	1	Gd	7	Typ	1	Gd	Attchd	2004	Fin	2	550	TA	TA	Y	100	48	0	0	180	0	NA	NA	NA	0	4	2009	WD 	Normal	240000
950	0914474070	060	RL	71	12209	Pave	NA	IR1	Lvl	AllPub	CulDSac	Gtl	Mitchel	Norm	Norm	1Fam	2Story	6	5	2001	2002	Gable	CompShg	VinylSd	VinylSd	None	0	TA	TA	PConc	Ex	TA	No	ALQ	690	Unf	0	114	804	GasA	Ex	Y	SBrkr	804	1157	0	1961	1	0	2	1	3	1	Gd	7	Typ	1	TA	BuiltIn	2001	Fin	2	560	TA	TA	Y	125	192	0	0	0	0	NA	NA	NA	0	6	2009	WD 	Normal	215000
951	0914475010	085	RL	75	9750	Pave	NA	Reg	Lvl	AllPub	Inside	Gtl	Mitchel	Norm	Norm	1Fam	SFoyer	6	6	1977	1977	Gable	CompShg	Plywood	Plywood	None	0	TA	TA	CBlock	TA	TA	Av	ALQ	767	Unf	0	135	902	GasA	Ex	Y	SBrkr	926	0	0	926	1	0	1	0	2	1	TA	5	Typ	1	TA	Attchd	1977	Unf	1	351	TA	TA	Y	319	0	0	0	0	0	NA	MnPrv	NA	0	4	2009	WD 	Normal	156450
952	0914475030	085	RL	72	9360	Pave	NA	Reg	Bnk	AllPub	Inside	Gtl	Mitchel	Norm	Norm	1Fam	SFoyer	6	7	1977	1977	Gable	CompShg	Plywood	Plywood	None	0	TA	TA	CBlock	Gd	TA	Av	GLQ	841	LwQ	116	0	957	GasA	TA	Y	SBrkr	1287	0	0	1287	1	0	1	1	2	1	TA	5	Typ	2	Fa	Attchd	1977	RFn	2	541	TA	TA	Y	302	39	0	0	120	0	NA	GdWo	NA	0	11	2009	WD 	Normal	173000
953	0914476020	090	RL	75	10125	Pave	NA	Reg	Lvl	AllPub	Inside	Gtl	Mitchel	Norm	Norm	Duplex	1.5Fin	5	5	1977	1977	Gable	CompShg	Plywood	Plywood	None	0	TA	TA	CBlock	NA	NA	NA	NA	0	NA	0	0	0	GasA	TA	Y	SBrkr	1302	432	0	1734	0	0	2	0	4	2	Gd	8	Typ	0	NA	Attchd	1977	Unf	2	539	TA	TA	Y	0	0	0	0	0	0	NA	NA	NA	0	8	2009	COD	Normal	126000
954	0914476380	080	RL		9947	Pave	NA	IR1	Lvl	AllPub	CulDSac	Gtl	Mitchel	Norm	Norm	1Fam	SLvl	7	5	1990	1991	Gable	CompShg	HdBoard	HdBoard	None	0	TA	TA	PConc	Gd	TA	Av	GLQ	611	Unf	0	577	1188	GasA	Ex	Y	SBrkr	1217	0	0	1217	1	0	2	0	3	1	Gd	6	Typ	0	NA	Attchd	1990	Unf	2	497	TA	TA	Y	168	27	0	0	0	0	NA	GdPrv	NA	0	6	2009	WD 	Normal	173000
955	0914476430	020	RL	82	11070	Pave	NA	Reg	Lvl	AllPub	Inside	Gtl	Mitchel	Norm	Norm	1Fam	1Story	5	5	1991	1991	Gable	CompShg	HdBoard	HdBoard	None	0	TA	TA	PConc	Gd	TA	No	BLQ	55	Unf	0	1527	1582	GasA	TA	Y	SBrkr	1595	0	0	1595	1	0	2	0	2	1	TA	5	Typ	0	NA	Detchd	1991	Unf	2	672	TA	TA	Y	0	0	0	0	0	0	NA	NA	NA	0	4	2009	COD	Abnorml	152000
956	0916176030	020	RL		14375	Pave	NA	IR1	Lvl	NoSeWa	CulDSac	Gtl	Timber	Norm	Norm	1Fam	SLvl	6	6	1958	1958	Gable	CompShg	HdBoard	HdBoard	BrkFace	541	TA	TA	CBlock	TA	TA	No	GLQ	111	Rec	354	354	819	GasA	Gd	Y	FuseA	1344	0	0	1344	0	1	1	0	3	1	Gd	7	Typ	1	Gd	Basment	1958	RFn	2	525	TA	TA	Y	0	118	0	0	233	0	NA	NA	NA	0	1	2009	COD	Abnorml	137500
957	0916176125	020	RL	150	215245	Pave	NA	IR3	Low	AllPub	Inside	Sev	Timber	Norm	Norm	1Fam	1Story	7	5	1965	1965	Hip	CompShg	BrkFace	BrkFace	None	0	TA	TA	CBlock	Gd	TA	Gd	ALQ	1236	Rec	820	80	2136	GasW	TA	Y	SBrkr	2036	0	0	2036	2	0	2	0	3	1	TA	8	Typ	2	Gd	Attchd	1965	RFn	2	513	TA	TA	Y	0	0	0	0	0	0	NA	NA	NA	0	6	2009	WD 	Normal	375000
958	0916380070	020	RL	89	12898	Pave	NA	IR1	HLS	AllPub	Inside	Gtl	Timber	Norm	Norm	1Fam	1Story	9	5	2007	2008	Hip	CompShg	VinylSd	VinylSd	Stone	70	Gd	TA	PConc	Ex	TA	Gd	GLQ	1022	Unf	0	598	1620	GasA	Ex	Y	SBrkr	1620	0	0	1620	1	0	2	0	2	1	Ex	6	Typ	1	Ex	Attchd	2008	Fin	3	912	TA	TA	Y	228	0	0	0	0	0	NA	NA	NA	0	9	2009	WD 	Normal	315500
959	0916382010	060	RL	83	13159	Pave	NA	IR1	HLS	AllPub	Corner	Gtl	Timber	Norm	Norm	1Fam	2Story	7	5	2009	2009	Gable	CompShg	VinylSd	VinylSd	None	0	TA	TA	PConc	Ex	TA	Av	Unf	0	Unf	0	846	846	GasA	Gd	Y	SBrkr	846	846	0	1692	0	0	2	1	3	1	Gd	6	Typ	0	NA	Attchd	2009	RFn	2	650	TA	TA	Y	208	114	0	0	0	0	NA	NA	NA	0	7	2009	New	Partial	224500
960	0916382100	020	RL	113	13438	Pave	NA	IR1	HLS	AllPub	Corner	Gtl	Timber	Norm	Norm	1Fam	1Story	9	5	2008	2008	Gable	CompShg	CemntBd	CmentBd	Stone	246	Ex	TA	CBlock	Ex	TA	Gd	GLQ	1758	Unf	0	432	2190	GasA	Ex	Y	SBrkr	2036	0	0	2036	1	0	2	0	3	1	Ex	9	Typ	1	Ex	Attchd	2008	Fin	3	780	TA	TA	Y	90	154	0	0	0	0	NA	NA	NA	0	7	2009	WD 	Normal	410000
961	0916382110	020	RL	79	14463	Pave	NA	IR1	HLS	AllPub	Corner	Gtl	Timber	Norm	Norm	1Fam	1Story	9	5	2008	2008	Gable	CompShg	CemntBd	CmentBd	BrkFace	406	Ex	TA	PConc	Ex	TA	Gd	GLQ	1115	Unf	0	526	1641	GasA	Ex	Y	SBrkr	1641	0	0	1641	1	0	2	0	3	1	Ex	7	Typ	0	NA	Attchd	2008	Fin	3	885	TA	TA	Y	0	95	0	0	0	0	NA	NA	NA	0	1	2009	WD 	Normal	316500
962	0916386140	020	RL	73	8925	Pave	NA	IR1	HLS	AllPub	Inside	Gtl	Timber	Norm	Norm	1Fam	1Story	8	5	2007	2007	Gable	CompShg	VinylSd	VinylSd	None	0	Gd	TA	PConc	Gd	TA	Av	GLQ	16	Unf	0	1450	1466	GasA	Ex	Y	SBrkr	1466	0	0	1466	0	0	2	0	3	1	Gd	7	Typ	0	NA	Attchd	2007	Fin	3	610	TA	TA	Y	100	18	0	0	0	0	NA	NA	NA	0	7	2009	WD 	Normal	201000
963	0916403010	020	RL	130	11457	Pave	NA	IR1	Lvl	AllPub	Corner	Gtl	Timber	Norm	Norm	1Fam	1Story	6	5	1988	1988	Gable	CompShg	HdBoard	HdBoard	None	0	TA	TA	CBlock	Gd	TA	Mn	GLQ	1005	Unf	0	387	1392	GasA	TA	Y	SBrkr	1412	0	0	1412	1	0	2	0	3	1	Gd	6	Typ	1	TA	Attchd	1988	Unf	2	576	TA	TA	Y	0	0	169	0	0	0	NA	NA	NA	0	3	2009	WD 	Normal	175000
964	0916403200	060	RL		9839	Pave	NA	IR1	Lvl	AllPub	CulDSac	Gtl	Timber	Norm	Norm	1Fam	2Story	6	8	1980	2006	Gable	CompShg	MetalSd	MetalSd	None	0	TA	Gd	PConc	Gd	TA	No	ALQ	462	Unf	0	250	712	GasA	Ex	Y	SBrkr	1375	862	0	2237	0	0	2	1	3	1	Gd	7	Typ	1	TA	BuiltIn	1980	Fin	2	440	TA	TA	Y	305	24	0	0	0	0	NA	NA	Shed	2500	2	2009	WD 	Normal	204000
965	0916403250	080	RL	125	14419	Pave	NA	IR1	Lvl	AllPub	Corner	Gtl	Timber	Norm	Norm	1Fam	SLvl	7	5	1987	1989	Hip	CompShg	Plywood	Plywood	BrkFace	310	TA	TA	PConc	Gd	TA	Gd	GLQ	904	ALQ	624	117	1645	GasA	Ex	Y	SBrkr	1479	0	0	1479	2	0	2	1	3	1	Gd	7	Min1	1	Fa	Attchd	1987	Fin	2	578	TA	TA	Y	224	238	0	0	0	0	NA	NA	NA	0	7	2009	WD 	Normal	213500
966	0916455070	020	RL		6853	Pave	NA	IR1	Lvl	AllPub	Inside	Gtl	Timber	Norm	Norm	1Fam	1Story	8	5	2001	2002	Gable	CompShg	VinylSd	VinylSd	BrkFace	136	Gd	TA	PConc	Ex	TA	No	GLQ	1005	Unf	0	262	1267	GasA	Ex	Y	SBrkr	1296	0	0	1296	1	0	2	0	2	1	Gd	6	Typ	0	NA	Attchd	2001	Fin	2	471	TA	TA	Y	192	25	0	0	0	0	NA	NA	NA	0	6	2009	WD 	Normal	220000
967	0916460110	060	RL	75	9157	Pave	NA	IR1	Lvl	AllPub	Corner	Gtl	Timber	Norm	Norm	1Fam	2Story	7	5	2003	2003	Gable	CompShg	VinylSd	VinylSd	None	0	Gd	TA	PConc	Gd	TA	No	Unf	0	Unf	0	912	912	GasA	Ex	Y	SBrkr	1072	942	0	2014	0	0	2	1	3	1	Gd	9	Typ	0	NA	Attchd	2003	Fin	2	486	TA	TA	Y	124	114	0	0	0	0	NA	NA	NA	0	2	2009	WD 	Abnorml	170000
968	0916475040	020	RL	85	14601	Pave	NA	Reg	Lvl	AllPub	Inside	Gtl	Timber	Norm	Norm	1Fam	1Story	9	5	2006	2006	Hip	CompShg	VinylSd	VinylSd	BrkFace	584	Ex	TA	PConc	Ex	TA	Av	GLQ	1260	Unf	0	578	1838	GasA	Ex	Y	SBrkr	1838	0	0	1838	1	0	2	0	2	1	Ex	8	Typ	1	Gd	Attchd	2006	Fin	3	765	TA	TA	Y	270	68	0	0	0	0	NA	NA	NA	0	3	2009	WD 	Normal	315000
969	0921128050	020	RL	85	12633	Pave	NA	IR1	HLS	AllPub	Inside	Gtl	Timber	Norm	Norm	1Fam	1Story	9	5	2007	2007	Hip	CompShg	CemntBd	CmentBd	Stone	290	Ex	TA	PConc	Ex	TA	Gd	GLQ	1640	Unf	0	338	1978	GasA	Ex	Y	SBrkr	1978	0	0	1978	1	0	2	0	2	1	Ex	7	Typ	1	Gd	Attchd	2007	Fin	3	920	TA	TA	Y	308	52	0	0	0	0	NA	NA	NA	0	5	2009	WD 	Normal	425000
970	0923201100	020	RL	75	12518	Pave	NA	IR1	Lvl	AllPub	Inside	Gtl	Mitchel	Norm	Norm	1Fam	1Story	5	7	1968	1968	Gable	CompShg	HdBoard	HdBoard	BrkFace	182	TA	TA	CBlock	TA	TA	No	ALQ	532	Unf	0	476	1008	GasA	Gd	Y	SBrkr	1008	0	0	1008	0	0	1	0	3	1	Gd	6	Typ	0	NA	Attchd	1968	Unf	1	384	TA	TA	Y	144	0	0	0	0	0	NA	MnPrv	NA	0	4	2009	WD 	Normal	139500
971	0923202060	020	RL	100	21750	Pave	NA	Reg	Lvl	AllPub	Inside	Gtl	Mitchel	Norm	Norm	1Fam	1Story	5	4	1960	2006	Hip	CompShg	HdBoard	HdBoard	BrkFace	75	TA	Fa	Slab	NA	NA	NA	NA	0	NA	0	0	0	GasA	TA	Y	SBrkr	1771	0	0	1771	0	0	1	0	3	1	TA	9	Min1	1	TA	Attchd	1960	Unf	2	336	TA	TA	Y	0	0	0	0	0	0	NA	GdPrv	NA	0	11	2009	WD 	Normal	115000
972	0923203110	120	RM	32	4500	Pave	NA	Reg	Lvl	AllPub	FR2	Gtl	Mitchel	Norm	Norm	TwnhsE	1Story	6	5	1998	1998	Hip	CompShg	VinylSd	VinylSd	BrkFace	320	TA	TA	PConc	Ex	TA	No	GLQ	866	Unf	0	338	1204	GasA	Ex	Y	SBrkr	1204	0	0	1204	1	0	2	0	2	1	TA	5	Typ	0	NA	Attchd	1998	Fin	2	412	TA	TA	Y	0	247	0	0	0	0	NA	NA	NA	0	6	2009	WD 	Normal	162000
973	0923203190	120	RM		4500	Pave	NA	Reg	Lvl	AllPub	FR2	Gtl	Mitchel	Norm	Norm	TwnhsE	1Story	6	5	1999	1999	Hip	CompShg	VinylSd	VinylSd	BrkFace	425	TA	TA	PConc	Ex	TA	No	GLQ	883	Unf	0	341	1224	GasA	Ex	Y	SBrkr	1224	0	0	1224	1	0	2	0	2	1	TA	5	Typ	0	NA	Attchd	1999	Fin	2	402	TA	TA	Y	0	304	0	0	0	0	NA	NA	NA	0	6	2009	WD 	Normal	165000
974	0923225360	180	RM	21	1596	Pave	NA	Reg	Lvl	AllPub	Inside	Gtl	MeadowV	Norm	Norm	Twnhs	SLvl	4	5	1973	1973	Gable	CompShg	CemntBd	CmentBd	None	0	TA	TA	CBlock	Gd	TA	Gd	GLQ	462	Unf	0	0	462	GasA	TA	Y	SBrkr	526	462	0	988	1	0	1	0	2	1	TA	5	Typ	0	NA	BuiltIn	1973	Unf	1	297	TA	TA	Y	120	101	0	0	0	0	NA	GdWo	NA	0	11	2009	WD 	Normal	91000
975	0923225490	020	RL	62	9858	Pave	NA	Reg	Lvl	AllPub	Inside	Gtl	Mitchel	Norm	Norm	1Fam	1Story	5	6	1968	1968	Gable	CompShg	HdBoard	HdBoard	None	0	TA	TA	CBlock	TA	TA	No	BLQ	510	Unf	0	354	864	GasA	TA	Y	SBrkr	874	0	0	874	1	0	1	0	3	1	TA	5	Typ	0	NA	Attchd	1968	RFn	1	288	TA	TA	Y	33	0	0	0	0	0	NA	GdWo	Shed	600	11	2009	WD 	Normal	130000
976	0923226270	180	RM	21	1526	Pave	NA	Reg	Lvl	AllPub	Inside	Gtl	MeadowV	Norm	Norm	Twnhs	SFoyer	4	8	1970	2002	Gable	CompShg	CemntBd	CmentBd	None	0	TA	Gd	CBlock	Gd	TA	Av	GLQ	515	Unf	0	115	630	GasA	TA	Y	SBrkr	630	0	0	630	1	0	1	0	1	1	Gd	3	Typ	0	NA	Attchd	1970	Unf	1	286	TA	TA	Y	0	0	0	0	0	0	NA	NA	NA	0	5	2009	WD 	Normal	86000
977	0923227080	020	RL	83	13383	Pave	NA	IR1	Lvl	AllPub	Inside	Mod	Mitchel	Norm	Norm	1Fam	1Story	5	5	1969	2000	Hip	CompShg	HdBoard	HdBoard	BrkFace	176	TA	TA	CBlock	TA	TA	No	BLQ	594	Unf	0	594	1188	GasA	Ex	Y	SBrkr	1404	0	0	1404	0	0	2	0	3	1	TA	7	Typ	1	Po	Attchd	1969	Unf	2	504	TA	TA	Y	0	16	0	0	0	0	NA	NA	NA	0	3	2009	WD 	Normal	160000
978	0923228110	180	RM	21	1477	Pave	NA	Reg	Lvl	AllPub	Inside	Gtl	MeadowV	Norm	Norm	TwnhsE	SFoyer	4	4	1970	1970	Gable	CompShg	CemntBd	CmentBd	None	0	TA	TA	CBlock	Gd	TA	Av	GLQ	509	Unf	0	121	630	GasA	TA	Y	SBrkr	630	0	0	630	1	0	1	0	1	1	TA	3	Typ	0	NA	Attchd	1970	Unf	1	286	TA	TA	Y	0	0	0	0	0	0	NA	NA	NA	0	4	2009	WD 	Normal	80000
979	0923228150	160	RM	21	1533	Pave	NA	Reg	Lvl	AllPub	Inside	Gtl	MeadowV	Norm	Norm	Twnhs	2Story	4	6	1970	2008	Gable	CompShg	CemntBd	CmentBd	None	0	TA	TA	CBlock	TA	TA	No	Unf	0	Unf	0	546	546	GasA	TA	Y	SBrkr	798	546	0	1344	0	0	1	1	3	1	TA	6	Typ	1	TA	NA		NA	0	0	NA	NA	Y	0	0	0	0	0	0	NA	NA	NA	0	5	2009	WD 	Normal	97000
980	0923228230	160	RM	21	2217	Pave	NA	Reg	Lvl	AllPub	Inside	Gtl	MeadowV	Norm	Norm	TwnhsE	2Story	4	4	1970	1970	Gable	CompShg	CemntBd	CmentBd	None	0	TA	TA	CBlock	TA	TA	No	BLQ	273	LwQ	273	0	546	GasA	TA	Y	SBrkr	546	546	0	1092	0	0	1	1	3	1	TA	6	Typ	0	NA	Attchd	1970	RFn	1	286	TA	TA	Y	238	0	0	0	0	0	NA	NA	NA	0	8	2009	WD 	Normal	88000
981	0923230200	085	RL	50	7689	Pave	NA	IR1	Lvl	AllPub	Inside	Gtl	Mitchel	Norm	Norm	1Fam	SFoyer	5	8	1972	1972	Gable	CompShg	MetalSd	MetalSd	None	0	TA	TA	CBlock	Gd	TA	Av	GLQ	720	BLQ	76	0	796	GasA	Gd	Y	SBrkr	796	0	0	796	0	1	1	0	2	1	TA	4	Typ	0	NA	Detchd	1998	Unf	1	336	TA	TA	Y	138	0	0	0	0	0	NA	MnPrv	NA	0	7	2009	WD 	Normal	131900
982	0923252075	080	RL	62	7706	Pave	NA	Reg	Lvl	AllPub	Inside	Gtl	Mitchel	Norm	Norm	1Fam	SLvl	6	5	1993	1996	Gable	CompShg	HdBoard	HdBoard	None	0	TA	Gd	CBlock	Gd	TA	Av	Rec	114	GLQ	270	0	384	GasA	Ex	Y	SBrkr	1091	0	0	1091	0	1	1	0	2	1	TA	5	Typ	0	NA	Attchd	1993	Fin	1	429	TA	TA	Y	280	0	0	0	0	0	NA	NA	Shed	700	8	2009	WD 	Normal	131250
983	0923275040	085	RL		9101	Pave	NA	IR1	Lvl	AllPub	Corner	Gtl	Mitchel	Norm	Norm	1Fam	SFoyer	5	6	1978	1978	Gable	CompShg	Plywood	Plywood	BrkFace	104	TA	Gd	PConc	Gd	TA	Av	GLQ	1097	Unf	0	0	1097	GasA	Ex	Y	SBrkr	1110	0	0	1110	1	0	1	0	1	1	Gd	4	Typ	1	TA	Attchd	1978	Fin	2	602	TA	TA	Y	303	30	0	0	0	0	NA	NA	NA	0	7	2009	WD 	Normal	165500
984	0923275140	020	RL		8780	Pave	NA	IR1	Lvl	AllPub	Corner	Gtl	Mitchel	Norm	Norm	1Fam	1Story	5	5	1985	1985	Gable	CompShg	HdBoard	Plywood	None	0	TA	TA	CBlock	TA	TA	No	ALQ	625	Unf	0	208	833	GasA	Ex	Y	SBrkr	833	0	0	833	1	0	1	0	3	1	TA	5	Typ	0	NA	NA		NA	0	0	NA	NA	Y	0	0	0	0	0	0	NA	MnPrv	NA	0	3	2009	WD 	Normal	112000
985	0923276260	085	RL	70	7669	Pave	NA	Reg	Lvl	AllPub	Inside	Gtl	Mitchel	Norm	Norm	1Fam	SFoyer	5	6	1992	1993	Gable	CompShg	HdBoard	Wd Shng	None	0	TA	TA	PConc	Gd	TA	Av	GLQ	718	LwQ	110	0	828	GasA	TA	Y	SBrkr	883	0	0	883	1	0	1	0	2	1	TA	5	Typ	1	Fa	Detchd	1998	Unf	2	698	TA	TA	Y	100	32	0	0	0	0	NA	GdPrv	NA	0	6	2009	WD 	Normal	149000
986	0923400025	050	RL	85	14115	Pave	NA	IR1	Lvl	AllPub	Inside	Gtl	Mitchel	Norm	Norm	1Fam	1.5Fin	5	5	1993	1995	Gable	CompShg	VinylSd	VinylSd	None	0	TA	TA	Wood	Gd	TA	No	GLQ	732	Unf	0	64	796	GasA	Ex	Y	SBrkr	796	566	0	1362	1	0	1	1	1	1	TA	5	Typ	0	NA	Attchd	1993	Unf	2	480	TA	TA	Y	40	30	0	320	0	0	NA	MnPrv	Shed	700	10	2009	WD 	Normal	143000
987	0923400110	060	RL	62	10429	Pave	NA	Reg	Lvl	AllPub	Inside	Gtl	Mitchel	Norm	Norm	1Fam	2Story	5	5	1992	1992	Gable	CompShg	HdBoard	Wd Shng	None	0	TA	TA	PConc	Gd	TA	No	ALQ	330	Unf	0	294	624	GasA	TA	Y	SBrkr	624	663	0	1287	0	0	1	1	3	1	TA	6	Typ	0	NA	Detchd	2001	Unf	2	440	TA	TA	Y	150	0	0	0	0	0	NA	NA	NA	0	7	2009	WD 	Normal	130000
988	0924100040	020	RL		9819	Pave	NA	IR1	Lvl	AllPub	Inside	Mod	Mitchel	Norm	Norm	1Fam	1Story	6	5	1977	1977	Gable	CompShg	Plywood	ImStucc	None	0	TA	TA	PConc	TA	TA	Gd	ALQ	1567	Unf	0	0	1567	GasA	TA	Y	SBrkr	1567	0	0	1567	1	0	2	0	2	1	Gd	5	Typ	2	TA	Attchd	1977	RFn	2	714	TA	TA	Y	264	32	0	0	0	0	NA	NA	NA	0	5	2009	WD 	Normal	196000
989	0924100060	060	RL	70	10457	Pave	NA	IR1	Lvl	AllPub	Inside	Mod	Mitchel	Norm	Norm	1Fam	2Story	5	7	1969	1969	Gable	CompShg	VinylSd	VinylSd	BrkFace	178	Gd	Ex	CBlock	TA	TA	Gd	BLQ	496	LwQ	288	0	784	GasA	Ex	Y	SBrkr	784	848	0	1632	0	0	1	1	4	1	TA	7	Typ	1	TA	Attchd	1969	RFn	2	898	TA	TA	Y	0	173	368	0	0	0	NA	MnPrv	NA	0	4	2009	WD 	Normal	173000
